20251031,151193,856166.6038499204,6485278.91174581,434.15,False
20251031,94193,838384.3870826814,6485039.631644072,162.84,False
20251031,187210,851929.2867642671,6485358.270730756,423.52,False
20251031,94313,837016.1502123065,6485039.954643902,160.33,False
20251031,94192,838641.4076711189,6485199.681993777,179.19,False
20251031,131909,871476.1696321347,6486210.017014207,564.14,False
20251031,24831,871475.3125440162,6486240.853492493,559.14,False
20251031,184030,841869.2836919619,6485550.761916691,257.35,False
20251031,112513,815495.5225599178,6485031.590745664,477.50,False
20251031,7498,810436.0623380493,6485031.527065498,522.62,False
20251031,187360,808026.0203340764,6485019.717979412,526.50,False
20251031,114425,810044.2332964827,6485086.233436691,521.44,False
20251031,191506,819074.2066863858,6485253.8821577085,592.52,False
20251031,94145,837046.5488870966,6485626.893648802,175.28,False
20251031,73378,809218.8219841756,6485102.42160669,516.91,False
20251031,27645,808544.2796959756,6485183.078439891,510.97,False
20251031,177045,817870.8013739288,6485385.814151466,425.49,False
20251031,49393,838215.1649836537,6485807.242019502,155.30,False
20251031,193441,807870.2955060927,6485232.96534365,542.13,False
20251031,182567,817551.2317325448,6485409.803968253,423.72,False
20251031,56765,808134.6622918824,6485331.25345734,529.23,False
20251031,73258,810494.5557467171,6485402.814019722,519.81,False
20251031,106906,816071.7513280351,6485566.918116092,404.52,False
20251031,115256,819392.6401809771,6485630.2851637965,589.19,False
20251031,179548,808582.2650477103,6485492.27817661,523.30,False
20251031,187998,809233.4303240364,6485503.771806784,504.62,False
20251031,173652,817655.055679198,6485658.6146164,417.08,False
20251031,150861,859694.4759241706,6486603.557439154,372.47,False
20251031,53197,813834.3941372326,6485617.79526104,556.29,False
20251031,127604,808581.1794720035,6485553.965341903,523.85,False
20251031,179544,808710.324444558,6485617.945684815,521.72,False
20251031,88368,809687.0520081164,6485635.232171042,502.81,False
20251031,73384,808753.1909607219,6485649.5542529095,526.66,False
20251031,108290,859712.1855471671,6486758.309372227,367.86,False
20251031,166916,807926.2578960294,6485696.5232811505,521.09,False
20251031,103148,811139.61895143,6485753.786359449,528.42,False
20251031,134536,807797.7935591938,6485719.6671605855,512.87,False
20251031,59971,808425.4480546373,6485767.198543362,519.38,False
20251031,38560,838332.9437873157,6486365.291643287,173.31,False
20251031,22426,859860.0972364193,6486916.434127931,403.80,False
20251031,173915,807077.6214213572,6485867.071811947,495.47,False
20251031,169708,809595.3009052856,6485911.280683435,499.20,False
20251031,156189,818387.4853150548,6486070.548009786,457.40,False
20251031,132616,809853.1062121532,6485951.972916146,545.69,False
20251031,98572,809702.7243059974,6485974.896268658,519.59,False
20251031,94541,817948.9005306913,6486188.742713079,399.91,False
20251031,90266,807747.7580003385,6486033.00384464,504.20,False
20251031,79449,808095.015864962,6486039.078257261,488.99,False
20251031,176795,813108.5125737076,6486128.955728915,651.18,False
20251031,161047,838565.4361403341,6486648.214312481,172.28,False
20251031,34304,840821.6749540541,6486730.162463457,343.54,False
20251031,77681,807811.7908962636,6486095.82856291,514.29,False
20251031,170123,817575.2,6486275.0,416.95,False
20251031,162211,866273.387940557,6487456.283509908,503.23,False
20251031,192991,808331.0474787867,6486197.483653585,506.59,False
20251031,16472,819029.0001745393,6486486.255358873,433.89,False
20251031,4799,820092.0945769816,6486507.77694367,401.38,False
20251031,185883,816987.5298841721,6486509.830529029,437.91,False
20251031,16810,817008.6468389101,6486541.084888942,430.19,False
20251031,19710,811168.5771662387,6486556.494976365,561.40,False
20251031,174948,818049.3789907919,6486776.5937529635,402.99,False
20251031,94543,818133.0060941792,6486778.490917941,399.90,False
20251031,121682,817459.539934634,6486795.092547431,397.14,False
20251031,94252,840006.1302956133,6487267.01221304,189.57,False
20251031,57170,814463.7987386049,6486801.878168233,618.84,False
20251031,184203,809016.2782282729,6486734.057278989,564.89,False
20251031,183708,809558.6889101616,6486743.546408059,629.86,False
20251031,185124,809470.9076235685,6486803.814571252,608.07,False
20251031,134099,820104.1883785711,6487001.679013407,417.79,False
20251031,60872,863436.2066922797,6487997.638296621,430.47,False
20251031,165064,811878.5820752467,6486908.717632067,526.68,False
20251031,186510,819951.0873052641,6487060.408281447,408.75,False
20251031,136455,810614.0,6486949.2,537.22,False
20251031,166917,807840.6391287713,6486929.364611763,545.16,False
20251031,136457,810618.288768967,6486978.548920028,537.22,False
20251031,136456,810617.0057742492,6487009.406035205,537.22,False
20251031,98901,840237.1092134955,6487611.678268593,185.73,False
20251031,4776,809362.776816578,6487007.290726631,589.43,False
20251031,154476,846745.718274417,6487793.952440015,383.89,False
20251031,85035,815672.6860358863,6487163.818881843,464.54,False
20251031,189666,818644.93118559,6487251.125705748,392.16,False
20251031,91195,818775.1272114689,6487253.631327154,389.30,False
20251031,105002,850215.7818454065,6487939.204352246,423.73,False
20251031,27711,818340.5485322623,6487276.132564564,402.25,False
20251031,120277,814564.283546412,6487235.6942399945,579.34,False
20251031,126247,817818.5877795356,6487327.848597827,396.74,False
20251031,111624,843140.3410140668,6487863.510081382,223.54,False
20251031,77602,819500.6639342043,6487388.5655745845,434.60,False
20251031,157289,819531.6034576641,6487422.555616609,437.60,False
20251031,154713,868566.4707203291,6488567.758391821,525.16,False
20251031,138647,807750.06624947,6487296.447979831,550.70,False
20251031,49098,819138.6540470292,6487538.328369966,386.00,False
20251031,128766,844568.0141910084,6488081.949252712,385.90,False
20251031,148263,844611.4070261176,6488082.9665413,391.20,False
20251031,77598,813670.0599630128,6487465.9790339125,573.21,False
20251031,9727,817942.5700844467,6487545.469068609,400.09,False
20251031,131421,808743.9014059675,6487408.017861766,561.72,False
20251031,62920,857367.0072305318,6488456.964937325,366.26,False
20251031,18819,812170.3879873068,6487527.671317187,522.75,False
20251031,24665,807505.4554554871,6487478.867638236,596.31,False
20251031,170858,818722.7615330357,6487687.271705506,371.95,False
20251031,98907,839183.7679337795,6488112.3737090845,175.78,False
20251031,30702,841374.3797036491,6488193.055508688,316.53,False
20251031,28624,841503.8482495602,6488226.8810454,322.65,False
20251031,23214,867664.409442143,6489006.063224032,518.74,False
20251031,77684,811688.209229201,6487830.824000453,531.99,False
20251031,187550,812707.993766,6487849.419160477,528.67,False
20251031,98900,841260.2483391196,6488437.291289311,157.52,False
20251031,93914,859916.6193235628,6488923.713063676,374.18,False
20251031,99162,812069.5,6487895.7,527.60,False
20251031,193055,819931.2955696747,6488078.2093352135,377.47,False
20251031,154317,810123.2591864008,6487956.994128369,562.22,False
20251031,103672,807907.0,6487947.4,474.83,False
20251031,103673,807931.3297828253,6487949.099913017,475.63,False
20251031,99530,821621.7881324533,6488203.876506393,412.23,False
20251031,98899,841668.2054730752,6488631.787555322,167.18,False
20251031,63274,859955.2067419933,6489109.865700588,391.51,False
20251031,103953,838542.1030608542,6488653.335432163,392.21,False
20251031,118341,808211.2245623476,6488077.416335945,495.02,False
20251031,47672,808254.617430249,6488078.17782938,489.12,False
20251031,36392,860234.8090400515,6489209.7007741155,373.99,False
20251031,146963,873944.0314477368,6489581.187241509,556.24,False
20251031,108944,817019.2787159609,6488269.101699228,505.89,False
20251031,178698,819557.6727660244,6488317.787811012,356.63,False
20251031,91417,840211.1650894093,6488752.7697236445,168.76,False
20251031,12314,817277.8682071095,6488366.575104465,469.79,False
20251031,162981,821399.3640106982,6488477.182408869,366.13,False
20251031,174923,819749.9386085862,6488475.788378153,362.06,False
20251031,16160,824240.7784748594,6488564.624677912,495.68,False
20251031,178437,818207.8139517372,6488538.598910265,396.10,False
20251031,189809,813106.0990245808,6488628.042969875,557.91,False
20251031,174149,816360.2578673299,6488688.585014326,543.13,False
20251031,96358,821263.1290526451,6488783.044252053,346.39,False
20251031,167333,820980.5024718273,6488808.347402864,338.93,False
20251031,171158,822540.6181507467,6488931.714197065,403.84,False
20251031,138291,828571.3321305475,6489054.503067553,611.12,False
20251031,152782,864903.836832283,6489949.980515082,490.69,False
20251031,91234,842735.0803988713,6489427.800998022,176.93,False
20251031,2966,871670.1100890681,6490165.523663211,471.53,False
20251031,107286,871887.0008793056,6490171.566567767,477.57,False
20251031,157749,809998.8201165284,6488849.515016024,617.08,False
20251031,145856,811277.6340381139,6488934.164834685,645.56,False
20251031,177599,819086.578786968,6489110.877145948,412.59,False
20251031,146687,865698.0720973808,6490279.867630163,472.62,False
20251031,191869,842943.4175226823,6489802.905312698,180.60,False
20251031,122756,875411.7621500568,6490641.170667169,543.36,False
20251031,121273,875301.5713885697,6490699.757775736,542.14,False
20251031,11319,849186.4372228583,6490105.087331181,305.06,False
20251031,181959,823804.4266450506,6489759.172833623,377.71,False
20251031,98905,843519.7240580774,6490217.428324481,163.48,False
20251031,65783,859933.6982895244,6490775.6726583345,315.98,False
20251031,120954,866998.2,6490962.1,381.79,False
20251031,103271,843645.54617278,6490405.497979799,186.97,False
20251031,91416,842517.0421041731,6490410.164303194,172.21,False
20251031,161725,868583.255029772,6491129.578297516,438.53,False
20251031,93942,844399.5772493787,6490639.109173144,177.21,False
20251031,27387,813079.5121020965,6490077.665290581,682.50,False
20251031,101367,813100.6357129142,6490108.906123999,686.00,False
20251031,69003,867145.3052428847,6491337.298021591,406.51,False
20251031,5377,844352.5917529732,6490792.292053572,169.63,False
20251031,126884,826241.5516338588,6490487.392366305,456.11,False
20251031,122360,859524.9773942942,6491474.828666847,424.27,False
20251031,181395,811096.3223740507,6490566.1156666465,687.45,False
20251031,49061,821939.9851420266,6490771.062163512,375.10,False
20251031,111950,821700.8196356066,6490797.190312375,387.52,False
20251031,4027,808122.3926682647,6490667.5064653,677.78,False
20251031,103403,847999.8784342612,6491619.344274577,357.36,False
20251031,42307,844985.0629063467,6491578.55175565,168.55,False
20251031,53984,844918.5604266175,6491638.701264475,168.75,False
20251031,24661,871414.8744338567,6492318.630577181,477.66,False
20251031,176190,824100.6017431824,6491215.285095343,351.11,False
20251031,98393,855774.9525728329,6492181.229490315,271.06,False
20251031,91415,844369.238733995,6491934.376998464,172.92,False
20251031,174616,847101.2657167459,6491998.973940246,371.56,False
20251031,145100,852889.6998385435,6492170.698446261,244.21,False
20251031,91391,822966.1911589161,6491531.948904859,306.44,False
20251031,180013,845428.0587668809,6492113.551932073,171.47,False
20251031,191593,845251.1435025951,6492136.51042725,170.31,False
20251031,120950,845352.4509511938,6492221.985170746,166.30,False
20251031,164720,824804.3537970928,6491815.727978683,342.90,False
20251031,177665,845856.5943282638,6492339.67556705,189.21,False
20251031,188984,861596.8279257835,6492732.287035154,346.32,False
20251031,168163,841994.4273532949,6492372.911682279,405.76,False
20251031,74501,823388.7627385977,6492095.770852313,329.62,False
20251031,144954,835920.8680535434,6492359.400001282,543.76,False
20251031,47915,820916.3656952233,6492077.625537319,537.12,False
20251031,160675,859096.4428137781,6492944.957667879,395.07,False
20251031,133026,823105.0446551447,6492182.660395475,338.44,False
20251031,167480,848232.6407252672,6492766.648598631,301.37,False
20251031,170596,830453.8456279882,6492395.534403781,444.81,False
20251031,13116,824623.9030669477,6492307.874750492,324.08,False
20251031,120949,849616.4,6492958.7,195.14,False
20251031,61816,862580.2777025389,6493282.753147222,407.97,False
20251031,11791,846139.9289961159,6492934.797592895,194.92,False
20251031,138294,823359.6725635749,6492465.440105935,372.72,False
20251031,10800,817396.753585728,6492379.827533508,791.22,False
20251031,94191,846360.1024192864,6493061.318699973,184.31,False
20251031,149789,865978.7344862944,6493558.507947246,505.74,False
20251031,191388,825742.0561175006,6492637.003933591,272.69,False
20251031,184016,846227.1580971872,6493215.162921149,192.17,False
20251031,190158,846330.3679406779,6493400.037353794,191.38,False
20251031,41834,844703.8103434748,6493392.48385166,316.24,False
20251031,18540,846763.8,6493439.7,276.10,False
20251031,42172,870216.3424600556,6494075.287016962,547.59,False
20251031,94194,825885.6286302198,6493041.043842292,269.47,False
20251031,186282,824649.3007567199,6493046.767281499,340.32,False
20251031,59305,825780.4,6493064.2,262.16,False
20251031,65390,825863.3197474059,6493071.4426945485,301.27,False
20251031,114639,824670.355769132,6493078.047597226,345.72,False
20251031,4552,845630.8494337336,6493630.319674702,174.37,False
20251031,8422,849922.8401641125,6493733.251194668,248.44,False
20251031,3872,847429.2881286127,6493703.943068536,276.60,False
20251031,70531,849857.6812669258,6493794.113511388,243.16,False
20251031,172544,874305.9639842141,6494436.507118782,521.84,False
20251031,94196,826356.8740509476,6493328.379360358,257.78,False
20251031,13075,847513.7798078484,6493798.535958977,303.57,False
20251031,73900,875713.0147879974,6494538.196077641,558.70,False
20251031,94189,846407.5529082274,6493803.009039367,170.02,False
20251031,74230,846016.648525596,6493824.590111168,156.32,False
20251031,187856,813955.1206263831,6493179.127154808,699.60,False
20251031,87542,846667.1327805253,6493870.553943199,191.70,False
20251031,95250,875818.743393071,6494633.794271885,535.22,False
20251031,45438,846491.1,6493904.4,189.13,False
20251031,172284,846687.142064632,6493902.229021292,230.29,False
20251031,163713,853861.0085518514,6494108.048129561,372.50,False
20251031,91227,826960.0437605309,6493525.904574239,262.47,False
20251031,91414,845424.8391047138,6494088.304368521,177.91,False
20251031,167973,847938.4200958422,6494179.000091328,309.98,False
20251031,99557,809917.3960941673,6493414.314983901,892.85,False
20251031,24029,826542.2496394049,6493732.468883579,271.04,False
20251031,73508,841130.2711906029,6494111.865693289,495.60,False
20251031,94188,846288.9203956432,6494232.186168569,174.68,False
20251031,139101,848804.9682777236,6494292.547807823,233.75,False
20251031,135197,853246.4312330319,6494401.308110689,361.58,False
20251031,51391,845983.0,6494253.2,158.00,False
20251031,43615,841150.5333892965,6494174.042156181,530.60,False
20251031,122555,827797.1402901402,6493944.319661343,308.55,False
20251031,58155,868696.252053933,6494928.410767598,473.89,False
20251031,65619,826495.9565050064,6493948.324242381,344.45,False
20251031,123038,841256.7871705936,6494269.045718585,487.39,False
20251031,174452,845678.3798518635,6494372.003875113,181.92,False
20251031,120773,846697.0695754245,6494396.174370641,297.25,False
20251031,4013,846738.9489979353,6494458.885270472,304.25,False
20251031,130708,868537.7966385394,6495170.950675697,451.75,False
20251031,97110,822718.8183615669,6494149.6271929275,474.18,False
20251031,65642,824710.4216636124,6494313.033755945,344.26,False
20251031,100294,821350.2484434246,6494276.791386544,432.75,False
20251031,97413,828736.6959950374,6494642.683617611,267.06,False
20251031,189712,845988.1471229465,6495027.326834719,183.13,True
20251031,86998,828844.4176857491,6494675.790246548,285.57,False
20251031,182165,824552.4650728267,6494618.382060595,414.29,False
20251031,37696,845181.920139856,6495127.327516208,215.29,True
20251031,154741,862475.9192706295,6495594.410675323,458.82,True
20251031,32356,862496.7757914381,6495625.819586338,448.82,True
20251031,91393,843274.1140689563,6495179.604864621,173.41,True
20251031,91194,845657.2337027962,6495266.347295083,181.93,True
20251031,27403,845006.3725981212,6495281.849100658,187.06,True
20251031,161279,843055.2509958899,6495267.08766822,188.00,True
20251031,5359,845547.4206820941,6495325.46510017,182.12,True
20251031,97256,829423.1149601153,6494996.468213449,268.24,False
20251031,185537,824134.4552753258,6494918.488586677,438.12,False
20251031,77685,823483.047123468,6494967.105984491,455.89,False
20251031,107544,830071.3235768435,6495102.684701244,217.46,True
20251031,79713,830786.4895076058,6495117.826050676,340.99,True
20251031,98493,863313.6890856609,6495894.294444333,375.50,True
20251031,158370,817587.564845155,6494882.613408876,691.37,False
20251031,177931,843918.4928121506,6495441.476573226,186.04,True
20251031,167758,838388.2935864382,6495499.894403464,403.87,True
20251031,138725,834205.2175554512,6495438.196977984,424.36,True
20251031,122958,824322.6599141033,6495261.681021948,466.78,True
20251031,88677,855656.6374942983,6496004.622743268,325.36,True
20251031,91728,830497.5709275532,6495451.103483546,225.61,True
20251031,99261,843477.8985825962,6495739.762718165,169.32,True
20251031,159476,861939.6237408184,6496197.462454607,439.42,True
20251031,117918,846467.5365453772,6495840.981043761,184.97,True
20251031,191086,829629.4518034251,6495494.48403096,321.74,True
20251031,94787,830731.364540278,6495672.0453401115,228.71,True
20251031,126589,863861.4929261267,6496495.162536674,384.91,True
20251031,94788,831119.4497493338,6495772.858821664,238.51,True
20251031,94241,843076.3856501365,6496224.124884662,174.64,True
20251031,100044,815360.2120627576,6495735.252695301,893.42,False
20251031,75490,812477.5933667178,6495712.7957839025,915.30,False
20251031,169455,844632.840017251,6496414.759020678,328.00,True
20251031,94549,831414.9246094035,6496149.415675407,231.43,True
20251031,98705,875223.1286181435,6497270.830028854,440.96,False
20251031,10588,843914.9421300633,6496521.368554243,374.20,True
20251031,60104,843826.8348494638,6496581.023245835,372.15,True
20251031,105046,837670.0253525977,6496594.605647514,385.90,True
20251031,107835,831579.7035095153,6496554.04884496,207.14,True
20251031,52107,824797.3494551628,6496443.74358205,472.66,True
20251031,142000,831339.3975960623,6496641.4847112885,219.57,True
20251031,94550,832223.0799642275,6496876.378147777,218.00,True
20251031,95373,840455.8424938784,6497058.634226978,266.83,True
20251031,55905,830185.8655436046,6496863.832753919,326.20,True
20251031,1317,823598.8534928951,6496758.9722956475,590.34,True
20251031,110520,823685.5170603177,6496760.712112175,571.77,True
20251031,125509,871495.349081252,6497999.111124326,546.56,False
20251031,163582,831915.7994005657,6497054.919014782,244.79,True
20251031,19975,851868.4024887404,6497514.64072936,353.77,True
20251031,91198,832561.7610944668,6497253.920003011,205.86,True
20251031,48036,840712.5060496861,6497470.406016411,176.17,True
20251031,160681,850497.5853163492,6497727.844260695,331.93,True
20251031,146756,850473.6620739372,6497819.831121764,329.38,True
20251031,184159,841309.6962253386,6497633.57646152,185.47,True
20251031,111583,841308.2808363156,6497695.256129429,178.87,True
20251031,25717,854304.7443566336,6498038.071635197,378.42,True
20251031,91729,840655.5842551988,6497803.737022503,178.11,True
20251031,158114,820833.3537297471,6497413.733629896,704.15,True
20251031,90197,837990.4270657572,6497774.292706026,377.20,True
20251031,191017,839875.0426898992,6497816.813427939,284.26,True
20251031,46366,832269.5277008514,6497741.317536642,295.02,True
20251031,88678,857221.9283164804,6498389.587809938,251.37,True
20251031,112399,828277.8290486392,6497934.562880704,397.06,True
20251031,182589,875669.4906975899,6499104.316971559,489.25,False
20251031,69883,864687.1417100556,6498862.468071356,431.82,True
20251031,58080,833084.0337179387,6498159.9836600525,289.61,True
20251031,96159,854028.6062988115,6498679.16741478,300.73,True
20251031,91314,841659.5158787912,6498443.872554405,175.40,True
20251031,156618,856257.9222388907,6498797.05801549,366.12,True
20251031,104826,807347.5676487619,6497780.945449873,649.48,False
20251031,109590,837430.9705008789,6498564.027372166,320.38,True
20251031,158879,867056.1751452637,6499420.042056003,478.08,False
20251031,187717,813229.4536753461,6498441.649035635,790.16,False
20251031,94548,839371.9448724503,6498977.9276346285,184.62,True
20251031,105324,834952.983198169,6498910.334547698,224.88,True
20251031,154800,849742.9662665755,6499344.871638004,274.20,True
20251031,94547,839084.8156823228,6499218.280622049,183.48,True
20251031,47912,840144.6144359246,6499304.026577718,185.51,True
20251031,184344,840187.9283160698,6499305.012744352,181.51,True
20251031,120405,835595.9395594998,6499233.015407855,187.44,True
20251031,92041,840230.5397034488,6499336.839117596,180.49,True
20251031,116239,858876.3,6499780.5,260.01,True
20251031,128835,868337.8541719071,6500103.003840588,446.18,False
20251031,96586,864309.3269128855,6500025.011746683,428.36,True
20251031,174796,842847.4248471714,6499551.285255115,300.88,True
20251031,124464,874528.2264639136,6500367.991135721,432.01,False
20251031,94545,838015.3116555635,6499564.479202098,188.92,True
20251031,123365,839098.1107937668,6499588.850258812,186.70,True
20251031,192222,855577.7628870684,6499983.286025268,266.12,True
20251031,190646,835004.4313814396,6499528.568839928,281.88,True
20251031,110598,836043.924743143,6499551.452991146,183.94,True
20251031,78952,859799.5630881211,6500122.295062442,302.06,True
20251031,108549,838316.4170307727,6499663.8042233735,180.35,True
20251031,98485,836886.45291065,6499662.696408818,173.83,True
20251031,70649,836669.2113323099,6499688.725052882,186.07,True
20251031,182693,840133.3816085546,6499797.465055819,197.26,True
20251031,155041,838181.594542781,6499786.948661004,174.01,True
20251031,176425,843250.2778063939,6499930.92129452,314.69,True
20251031,37363,836731.4380162378,6499813.528858174,172.74,True
20251031,182116,837295.3,6499852.2,179.14,True
20251031,90935,840801.8705001625,6499936.142932332,244.52,True
20251031,97071,845132.7789175957,6500036.730334638,326.64,True
20251031,90279,837853.3595344622,6500023.684754264,178.31,True
20251031,183597,839387.3265267774,6500212.507838784,176.56,True
20251031,188792,876239.2834525277,6501157.397847406,252.16,False
20251031,121718,837697.6392193505,6500205.332958371,209.93,True
20251031,48517,864222.1482171062,6500855.87464402,410.34,True
20251031,100320,840988.2862014682,6500310.681364262,238.22,True
20251031,51604,826154.6797623454,6500019.651392808,554.96,True
20251031,84913,869395.0964741985,6501057.794628875,366.15,False
20251031,129567,833234.9239435407,6500199.684982203,332.45,True
20251031,94544,838018.9879566522,6500366.808111612,167.97,True
20251031,105323,835723.0588575025,6500346.610295642,339.00,True
20251031,172319,874501.1224919565,6501323.891311514,267.36,False
20251031,70779,875475.3629319618,6501351.592485371,250.98,False
20251031,91026,838255.7876455254,6500433.833723927,201.09,True
20251031,27701,838320.6486604376,6500436.099027583,201.76,True
20251031,137695,829442.242684311,6500273.034180272,393.50,True
20251031,46359,840658.5516533365,6500519.129035245,223.03,True
20251031,181471,874521.0234676525,6501386.176160851,286.06,False
20251031,20933,842693.1796874388,6500596.817754419,297.04,True
20251031,150328,865925.1267008837,6501179.281252453,417.97,True
20251031,126367,817553.0410599804,6500096.206790992,956.83,True
20251031,104611,822771.0344048169,6500228.922262148,785.53,True
20251031,178503,875058.8424469745,6501492.101989521,231.46,False
20251031,100725,838014.1472641549,6500582.688911072,174.98,True
20251031,94257,839637.3760527591,6500650.156501525,187.21,True
20251031,3557,837882.1599420334,6500672.297580317,167.95,True
20251031,96050,842688.8899200562,6500781.855214793,285.92,True
20251031,24196,873064.4241534531,6501561.062964016,329.39,False
20251031,35349,832055.6914488324,6500637.09775496,361.50,True
20251031,60251,832032.0544451925,6500729.155525483,363.51,True
20251031,182744,840756.2353836696,6500984.201002226,256.66,True
20251031,164596,842488.3122837746,6501024.057427234,273.01,True
20251031,46829,843440.2310191494,6501077.02571622,302.22,True
20251031,162011,843957.6833340379,6501181.676313052,276.74,True
20251031,191911,839908.4609884591,6501120.452321007,197.54,True
20251031,147837,836725.0029770867,6501078.46043833,294.26,True
20251031,69241,825401.7,6500872.0,539.53,True
20251031,3141,822217.4430200425,6500834.984330594,704.78,True
20251031,188185,872724.9747996898,6502076.146357868,309.31,False
20251031,164052,818708.6815523815,6500828.017392935,913.38,True
20251031,26527,837500.2928745225,6501280.865877051,254.51,True
20251031,91390,873845.3987304432,6502292.858778867,260.58,False
20251031,105322,837041.5222403973,6501455.766038818,255.72,True
20251031,98256,839899.2245090359,6501520.065538066,174.53,True
20251031,94392,838533.9364004444,6501550.891657266,186.86,True
20251031,182841,868839.9404150457,6502338.637213213,358.30,False
20251031,166583,842362.2217590432,6501792.541900457,276.16,True
20251031,102665,838140.0997275154,6501727.172242039,187.86,True
20251031,113633,838096.110819841,6501757.040549321,183.79,True
20251031,181394,876949.4315611284,6502813.468815046,252.44,False
20251031,48611,841795.8151824414,6501933.744840879,252.31,True
20251031,98257,840190.3683091883,6502051.240094457,182.68,True
20251031,96303,876360.3386393028,6502981.635979764,246.88,False
20251031,192531,840643.5510128632,6502123.29295171,259.92,True
20251031,165705,873498.9633928676,6503054.583214407,257.83,False
20251031,77639,839515.106497654,6502221.027842956,183.70,True
20251031,54056,863302.8877186441,6502837.231319695,377.31,True
20251031,103455,872873.2422369397,6503098.132119211,266.43,False
20251031,183892,837306.9,6502230.7,233.66,True
20251031,172673,876418.1971150523,6503230.178709514,258.26,False
20251031,169628,844340.1025014685,6502424.88600812,242.38,True
20251031,79229,855833.8504005471,6502705.244970866,386.35,True
20251031,39335,837544.7196606344,6502330.348731706,205.72,True
20251031,182997,837953.0839719949,6502340.088485341,204.08,True
20251031,4718,867496.9393975179,6503106.395378778,316.82,False
20251031,120406,840503.8097614067,6502552.0826131385,171.16,True
20251031,98258,840633.6828239823,6502555.04960811,195.52,True
20251031,48325,876437.7524172454,6503508.3511545025,252.94,False
20251031,116222,817708.4000048174,6502166.358633774,787.46,True
20251031,95074,839138.046682191,6502613.614441073,215.68,True
20251031,10372,867816.4527811158,6503328.995539572,319.06,False
20251031,3966,868117.7662445342,6503398.940524278,292.31,False
20251031,184970,837967.1234441852,6502679.814447222,203.30,True
20251031,48609,839309.114262959,6502710.052313117,211.03,True
20251031,139768,834481.571767722,6502633.50087859,360.26,True
20251031,3009,839762.9575102371,6502751.200378802,191.20,True
20251031,179540,834502.5428286325,6502664.814437451,359.86,True
20251031,128126,834610.7684031908,6502667.181185224,346.31,True
20251031,189232,839740.6122719124,6502781.548602613,191.90,True
20251031,99981,840928.2430554187,6502932.059841905,178.90,True
20251031,9458,870037.125333343,6503698.565960338,266.31,False
20251031,48322,872352.7518599172,6503763.005360906,250.12,False
20251031,11335,842853.1359537061,6503038.1633505495,317.83,True
20251031,25004,857199.5,6503478.6,362.97,True
20251031,108303,819971.0902941558,6502734.569747444,889.28,True
20251031,152314,838821.0950130639,6503223.568353051,238.44,True
20251031,2925,861826.7429151005,6503785.700792797,395.41,True
20251031,94253,870309.9273389973,6504014.708319364,245.45,False
20251031,188248,874029.4225375786,6504211.390081041,251.89,False
20251031,74321,873183.7371706082,6504249.242973817,255.48,False
20251031,90312,843571.7739777524,6503593.354173728,304.17,True
20251031,156369,850629.6873694719,6503840.7807748625,334.65,True
20251031,188474,866943.9282567264,6504354.468596343,305.19,True
20251031,186937,867073.7632703176,6504357.993664459,300.02,False
20251031,49917,857573.1854521085,6504138.148963236,349.97,True
20251031,31050,830218.1857951418,6503529.14696108,391.22,True
20251031,98908,840389.7800608894,6503752.856924303,172.38,True
20251031,100860,872567.4478815505,6504602.242050935,294.69,False
20251031,143736,841362.219081902,6503836.83740793,200.42,True
20251031,44872,813811.3351335708,6503296.316323264,640.79,False
20251031,56308,849237.1791392174,6504115.410631387,252.76,True
20251031,180885,868777.3278470343,6504620.515832077,270.80,False
20251031,127584,873104.9335604531,6504740.78474191,277.65,False
20251031,131132,869036.1391505419,6504658.482234561,244.41,False
20251031,46362,830278.5401883029,6503746.407581451,390.77,True
20251031,98906,840447.6628252062,6504062.736236618,166.14,True
20251031,83250,872104.4148352013,6504897.867487511,282.54,False
20251031,60602,839145.0620180039,6504218.26813793,310.28,True
20251031,37418,867641.2104282898,6504990.616756638,288.46,False
20251031,162154,844877.330054723,6504443.173765328,261.76,True
20251031,99598,867640.369954459,6505021.453066784,286.46,False
20251031,153485,837929.0895361446,6504376.016071062,223.81,True
20251031,193236,867183.4815057046,6505101.594569691,299.86,False
20251031,101571,837279.2275189478,6504392.334008274,204.33,True
20251031,42265,873393.3685967061,6505302.629391231,281.48,False
20251031,78301,846410.0145351221,6504633.746336608,247.89,True
20251031,152727,824965.0927962482,6504191.55423075,886.63,True
20251031,131850,846409.2804825106,6504664.585358796,242.09,True
20251031,117193,835934.8774893398,6504485.899741373,324.42,True
20251031,99489,835977.4731506968,6504517.696509591,324.42,True
20251031,162263,836042.3889458855,6504519.13189545,334.02,True
20251031,183805,863933.0448087219,6505199.252832186,338.88,True
20251031,192911,838638.3131465492,6504607.949024339,297.00,True
20251031,97755,861092.1966521598,6505186.950964599,316.68,True
20251031,18410,865659.7815484223,6505399.814525502,389.69,True
20251031,136213,849020.7507123131,6505005.011392313,220.88,True
20251031,19839,851226.945262288,6505089.717436442,263.82,True
20251031,80972,865982.6493257511,6505470.237613953,382.49,True
20251031,59326,862628.3456480702,6505411.484143285,341.90,True
20251031,135022,837118.1290325708,6504820.7166501,214.84,True
20251031,74726,848671.5785166204,6505119.9883820955,220.09,True
20251031,79353,844453.7901516763,6505114.911817988,223.67,True
20251031,146851,840554.9516570648,6505052.572584576,185.12,True
20251031,43076,860871.0273079858,6505550.416793975,313.47,True
20251031,111508,844491.4662978711,6505178.629989811,198.59,True
20251031,181532,852192.958587416,6505422.117230952,295.16,True
20251031,16996,860865.4436772139,6505768.296051485,313.23,True
20251031,184756,841630.3937788676,6505354.946332188,197.42,True
20251031,120958,861792.4048698267,6505914.029448045,301.33,True
20251031,24324,842406.4198814342,6505496.289944921,232.54,True
20251031,100601,842752.5821897557,6505504.315107915,247.32,True
20251031,46371,843162.9314560143,6505544.709673486,233.94,True
20251031,118577,829423.0702888174,6505301.93423393,467.71,True
20251031,25832,834161.2808304067,6505403.46801326,389.07,True
20251031,74113,846255.2496995777,6505679.184256451,201.69,True
20251031,185279,867066.7758902829,6506209.351882821,229.24,False
20251031,42966,818344.1283043425,6505140.485811802,667.92,True
20251031,163076,828989.0594755043,6505354.525544027,472.90,True
20251031,90315,856702.9326917353,6505998.242168053,370.24,True
20251031,20787,831302.7487221516,6505465.195347279,410.23,True
20251031,182978,846403.0204580013,6505836.982601276,206.06,True
20251031,72374,839348.8572240969,6505734.808746343,328.04,True
20251031,167067,858494.5235561855,6506198.446045397,314.56,True
20251031,48608,850554.4420748111,6506029.785277428,230.59,True
20251031,97823,846872.3382133215,6506125.881890583,215.54,True
20251031,187347,839667.76845601,6505988.88858078,288.26,True
20251031,9012,863722.1865629521,6506613.13488735,278.12,True
20251031,113657,837957.3387711281,6506011.990935846,294.55,True
20251031,162280,807927.1079832802,6505504.216099886,626.85,False
20251031,132131,837932.9384615932,6506134.865498249,291.77,True
20251031,160874,842756.318959342,6506275.802687357,233.32,True
20251031,122757,863976.8270304437,6506805.072275553,274.55,True
20251031,95707,874401.6388360284,6507122.785937217,240.16,False
20251031,50565,866032.9181759993,6506912.254238347,236.28,True
20251031,161790,838276.290926883,6506265.998536823,305.23,True
20251031,54113,844202.794053088,6506432.977472411,269.14,True
20251031,96134,865768.8305794628,6506976.558557027,246.41,True
20251031,32283,808788.6929492344,6505735.364035571,656.47,False
20251031,135359,832001.4853377498,6506189.813712193,422.00,True
20251031,146788,832044.7507718232,6506190.7425861135,414.50,True
20251031,75404,811120.7327923507,6506023.88106215,699.77,False
20251031,3608,816354.7839285927,6506182.393006892,729.25,False
20251031,137952,842418.9749978487,6506823.388171404,176.82,True
20251031,174251,825135.0461596409,6506478.213456339,650.59,True
20251031,111507,850161.8222310229,6507038.463659208,250.76,True
20251031,113921,864480.2855086257,6507404.835276157,247.60,True
20251031,123532,865410.3067329917,6507429.786116649,239.26,True
20251031,81616,842828.5212510579,6506894.599818613,174.75,True
20251031,43205,811246.0688514517,6506272.969101153,722.93,False
20251031,47866,854572.6982171752,6507209.485051084,263.80,True
20251031,156976,844514.2248620837,6506995.700650642,268.29,True
20251031,145601,854636.0344016007,6507272.792572867,264.49,True
20251031,21306,808754.5123885757,6506444.367566701,643.17,False
20251031,137951,842568.6,6507138.5,172.99,True
20251031,154251,821170.3409798926,6506707.3470899835,793.82,True
20251031,165545,872516.4052512407,6507964.536097757,360.94,False
20251031,160614,851534.7200268457,6507535.002167242,258.58,True
20251031,51892,851532.4397643851,6507627.517132089,256.42,True
20251031,124871,852555.6,6507653.3,227.34,True
20251031,99792,864378.9302521596,6507957.58150772,259.58,True
20251031,137277,841238.3,6507417.6,196.57,True
20251031,169627,841282.5992415387,6507413.074492968,192.47,True
20251031,94481,862237.0830469597,6507931.543570475,289.14,True
20251031,136689,821293.4337471572,6507049.164573342,783.34,True
20251031,97109,832800.2126782911,6507286.932000065,354.75,True
20251031,165910,837407.1219715286,6507388.165336414,226.43,True
20251031,104098,841256.9683251418,6507475.411796856,199.07,True
20251031,173370,850037.116294549,6507714.270583692,236.92,True
20251031,122678,821400.364286349,6507112.982326401,785.86,True
20251031,104097,841298.8071674802,6507538.084868732,207.04,True
20251031,81931,843545.9469616626,6507682.70916847,176.95,True
20251031,81615,843566.8542632591,6507714.053451446,175.23,True
20251031,94256,843696.6183710503,6507717.085097176,187.89,True
20251031,157553,837098.13322662,6507658.96563652,229.49,True
20251031,81933,843629.7,6507843.8,175.23,True
20251031,90265,861621.808715775,6508285.637393724,303.72,True
20251031,79709,849943.0851771402,6508020.545043785,229.92,True
20251031,90314,857966.3044986242,6508221.474540746,261.88,True
20251031,84317,863329.3854591729,6508361.627864287,262.35,True
20251031,121170,864538.7358954706,6508455.596193572,245.53,True
20251031,79711,857161.4266059664,6508385.991257756,269.15,True
20251031,90173,856511.8907995262,6508400.27707904,263.27,True
20251031,134436,840615.641705005,6508077.825308124,285.16,True
20251031,98825,832611.8805796498,6507992.528596241,376.86,True
20251031,184079,839099.7186249262,6508135.904532342,302.64,True
20251031,156742,832589.5890421341,6508022.902620996,374.86,True
20251031,146848,832611.2153114601,6508023.369088753,375.86,True
20251031,25165,859772.4257332372,6508669.306158178,324.20,True
20251031,187128,853911.4789178448,6508550.620671132,287.95,True
20251031,128463,824348.6158439944,6507912.397436766,719.00,True
20251031,26694,861803.4491546168,6508784.149348325,313.51,True
20251031,150426,850882.5285722659,6508537.24177009,236.73,True
20251031,77958,847962.4671663312,6508497.1182096405,208.18,True
20251031,159883,859941.4056639681,6508827.991167057,302.55,True
20251031,50106,855830.5716784929,6508814.9741167845,258.19,True
20251031,48605,847595.2,6508675.1,216.93,True
20251031,85913,863764.6149526045,6509082.955223837,240.41,True
20251031,188147,847591.1,6508706.0,217.61,True
20251031,125126,852885.9250160828,6508895.314649488,282.20,True
20251031,39475,852907.5482162724,6508895.852516618,271.20,True
20251031,124866,852509.7,6508906.2,232.57,True
20251031,111572,843951.7736051029,6508833.874652534,182.24,True
20251031,188818,852125.2956556578,6509030.728283544,235.40,True
20251031,187254,843648.3248826063,6508857.631738686,194.45,True
20251031,158580,844945.7216950369,6508888.0886187125,225.31,True
20251031,83176,843647.6041763921,6508888.470971309,189.45,True
20251031,132221,836662.5255406307,6508760.057417623,231.72,True
20251031,139831,844965.8902728221,6508950.276707245,218.05,True
20251031,164566,861613.4323689259,6509427.175163383,324.60,True
20251031,162696,836725.3385948689,6508854.020099836,230.85,True
20251031,51038,854823.4606987331,6509283.243926152,307.81,True
20251031,94258,842389.8820635047,6509013.486654817,178.42,True
20251031,39184,826474.4179440067,6508696.263849697,557.71,True
20251031,153428,826496.0418445898,6508696.708805221,563.61,True
20251031,146441,833329.1146159186,6508841.1247406425,352.46,True
20251031,159955,838213.1846017299,6509072.427815433,302.41,True
20251031,191997,849086.8751899538,6509419.130924019,223.89,True
20251031,190910,852178.7104510837,6509494.907043884,242.95,True
20251031,154836,864544.8329570215,6509844.401359105,264.96,True
20251031,97276,837364.3888049519,6509300.242902986,232.82,True
20251031,50045,844000.7477412386,6509513.856217989,179.12,True
20251031,42706,836972.0,6509390.9,236.28,True
20251031,45435,862377.1332523886,6510002.755453292,265.34,True
20251031,152986,841015.6142543777,6509506.352508942,286.58,True
20251031,181370,848885.5592760663,6509691.961157761,217.13,True
20251031,47908,871499.4372860236,6510281.416811419,328.58,False
20251031,174623,837036.6238802354,6509447.20292699,231.83,True
20251031,77628,847846.7325320011,6509727.265860827,227.54,True
20251031,78729,850635.2937885191,6509796.311683229,240.68,True
20251031,170749,862482.7838434268,6510098.123074825,273.99,True
20251031,101023,847629.3507360059,6509754.227434776,233.05,True
20251031,78755,849942.6994415895,6509810.231907503,230.61,True
20251031,153578,844299.0975056278,6509705.990511006,187.04,True
20251031,13512,875321.4486339819,6510543.569146082,479.84,False
20251031,112736,849702.6259495041,6509896.949740144,230.31,True
20251031,82979,843864.5244654035,6509788.37083927,185.26,True
20251031,108262,838437.1394850268,6509694.577074634,244.38,True
20251031,82260,843734.0828281887,6509816.174848302,192.71,True
20251031,5141,844886.6,6509831.7,241.33,True
20251031,124872,846479.068500984,6509911.842630108,257.98,True
20251031,87398,859666.6924640299,6510240.319690045,306.42,True
20251031,142960,841657.1366822144,6509829.663298455,260.56,True
20251031,43867,860876.5163805871,6510302.730239027,296.71,True
20251031,102294,845245.2892466453,6509944.272645307,268.93,True
20251031,77718,827147.8789459774,6509604.930293863,433.76,True
20251031,190708,861002.9941384358,6510429.475428937,311.32,True
20251031,172854,851576.6851982626,6510220.598702225,239.05,True
20251031,136913,838669.3967711306,6509946.656917151,240.14,True
20251031,104276,857239.8881798363,6510393.750956253,270.49,True
20251031,191669,835014.9990010438,6509896.142032018,320.98,True
20251031,77637,841802.7832978184,6510079.86881054,247.33,True
20251031,152874,853194.2265047272,6510414.994571529,251.54,True
20251031,35845,847940.28997061,6510317.122545406,227.90,True
20251031,91316,853323.1641858892,6510449.067448623,242.18,True
20251031,187011,849323.101627363,6510381.424405703,227.02,True
20251031,175449,834167.7904244047,6510062.71800601,327.42,True
20251031,72616,852111.0413624796,6510480.6584791755,263.12,True
20251031,88989,833821.213142088,6510086.01634584,336.91,True
20251031,54317,832026.1668766175,6510078.045535633,385.84,True
20251031,11534,840673.6495027486,6510269.908743462,311.95,True
20251031,51503,832609.21488875,6510121.453785082,354.60,True
20251031,90313,854962.2182664282,6510644.468071743,241.15,True
20251031,93153,860928.449503778,6510797.821223061,283.72,True
20251031,156082,837990.881383664,6510301.6492984025,233.74,True
20251031,141748,831590.483815776,6510222.974538002,387.30,True
20251031,190707,839740.5517492373,6510402.897950307,238.54,True
20251031,153390,847824.7803471611,6510622.908318638,238.26,True
20251031,9099,858805.2403390476,6510927.730407438,338.27,True
20251031,166561,859906.8538969508,6510987.157743899,304.02,True
20251031,131680,816973.6506285644,6510050.789050978,968.12,False
20251031,85678,862931.4169322532,6511128.3303643,268.10,True
20251031,138631,861027.6424447285,6511139.860092988,276.46,True
20251031,92488,852164.4392406247,6510944.836569346,241.27,True
20251031,77112,837550.2320235855,6510662.034564792,247.74,True
20251031,180056,840314.3753447599,6510847.952507846,233.74,True
20251031,54283,828035.3842087911,6510610.692983629,405.32,True
20251031,1912,850062.4072748197,6511109.139978287,255.72,True
20251031,131428,839080.8455428262,6510881.620010231,235.42,True
20251031,77208,839102.4617555854,6510882.109313209,233.42,True
20251031,162697,840463.5747035254,6510943.928251802,229.02,True
20251031,89910,850190.5921340261,6511173.985515878,232.75,True
20251031,123309,852092.7211977965,6511220.774502842,237.20,True
20251031,127588,869211.20499423,6511668.372657959,281.78,False
20251031,115939,842558.8869493695,6511053.895132559,189.91,True
20251031,105814,843553.203027298,6511077.044590983,191.97,True
20251031,14350,851356.2901106915,6511264.303636675,256.66,True
20251031,180395,848155.7821750203,6511248.011370938,247.46,True
20251031,122072,860627.2799629759,6511561.394941763,270.48,True
20251031,44530,838816.5737516542,6511091.632450709,248.67,True
20251031,94255,844328.4632408076,6511218.630180044,190.84,True
20251031,111673,845775.9344369789,6511283.6573639875,219.01,True
20251031,32352,848196.0367701586,6511372.408433557,247.04,True
20251031,84890,849125.4580164934,6511394.895953256,232.84,True
20251031,167809,851177.4550175569,6511506.670305607,235.80,True
20251031,77532,851109.5250210935,6511564.125373582,251.18,True
20251031,85456,837709.3439348347,6511282.705225693,250.20,True
20251031,100925,842463.8437413233,6511421.9614813095,189.26,True
20251031,39478,844775.8383902382,6511506.860526305,221.18,True
20251031,147490,846871.6520955758,6511587.459025833,237.24,True
20251031,145378,850613.256882684,6511676.238469167,229.57,True
20251031,101215,866452.0774120012,6512117.604775356,239.81,True
20251031,84897,847106.4494692882,6511716.502038538,224.79,True
20251031,185508,859793.1201967817,6512033.3721873835,270.51,True
20251031,109742,836406.9752247803,6511500.495642726,286.68,True
20251031,172522,854778.2690669275,6511935.842491903,266.63,True
20251031,185139,836427.9044654804,6511531.815529502,297.08,True
20251031,137145,851900.9035462964,6511894.730169366,266.41,True
20251031,26544,853069.3385548643,6511954.741386142,273.11,True
20251031,185238,853046.1896726111,6512015.878996058,276.51,True
20251031,50047,845675.6,6511865.4,267.91,True
20251031,180238,849651.5450390003,6511993.965213456,238.18,True
20251031,42707,853109.4892409029,6512079.170544303,265.08,True
20251031,44876,843706.6505728068,6511913.744339561,184.27,True
20251031,170542,859374.4886975285,6512331.077629867,269.45,True
20251031,91557,845412.5791876682,6512015.596977039,234.72,True
20251031,175232,847617.016674584,6512068.169455938,239.12,True
20251031,101503,862182.2886206208,6512466.278849799,278.24,True
20251031,76523,848827.4074305249,6512167.290770969,207.02,True
20251031,100488,836808.7138932983,6511910.545939142,301.72,True
20251031,88530,840590.8916826986,6511995.932730576,241.11,True
20251031,163099,847874.1341368933,6512166.922414828,225.18,True
20251031,135465,830000.0116024533,6511793.558013652,383.67,True
20251031,185087,845150.3178678933,6512132.819896524,254.64,True
20251031,160751,830107.4234949024,6511826.686232349,381.39,True
20251031,79723,839633.4221889074,6512037.808353827,258.03,True
20251031,97467,840417.3,6512048.5,223.46,True
20251031,41085,840546.3619852351,6512054.231860105,225.12,True
20251031,80833,844392.4536921964,6512176.673020304,223.49,True
20251031,189669,850119.4794435744,6512313.949329606,228.08,True
20251031,141385,872679.6160758529,6512937.547958862,321.31,False
20251031,77631,841561.8501786982,6512174.765805364,189.53,True
20251031,69021,850809.521993289,6512392.563944883,246.48,True
20251031,105598,853013.8238693877,6512447.072931908,277.56,True
20251031,127314,839484.4612486179,6512155.845981878,257.90,True
20251031,187696,841148.5594049664,6512193.854093387,204.35,True
20251031,182517,846594.6257693622,6512321.395854286,208.97,True
20251031,78732,850830.4874053875,6512437.854379102,236.28,True
20251031,48562,838682.0752354482,6512168.556399587,313.15,True
20251031,188857,841839.4175999251,6512240.621623586,197.33,True
20251031,190778,846017.6287262399,6512332.229928215,240.91,True
20251031,187481,846032.0022184748,6512338.852289776,241.76,True
20251031,25148,845858.3812581438,6512365.583866443,278.41,True
20251031,132833,848538.1304607867,6512429.793640932,206.42,True
20251031,76726,844993.2122217843,6512375.959384969,256.26,True
20251031,48663,851801.1491538786,6512532.407471785,253.52,True
20251031,77812,846073.0245225765,6512432.396463665,265.86,True
20251031,52156,849962.1786426825,6512556.961650718,222.66,True
20251031,105654,841360.4174591178,6512383.8597725555,196.33,True
20251031,112921,846070.4438570719,6512492.762199581,268.13,True
20251031,133467,868372.6249245699,6513064.856530078,291.07,False
20251031,46084,845789.8888771846,6512518.239357568,241.41,True
20251031,105597,851257.2758434217,6512650.427577427,244.15,True
20251031,117869,842585.2,6512475.0,179.62,True
20251031,91119,847172.2155485534,6512582.057223125,216.33,True
20251031,166416,844232.4832326898,6512543.188184221,234.74,True
20251031,159923,845707.519991736,6512584.163088837,244.08,True
20251031,48031,847969.7890971206,6512631.053083455,213.52,True
20251031,164061,841249.5264075852,6512504.73199922,205.20,True
20251031,110430,845701.2527039587,6512608.705206382,244.28,True
20251031,121171,846242.3657154638,6512621.931602957,222.17,True
20251031,124398,847883.867399435,6512660.860958365,213.18,True
20251031,153147,850174.4327672933,6512716.44162891,221.11,True
20251031,64995,829600.5673249227,6512278.790034368,450.47,True
20251031,161369,829687.0125064537,6512280.614301772,422.16,True
20251031,185464,845935.9878917723,6512647.195567434,246.47,True
20251031,188258,838805.4378759403,6512541.587443792,335.63,True
20251031,41077,845245.2519097534,6512690.475186261,268.96,True
20251031,182117,847666.3510932096,6512748.408407508,215.04,True
20251031,177554,851922.6085408515,6512851.988062977,236.90,True
20251031,63277,837248.7974785826,6512537.467048641,256.11,True
20251031,24869,838804.7410390519,6512572.427144113,323.63,True
20251031,37826,847853.4,6512782.2,214.07,True
20251031,111070,849177.4657240645,6512815.565675259,222.94,True
20251031,189793,853002.302181189,6512909.643107778,265.86,True
20251031,44938,853823.4458268796,6512930.1510550305,271.48,True
20251031,61421,857993.1552713044,6513066.8417407945,259.55,True
20251031,154402,844877.574668585,6512776.461797267,271.37,True
20251031,40317,846912.8040679051,6512853.482703403,220.66,True
20251031,58322,857256.8852802885,6513109.663561576,247.86,True
20251031,122660,849454.6362968462,6512976.586499753,221.16,True
20251031,155081,837287.8827969874,6512723.472053914,258.70,True
20251031,181601,842145.6486027088,6512895.641918735,205.08,True
20251031,37198,837264.2056598191,6512815.508739894,258.50,True
20251031,129675,846901.8298405958,6513038.431241983,217.75,True
20251031,135869,849299.6265369458,6513127.100348706,221.64,True
20251031,173606,857035.2826361234,6513319.9977458855,261.92,True
20251031,79719,839704.6553499543,6512932.238055935,263.65,True
20251031,91558,841782.384764939,6512980.576701997,185.90,True
20251031,180042,842577.2,6512996.8,184.62,True
20251031,68394,845322.2064945025,6513093.425802217,230.46,True
20251031,170541,845337.9039491267,6513124.166432423,229.46,True
20251031,59046,843397.6089922178,6513109.906505465,182.99,True
20251031,110966,858587.8425222763,6513483.318582554,256.96,True
20251031,159405,842251.6484444643,6513114.116677463,197.78,True
20251031,79355,846703.3414764331,6513219.240888045,216.92,True
20251031,133415,846810.9728070837,6513221.397280148,213.04,True
20251031,158967,847786.9891298255,6513242.628627694,205.68,True
20251031,156172,850309.24556238,6513334.479239433,216.06,True
20251031,167401,846787.8908693488,6513282.558374138,209.78,True
20251031,51083,850398.3980124578,6513362.8744203,228.19,True
20251031,33707,843999.7508621574,6513247.417275636,187.23,True
20251031,105762,844021.3587523764,6513247.92388255,188.73,True
20251031,192057,833821.5692584345,6513048.095095499,346.60,True
20251031,80727,841838.2407520445,6513227.979791501,188.16,True
20251031,104676,843999.0278798696,6513278.256362568,190.73,True
20251031,127736,824183.3528432699,6512876.536226249,780.10,True
20251031,39483,843350.0738728233,6513293.932739936,185.03,True
20251031,94300,842290.5786903318,6513300.153389992,190.71,True
20251031,44254,846138.1249895802,6513390.18753188,212.91,True
20251031,105138,841636.9789369658,6513316.059543275,181.90,True
20251031,193551,846092.773853671,6513420.267412991,210.23,True
20251031,90603,833516.3673442933,6513164.872950434,370.98,True
20251031,169082,848814.529902792,6513516.464706433,225.89,True
20251031,65994,840732.6995383934,6513356.828753868,263.82,True
20251031,97899,861150.1685399684,6513889.4518044125,271.22,True
20251031,77959,844577.3559805917,6513507.834471149,197.35,True
20251031,165284,841724.508204461,6513472.200709934,185.32,True
20251031,130015,830184.7660221388,6513278.485852232,397.84,True
20251031,170539,851748.4856599637,6513773.393403733,233.92,True
20251031,81850,865683.9793911537,6514133.522354287,285.58,True
20251031,107702,811405.9058153396,6512970.896518111,630.61,False
20251031,77217,839450.4,6513551.4,269.82,True
20251031,71718,814625.0355397536,6513060.976930878,458.84,False
20251031,3473,842131.4745333131,6513635.883652401,175.81,True
20251031,118741,845610.102002743,6513717.368207606,210.61,True
20251031,160374,875920.8738902,6514541.671001716,368.60,False
20251031,106673,844420.3058968112,6513750.988360673,195.56,True
20251031,137088,845500.6096384247,6513776.485787007,212.66,True
20251031,177596,837893.7927194319,6513662.703415529,279.91,True
20251031,60498,850036.3290911992,6513947.326650741,224.27,True
20251031,52764,840930.9,6513766.7,213.48,True
20251031,183357,846599.5703815068,6513926.043981085,203.66,True
20251031,100906,849948.4015123456,6514006.892759061,230.56,True
20251031,77636,824690.0772048307,6513473.025497276,668.73,True
20251031,100505,841045.6180880513,6513828.463065713,208.94,True
20251031,120047,870189.9316846977,6514596.190889741,237.00,False
20251031,139110,841887.3905282503,6513907.942178755,183.37,True
20251031,181027,844412.380363078,6513966.732012284,197.15,True
20251031,135560,844804.1260285695,6513976.018395363,207.80,True
20251031,177682,844870.3894970594,6513977.625887244,209.43,True
20251031,50347,847958.4846794347,6514051.200636818,226.01,True
20251031,176532,852257.8557144208,6514156.284060424,235.84,True
20251031,186419,846596.6259460541,6514049.399035726,220.83,True
20251031,47532,835779.2544498276,6513839.377196462,325.79,True
20251031,94303,845839.7150798093,6514062.2347894525,200.93,True
20251031,190128,840200.0389543988,6513961.759162532,222.00,True
20251031,72589,831492.273304912,6513800.011155302,324.63,True
20251031,139765,846378.3700849101,6514136.762155249,201.59,True
20251031,51084,846486.3938749206,6514139.337787887,216.42,True
20251031,70905,853270.1957177129,6514304.893901953,238.40,True
20251031,91302,855300.9793814495,6514355.9126743805,235.57,True
20251031,67039,845275.7953547584,6514141.438151355,208.96,True
20251031,104681,835768.1733328096,6513985.609820058,336.94,True
20251031,134364,840067.5932717922,6514082.159417157,216.78,True
20251031,93152,861325.9869856156,6514603.805946712,261.14,True
20251031,59489,850435.6695091212,6514356.746807735,226.41,True
20251031,23608,840203.8,6514147.4,220.27,True
20251031,186536,841385.1436353378,6514174.648638159,186.21,True
20251031,39477,846179.5228636923,6514317.163653471,204.81,True
20251031,60012,850154.651498182,6514413.069784156,232.90,True
20251031,180459,847150.9678545021,6514371.219958264,209.78,True
20251031,48597,855122.6946672967,6514567.408449889,237.77,True
20251031,161227,843973.7235085308,6514357.624032523,202.56,True
20251031,84102,861623.5607873877,6514796.779848623,254.61,True
20251031,47179,840494.0478947506,6514338.745115518,220.76,True
20251031,89721,845030.8600621831,6514444.210540618,199.89,True
20251031,40054,845052.4637422616,6514444.720774807,201.89,True
20251031,128879,861514.809406288,6514855.386953274,254.80,True
20251031,125808,840579.7581396007,6514371.562128303,203.38,True
20251031,88482,847104.0664137516,6514524.378266458,209.82,True
20251031,97753,844640.5408244135,6514496.7172916215,200.49,True
20251031,188241,868079.2237664594,6515093.522203359,234.45,False
20251031,68123,840818.5712632264,6514431.036237576,201.28,True
20251031,72451,861273.8720958675,6514941.877032888,275.94,True
20251031,155300,845632.8370840801,6514581.881292575,211.58,True
20251031,161816,854662.8125911434,6514802.6676292,239.23,True
20251031,72306,835651.2910634656,6514384.142929786,361.86,True
20251031,109579,843882.2497173583,6514571.472250867,197.60,True
20251031,156924,856606.2361600624,6514882.780105354,253.96,True
20251031,76615,873995.3061841981,6515350.890019033,260.95,False
20251031,147094,840857.0723700622,6514532.194669029,193.21,True
20251031,77717,847532.4296186283,6514688.93644457,205.25,True
20251031,193888,840509.4164336466,6514555.596473308,197.73,True
20251031,118092,854725.2888211127,6514896.813454572,238.90,True
20251031,132158,822665.2102684523,6514203.595386714,801.93,True
20251031,111466,848631.1854031617,6514838.858097464,218.64,True
20251031,179777,849646.4911223116,6514863.516526415,236.61,True
20251031,107238,861376.2087876019,6515160.572877128,244.93,True
20251031,157783,845692.5250417289,6514799.290567895,219.25,True
20251031,2084,864140.3166279601,6515264.697063496,302.45,True
20251031,171218,855607.0655748579,6515073.381780059,241.00,True
20251031,88725,841068.1468873713,6514753.029381703,185.36,True
20251031,100628,832275.085009742,6514588.187858994,322.47,True
20251031,158137,837891.8542645122,6514711.740596904,262.96,True
20251031,4643,839746.3208664297,6514753.896019934,212.85,True
20251031,131632,852473.3012084195,6515056.483447568,224.69,True
20251031,185892,839251.4248148832,6514804.130795467,235.61,True
20251031,48592,844392.7501377838,6514922.87095945,199.65,True
20251031,117868,853400.6243464237,6515141.293752713,232.93,True
20251031,114180,832273.0921433344,6514680.708987686,322.99,True
20251031,39679,841410.237277149,6514915.17597259,183.78,True
20251031,72207,842879.1708622405,6514949.178906157,187.53,True
20251031,79407,852988.6640012637,6515192.730231698,234.44,True
20251031,173492,861630.5725865342,6515416.740106558,262.72,True
20251031,81942,863205.7431056837,6515455.794715126,263.61,True
20251031,76722,854348.7510815398,6515257.624821376,229.75,True
20251031,61337,838493.4620619763,6514910.424326638,243.79,True
20251031,51732,838642.8,6514923.1,246.72,True
20251031,92133,840112.8661477198,6514950.440675721,187.34,True
20251031,48596,841171.1969319833,6514971.387274944,195.12,True
20251031,105639,861774.0214619773,6515477.198512513,246.83,True
20251031,130079,832162.4228926173,6514801.744899764,321.35,True
20251031,121947,843093.0338934644,6515046.726440514,211.74,True
20251031,45278,861734.4933387998,6515509.439870885,274.56,True
20251031,38374,861733.681075642,6515540.276701249,274.56,True
20251031,99937,861755.2808998255,6515540.845693379,262.56,True
20251031,176908,827235.7503944868,6514759.398601292,469.28,True
20251031,58947,832117.8909843317,6514862.495975604,322.35,True
20251031,192968,843134.7992948242,6515109.411648663,196.24,True
20251031,193079,843156.4006348395,6515109.915212799,189.74,True
20251031,174007,845228.38951591,6515161.458489404,201.51,True
20251031,165788,833737.3804144241,6514928.407694914,307.23,True
20251031,192817,843198.164940749,6515172.6008493705,196.09,True
20251031,34591,844775.0418602413,6515209.577003459,194.17,True
20251031,40316,846870.3292787481,6515259.336229787,205.63,True
20251031,186044,866439.8872107198,6515758.622834754,256.08,True
20251031,90269,843780.6723829004,6515217.06884275,190.41,True
20251031,48037,846826.3902380053,6515289.141756356,208.63,True
20251031,182919,844255.1891181599,6515259.03205365,191.81,True
20251031,167974,845421.6099917996,6515286.567839165,203.34,True
20251031,82630,847279.2650300285,6515330.843929833,204.05,True
20251031,85524,850670.5306188052,6515413.123032787,222.47,True
20251031,182240,840323.0863304095,6515198.792731943,212.78,True
20251031,89285,844914.1053967779,6515336.200266017,180.22,True
20251031,164101,846719.7,6515407.8,208.63,True
20251031,164313,874254.2329048255,6516129.731370569,250.20,False
20251031,164102,846736.3025081886,6515441.269902014,211.53,True
20251031,13011,849285.1102627539,6515502.7100047665,220.76,True
20251031,23336,815046.4568740033,6514796.620538881,661.08,False
20251031,139142,815002.6743873935,6514826.653371601,654.08,False
20251031,124637,844704.4246591395,6515454.761131518,196.95,True
20251031,107237,861573.555709462,6515875.5012011845,249.77,True
20251031,95228,842500.4868247325,6515434.072747292,190.71,True
20251031,86946,841138.9619343361,6515433.48134728,197.97,True
20251031,189198,831072.4248686082,6515241.200995788,351.17,True
20251031,99724,847703.8573243401,6515649.607228349,264.67,True
20251031,87395,849863.7921980704,6515701.947082946,235.69,True
20251031,124015,875068.790797191,6516368.92510231,252.28,False
20251031,146089,844657.5915966696,6515607.937992288,196.54,True
20251031,131961,845610.2547082959,6515631.71286668,222.33,True
20251031,120953,874032.6983774129,6516369.62931063,226.42,False
20251031,149976,841157.7261887788,6515557.335366875,185.82,True
20251031,1909,844678.4645131169,6515639.285870069,198.57,True
20251031,168933,847096.5116334379,6515695.624551313,202.83,True
20251031,79724,852929.3315665817,6515839.2511174735,230.86,True
20251031,161590,835757.0491378141,6515466.407106536,319.66,True
20251031,51502,841243.4158151884,6515590.161616945,188.14,True
20251031,35696,845369.8731473776,6515687.003436777,206.56,True
20251031,152878,856470.7188609766,6515959.339424816,263.71,True
20251031,24253,838931.545534211,6515568.270849691,278.74,True
20251031,147877,841156.3082160752,6515619.014101854,178.54,True
20251031,72278,846258.2238326168,6515743.461884681,199.53,True
20251031,126103,848998.7,6515804.0,203.85,True
20251031,181977,842278.0530989913,6515706.616742234,182.86,True
20251031,50261,848757.7446712442,6515860.189611653,235.32,True
20251031,168288,848844.139455634,6515862.283446679,223.39,True
20251031,193615,842018.3306767851,6515727.50116915,181.64,True
20251031,189635,845171.6061825034,6515805.20644845,195.49,True
20251031,173658,846183.907771687,6515825.152675941,203.43,True
20251031,125669,840483.8988911873,6515727.014834569,262.37,True
20251031,94785,841131.8731556989,6515741.875047143,203.84,True
20251031,39485,849836.1721579217,6515948.126591074,216.54,True
20251031,72219,842880.6781325743,6515813.1783630615,188.59,True
20251031,72419,843183.0620713865,6515820.222659784,183.96,True
20251031,114552,840374.4928667223,6515786.223688491,261.94,True
20251031,89395,844357.6247487611,6515874.264196018,204.60,True
20251031,91758,849623.3737305851,6516002.427471536,219.50,True
20251031,120952,873872.2241207446,6516643.518938084,219.51,False
20251031,72271,845233.4848925269,6515930.094408434,206.41,True
20251031,116860,843526.4805307431,6515920.808780435,190.77,True
20251031,141521,844804.4594807659,6515952.639460065,201.18,True
20251031,49221,848187.0,6516019.3,229.97,True
20251031,138084,847434.2961223068,6516075.11823388,228.63,True
20251031,132407,848967.7455099158,6516112.133965233,225.04,True
20251031,175640,849572.4835636828,6516126.837023769,226.33,True
20251031,117957,846202.4453317644,6516076.466027082,195.89,True
20251031,46364,848103.6601188672,6516122.659727077,227.68,True
20251031,41897,837692.058790605,6515910.613215827,257.24,True
20251031,136336,838296.8167488009,6515924.205623808,199.33,True
20251031,72230,844041.9496011626,6516056.304454668,198.66,True
20251031,177150,846173.3,6516113.1,206.19,True
20251031,77716,840779.9227990372,6516011.495732643,271.16,True
20251031,184051,843609.2676936722,6516077.024376658,195.74,True
20251031,98500,809201.1306778197,6515399.497953314,638.14,False
20251031,72274,844127.2252447013,6516114.65441991,193.22,True
20251031,91446,845357.9645948003,6516149.033303698,211.45,True
20251031,6620,850778.9258278254,6516279.7746805595,204.19,True
20251031,157859,852549.8918770691,6516323.524304124,221.62,True
20251031,181387,840756.9394941734,6516071.579986689,273.94,True
20251031,182511,840778.5672813108,6516070.70636384,275.54,True
20251031,7153,842074.382401693,6516103.0255211545,191.48,True
20251031,72665,843003.1344389886,6516125.055857877,197.39,True
20251031,181531,844645.0581789886,6516163.315708053,196.02,True
20251031,72523,845030.5548443986,6516170.649385265,203.83,True
20251031,72254,846374.3291420398,6516207.20498203,195.53,True
20251031,72275,845896.4404171334,6516223.518320772,211.00,True
20251031,123385,844968.3279425821,6516229.789824449,202.64,True
20251031,77630,853734.6389228159,6516476.506158115,227.30,True
20251031,83639,836348.1528265215,6516096.607046354,342.11,True
20251031,146619,841121.2399900705,6516204.465495682,181.10,True
20251031,94786,841142.8374778677,6516204.961976419,172.08,True
20251031,72122,842786.3368641394,6516248.540036476,206.65,True
20251031,2763,845819.7293577277,6516307.391405215,202.21,True
20251031,184461,846066.7045695721,6516319.7185375765,196.53,True
20251031,54014,851703.7945415339,6516456.843315035,231.46,True
20251031,94225,851854.2079063447,6516491.4189426415,222.17,True
20251031,51372,839478.4245620684,6516228.634361922,307.66,True
20251031,119267,842825.2972980946,6516336.048916271,195.35,True
20251031,177292,852846.1083869535,6516577.748402727,236.36,True
20251031,117867,853969.106950354,6516605.810946169,242.27,True
20251031,109655,843966.7860237965,6516389.4674218455,198.56,True
20251031,40211,846539.2094979059,6516454.820792302,201.62,True
20251031,114436,853471.6257492447,6516624.211199271,226.75,True
20251031,105176,828116.0272450867,6516073.5782464,459.32,True
20251031,169638,847794.224446651,6516515.125012412,242.83,True
20251031,77192,828806.513765492,6516118.880020345,382.07,True
20251031,111609,841376.1486516789,6516395.464245137,205.42,True
20251031,162678,846553.7,6516521.8,227.40,True
20251031,115714,849132.9,6516572.8,224.62,True
20251031,155281,838893.1519377535,6516369.73208369,288.13,True
20251031,150293,849128.5419410913,6516609.743294215,224.22,True
20251031,71379,841763.4668054444,6516466.107224684,201.91,True
20251031,160482,844417.9690829735,6516530.110263192,184.58,True
20251031,20934,847830.6,6516613.2,244.63,True
20251031,82320,836773.9262091893,6516383.773930676,325.50,True
20251031,178485,832648.2294388023,6516324.100483328,294.77,True
20251031,105760,841243.7296058065,6516515.838935959,183.49,True
20251031,153327,844914.5,6516635.1,194.35,True
20251031,148185,845562.2417264802,6516647.5719450135,201.02,True
20251031,110434,846056.8344280878,6516662.594970127,197.89,True
20251031,193735,847897.3064221967,6516702.723051272,247.47,True
20251031,18064,848391.2929853564,6516715.304394688,228.75,True
20251031,121552,811977.9978376242,6515974.006260696,674.40,False
20251031,50046,838154.0395924612,6516507.242173793,232.90,True
20251031,165815,846079.9735599433,6516690.47065269,197.69,True
20251031,166457,867717.827031351,6517243.772466769,236.28,False
20251031,127186,835345.8102712543,6516475.5435542185,333.53,True
20251031,48612,838174.8768041581,6516535.0206090985,234.90,True
20251031,55685,839081.9855413679,6516559.0501936665,287.02,True
20251031,170279,840310.57370939,6516588.506412936,313.90,True
20251031,130363,841888.2151356342,6516621.259963482,192.19,True
20251031,98862,841997.1967263707,6516625.8088325495,194.22,True
20251031,72444,842752.604349428,6516674.16287352,195.20,True
20251031,41015,847961.4343580735,6516796.652065809,240.69,True
20251031,112313,852945.6376369257,6516919.65503727,224.79,True
20251031,168494,842623.2546123159,6516696.158508821,190.24,True
20251031,5081,844090.8189482527,6516736.28315457,203.34,True
20251031,2766,844241.3020366179,6516739.295860934,191.79,True
20251031,177764,844306.7750372309,6516741.355845773,194.49,True
20251031,97035,848150.7632901126,6516832.9208731195,217.60,True
20251031,24264,848948.7515246562,6516856.946366487,222.91,True
20251031,47188,855730.5909549722,6517020.531751861,283.69,True
20251031,117227,857544.5320309306,6517066.818001272,252.85,True
20251031,117497,843744.5667221925,6516759.021694437,193.95,True
20251031,50942,825604.7226102254,6516392.221622595,721.73,True
20251031,107672,846076.140547612,6516844.916006234,210.17,True
20251031,99259,846875.1630275515,6516863.981319794,224.60,True
20251031,17643,850308.771679652,6516947.094376875,224.87,True
20251031,168300,852295.4923849343,6516996.062072548,226.74,True
20251031,164060,836335.8246008235,6516651.725179507,280.71,True
20251031,71271,840244.657365387,6516739.778737944,321.27,True
20251031,72260,845358.9104514986,6516887.645459233,197.31,True
20251031,112119,845513.2017925424,6516893.258643489,183.22,True
20251031,186126,846136.0008529266,6516908.257499589,195.04,True
20251031,146251,831972.0896870593,6516618.074993797,328.03,True
20251031,72213,842273.2071082086,6516848.168553025,191.40,True
20251031,80772,842791.4919818613,6516860.2023166,200.25,True
20251031,72229,844158.2284281905,6516885.403009073,196.55,True
20251031,169340,844886.2162712769,6516909.2845980665,202.10,True
20251031,72227,845446.794456314,6516922.88154225,202.31,True
20251031,61242,847690.7318722805,6516969.630473553,229.95,True
20251031,141950,831971.4267009108,6516648.915363001,329.23,True
20251031,91823,837219.1876579868,6516763.972352528,263.13,True
20251031,71269,840372.1679844592,6516835.423823127,317.33,True
20251031,156376,841235.9247938703,6516855.071633356,197.49,True
20251031,173410,845704.3,6516956.1,216.69,True
20251031,92229,850197.7790750336,6517067.804573529,218.27,True
20251031,155107,843286.7410281592,6516933.4539232105,193.38,True
20251031,1864,841882.3544384671,6516931.6897204,196.25,True
20251031,72264,844862.4379987109,6517001.291673607,200.10,True
20251031,72265,845207.9527380057,6517009.455056661,211.61,True
20251031,118994,843908.7,6517008.2,202.68,True
20251031,182244,846718.8372150917,6517076.237202549,236.53,True
20251031,135189,847409.8577851935,6517092.792392481,221.81,True
20251031,48676,837216.548173652,6516887.322760785,273.77,True
20251031,82641,843933.8279600136,6517033.355847672,202.58,True
20251031,175799,846269.6,6517091.5,192.66,True
20251031,94009,846608.0481089201,6517102.935854773,207.72,True
20251031,46356,853023.5611370999,6517261.024859446,223.95,True
20251031,77531,837020.9668778664,6516915.422862596,264.04,True
20251031,88019,846998.0875579749,6517144.630669054,221.31,True
20251031,72261,842097.4482253233,6517063.849417002,192.30,True
20251031,130458,846306.4689404009,6517159.043357176,212.96,True
20251031,72259,846803.2746840381,6517171.433712352,218.59,True
20251031,122728,847386.0420797289,6517184.789677632,223.10,True
20251031,125974,837859.2,6516991.2,236.95,True
20251031,85064,840214.6084874471,6517048.013613666,344.37,True
20251031,149147,841965.1680619179,6517087.8830384705,196.33,True
20251031,7836,842439.4002898772,6517095.492474564,187.02,True
20251031,62877,843973.4378563676,6517134.6568262335,200.38,True
20251031,81879,844811.4891708414,6517144.980567152,200.79,True
20251031,72272,846502.8797396665,6517196.018093752,222.78,True
20251031,119222,842828.2243350502,6517138.759416979,201.63,True
20251031,96958,844706.913187766,6517182.759852274,199.84,True
20251031,72273,844793.2893621647,6517184.796686369,202.60,True
20251031,18414,869387.6728271199,6517814.231795014,266.64,False
20251031,77971,828707.0,6516853.0,456.65,True
20251031,91993,839568.7020191915,6517100.897435701,291.51,True
20251031,39339,850471.7031458081,6517352.223886097,214.11,True
20251031,165090,849348.0908616967,6517355.639466099,211.20,True
20251031,117499,841187.7,6517183.4,176.79,True
20251031,94254,843711.419114359,6517251.940736028,190.77,True
20251031,126138,841076.2531258314,6517221.667743195,183.23,True
20251031,87969,841464.9432283231,6517230.613170232,203.30,True
20251031,72212,843020.335849617,6517274.029998594,194.53,True
20251031,20569,846712.2034602648,6517353.785350762,241.76,True
20251031,92126,846733.7969048977,6517354.30149964,228.53,True
20251031,168866,832956.1538294205,6517071.274828835,315.18,True
20251031,79707,850382.3072217114,6517473.4600889925,209.99,True
20251031,118221,841139.6166605289,6517284.835611741,202.48,True
20251031,98903,844313.8697975089,6517358.642940736,174.31,True
20251031,172053,840404.7248519163,6517298.837687536,314.67,True
20251031,145384,842607.2669274369,6517349.612906749,194.87,True
20251031,121715,845759.8931715236,6517423.666384432,204.54,True
20251031,181155,848199.9131580356,6517482.093331568,236.92,True
20251031,115994,841267.7592674666,6517349.494664716,196.44,True
20251031,182324,845910.3124554894,6517458.096345952,204.83,True
20251031,158542,849926.5935521958,6517554.882248507,215.95,True
20251031,154774,841137.4893780538,6517377.353617799,197.48,True
20251031,142890,843059.2917033741,6517421.842957246,192.76,True
20251031,186241,844422.6,6517456.0,203.87,True
20251031,72228,844786.7425052705,6517462.346875048,200.59,True
20251031,96629,830426.3168176503,6517171.274256737,418.93,True
20251031,141389,840359.4220050486,6517390.36826835,318.31,True
20251031,155767,853249.9625031879,6517698.8043493545,221.24,True
20251031,72262,844743.1237469508,6517526.119761063,197.08,True
20251031,57058,843316.2498952168,6517520.404792531,190.76,True
20251031,123405,843918.0202268269,6517528.134093549,198.76,True
20251031,132093,845910.1,6517582.7,202.59,True
20251031,133474,846619.9364649913,6517598.431028408,224.11,True
20251031,168867,833942.1,6517338.1,298.66,True
20251031,54901,841652.8827862496,6517512.648587223,196.46,True
20251031,185784,844978.1663860338,6517590.289522373,202.13,True
20251031,4874,853334.3708974627,6517793.35183638,220.06,True
20251031,127272,863525.5312715307,6518056.412659694,271.01,True
20251031,88166,843786.2276003832,6517584.785338724,206.14,True
20251031,72277,845387.7176748186,6517630.879917732,200.19,True
20251031,193035,845841.136745824,6517641.5895022275,201.27,True
20251031,61822,861581.5236374759,6518035.783888968,251.47,True
20251031,71377,842969.5755372152,6517604.770479595,188.26,True
20251031,24189,866719.297795582,6518204.054840536,261.18,True
20251031,32963,832927.2128406194,6517410.049943715,316.81,True
20251031,136328,842838.3091949199,6517632.358713926,189.29,True
20251031,72428,846616.9898659845,6517721.78577312,204.93,True
20251031,192937,861579.8999812902,6518097.457485338,260.28,True
20251031,61815,843910.6723397389,6517687.476244682,202.33,True
20251031,59090,852553.9953663675,6517897.334251226,218.02,True
20251031,72231,845213.7785973725,6517755.286904379,201.71,True
20251031,133546,845579.101649266,6517758.79364836,200.59,True
20251031,142814,860585.1060408514,6518133.064694944,253.52,True
20251031,92990,843635.0908362156,6517743.849080787,193.79,True
20251031,141363,844414.0233254513,6517761.823011314,202.46,True
20251031,72442,847003.4324819279,6517823.597958557,214.96,True
20251031,98904,844498.0463275732,6517794.960225911,175.16,True
20251031,50357,849010.7126189676,6517902.85841719,224.11,True
20251031,180628,841539.2290883658,6517756.872236825,200.19,True
20251031,71960,841620.3,6517755.1,199.15,True
20251031,133734,844447.6304456885,6517825.837748413,210.56,True
20251031,19700,845101.9937781022,6517840.3204177795,189.40,True
20251031,77633,850020.7,6517955.9,208.05,True
20251031,158585,813575.6107601463,6517206.610248992,707.83,False
20251031,1897,841668.0694158919,6517790.700348958,194.15,True
20251031,124946,842466.9688296062,6517809.191898687,198.90,True
20251031,71378,842488.5606722152,6517809.693113481,201.77,True
20251031,176092,843212.246930737,6517822.011832477,174.10,True
20251031,70501,845964.8241508439,6517891.379243245,199.44,True
20251031,103504,846871.6678378102,6517913.012468861,210.91,True
20251031,172062,861553.4388335054,6518281.909904463,262.34,True
20251031,76044,839249.0650704426,6517766.199258115,292.75,True
20251031,113632,843655.2943254681,6517860.394018469,194.44,True
20251031,135672,844776.5585075647,6517894.091532126,199.02,True
20251031,34482,849051.6489177782,6517996.422124041,219.81,True
20251031,48598,833526.455882259,6517669.894476755,310.81,True
20251031,47192,833569.5574597333,6517658.952745037,310.31,True
20251031,71931,841798.190998386,6517858.866549834,196.80,True
20251031,97487,842465.5371891675,6517870.870243138,197.20,True
20251031,72409,846025.60424897,6517949.227412249,208.99,True
20251031,158199,848986.1267719349,6518025.687837817,221.71,True
20251031,184218,849956.5,6518051.0,207.25,True
20251031,86903,838254.4421639342,6517805.425522627,286.78,True
20251031,71829,841781.9248852297,6517881.076467732,201.98,True
20251031,111602,844840.100365227,6517957.860272097,197.38,True
20251031,72408,846008.9707511895,6517983.417903237,204.68,True
20251031,138807,846132.007096757,6517989.12129027,197.27,True
20251031,89212,833568.298300724,6517732.514432263,306.38,True
20251031,190764,843287.4029797732,6517950.554414888,204.11,True
20251031,96216,843302.2212645126,6517953.655819345,205.11,True
20251031,172564,834323.3463296484,6517779.846592359,297.38,True
20251031,183020,838900.8012557433,6517881.729599179,295.87,True
20251031,171016,839292.6489821931,6517893.179214225,295.23,True
20251031,190911,841784.2828669357,6517953.45658862,192.68,True
20251031,72433,842836.1138674164,6517968.467138624,197.09,True
20251031,72256,844708.875453652,6518015.919598296,199.52,True
20251031,106783,849500.1,6518135.3,209.19,True
20251031,140937,850711.1356152677,6518160.374250647,223.37,True
20251031,79409,839137.6095101474,6517917.948695263,303.43,True
20251031,97754,842119.1769063021,6517989.703552751,197.70,True
20251031,71854,848097.9143273875,6518127.617160843,224.60,True
20251031,187512,844491.5121657264,6518072.510623782,201.08,True
20251031,54598,845204.0114573042,6518089.325842387,205.06,True
20251031,123398,847384.6789064469,6518141.3045774195,233.41,True
20251031,9951,853883.3882935365,6518300.806686555,325.53,True
20251031,191096,856582.1375870866,6518369.06730142,281.87,True
20251031,184823,836566.8411408268,6517921.919891798,258.75,True
20251031,1911,841835.103235732,6518041.403659796,191.81,True
20251031,173837,842547.6061563828,6518057.910498999,194.75,True
20251031,72435,843863.9,6518088.8,197.52,True
20251031,180876,844577.1493682512,6518105.383347219,187.12,True
20251031,51616,845656.687202955,6518130.908293752,198.86,True
20251031,167810,846348.3574206297,6518149.148275426,208.61,True
20251031,6852,850039.5641736975,6518236.489998045,197.59,True
20251031,62092,841923.7966016222,6518079.224139854,172.81,True
20251031,46808,842849.161769994,6518095.777512416,192.78,True
20251031,97900,842935.5250971555,6518097.788205288,193.77,True
20251031,71959,843434.5417871042,6518112.424814562,197.19,True
20251031,72431,846323.0959859978,6518172.514772244,203.11,True
20251031,82022,846374.1,6518174.1,204.11,True
20251031,172400,868821.5799575865,6518755.2688612435,230.99,False
20251031,80885,842956.3976091931,6518129.130178427,190.07,True
20251031,72420,845525.6804495584,6518189.512888137,202.64,True
20251031,180886,850685.7592402295,6518314.035019704,221.98,True
20251031,186982,864977.9624139048,6518681.5962115135,269.06,True
20251031,80661,843301.128819403,6518168.02534627,192.75,True
20251031,191587,843365.9005549315,6518169.538021843,196.55,True
20251031,175480,843603.2940448031,6518174.795654106,195.78,True
20251031,14122,845505.2398919122,6518225.542396765,203.64,True
20251031,175884,845524.9492243215,6518220.351694284,204.64,True
20251031,97220,841897.0243098859,6518166.257796246,193.20,True
20251031,93029,844230.2054915365,6518223.359532114,197.89,True
20251031,185911,835354.3168341491,6518049.3352866145,294.10,True
20251031,76266,835375.9078320148,6518049.811480195,283.10,True
20251031,175450,844076.9406770358,6518247.900522581,199.27,True
20251031,90224,845544.8933326667,6518281.972923292,202.45,True
20251031,188146,850122.1538572178,6518392.793117713,221.05,True
20251031,102509,835396.8184839826,6518081.12771887,283.10,True
20251031,90145,839196.7883777875,6518166.133780621,302.17,True
20251031,86127,843212.6076291092,6518258.526743525,189.65,True
20251031,72646,843946.6755381746,6518275.699838466,193.13,True
20251031,113340,844036.6432762215,6518274.940489048,202.92,True
20251031,186901,844054.6265278402,6518278.232698832,205.52,True
20251031,117500,841678.982604678,6518253.787645028,188.95,True
20251031,77529,842780.084571631,6518279.305064424,197.26,True
20251031,183130,845068.6347006748,6518332.973256398,196.32,True
20251031,181695,838720.4009260533,6518217.058549565,302.57,True
20251031,71930,841872.5821579879,6518289.115597267,214.08,True
20251031,49695,842002.123057534,6518292.111479514,199.53,True
20251031,189141,843189.5783481671,6518319.70114074,196.55,True
20251031,72666,843707.7344966619,6518331.813313833,192.95,True
20251031,140035,844854.2396142446,6518358.515628105,195.96,True
20251031,176063,830515.2683008979,6518067.943969591,398.39,True
20251031,154624,837683.3674926554,6518224.561903447,232.89,True
20251031,39072,840533.2830075305,6518289.157639248,337.81,True
20251031,72667,844137.9,6518377.1,198.27,True
20251031,115693,845213.8980549147,6518399.694164745,193.87,True
20251031,46367,830514.6124757262,6518098.784467947,392.62,True
20251031,93436,836452.0272826487,6518227.917252397,257.57,True
20251031,177135,842140.5976248212,6518352.566897288,204.32,True
20251031,119274,846642.4893669079,6518462.9456549045,207.69,True
20251031,148352,823345.7514693411,6517981.380427378,576.81,True
20251031,187396,839106.9309907748,6518318.373448889,299.37,True
20251031,72125,839667.0053764454,6518333.530100598,301.26,True
20251031,1910,842886.487875888,6518404.566117607,189.47,True
20251031,111791,845799.7631502327,6518473.723422276,204.20,True
20251031,178631,848649.9119268609,6518540.513761525,206.45,True
20251031,163014,850959.6028897538,6518598.47589254,218.07,True
20251031,101390,869395.9,6519082.6,233.61,False
20251031,81986,840502.6,6518385.0,328.23,True
20251031,149541,841956.0894654556,6518414.469435317,195.50,True
20251031,9925,844805.7190262501,6518487.363094571,200.07,True
20251031,159042,847115.9803821761,6518535.990300113,207.39,True
20251031,23321,821919.5011762325,6518014.590479802,510.91,True
20251031,71961,842177.5415572752,6518447.774332301,199.78,True
20251031,72441,843337.107297932,6518477.424334111,188.42,True
20251031,43600,844135.9173133142,6518496.133120478,190.48,True
20251031,191716,844373.3022222413,6518501.490253403,210.57,True
20251031,74588,845905.5111229153,6518568.805141843,202.37,True
20251031,118748,848820.0326836278,6518638.7890751,211.78,True
20251031,158860,841501.5183986129,6518497.403074209,176.24,True
20251031,72147,841825.663286744,6518503.409576412,196.80,True
20251031,92445,842990.2381227014,6518531.044448156,199.82,True
20251031,107498,843443.6131187254,6518541.624564174,194.60,True
20251031,83429,845883.4555892322,6518600.13822638,203.12,True
20251031,72456,846962.6398495182,6518624.885324481,203.45,True
20251031,98798,841456.6822561254,6518526.360902429,191.79,True
20251031,53743,842147.539617603,6518542.323716798,200.10,True
20251031,177857,842363.4321740629,6518547.328045315,194.59,True
20251031,166635,845504.5712533179,6518613.376368462,202.96,True
20251031,72120,839078.4702825942,6518503.163130275,294.93,True
20251031,61202,839102.7369648084,6518503.410735377,293.53,True
20251031,72121,841585.5066677588,6518560.187267439,208.94,True
20251031,72149,842317.8736931148,6518572.610629927,195.59,True
20251031,72650,843528.527683504,6518605.321691113,199.60,True
20251031,189287,844111.431191582,6518618.981976584,196.34,True
20251031,111835,847071.9944181263,6518683.20300309,205.42,True
20251031,72463,847131.1389834462,6518697.535593378,205.82,True
20251031,176061,836684.0264274499,6518479.92060254,253.64,True
20251031,134691,843096.0273974813,6518626.077740813,181.25,True
20251031,165526,845276.5042704367,6518677.3074701475,192.81,True
20251031,49264,835452.7424319823,6518483.476437679,279.20,True
20251031,13038,841476.1387618466,6518619.376383023,234.39,True
20251031,134584,841972.6851461104,6518630.843369185,195.49,True
20251031,180587,844174.7491700731,6518682.181118562,195.27,True
20251031,53559,844022.9039797524,6518709.47166213,196.44,True
20251031,156363,848599.6629096554,6518818.588177786,200.14,True
20251031,138499,832925.4269168674,6518489.926016956,327.09,True
20251031,1853,840719.1086410673,6518663.682426227,332.66,True
20251031,176000,842100.7906645279,6518695.51976304,205.59,True
20251031,87500,842252.1760325758,6518699.745756078,199.12,True
20251031,1852,843309.756528785,6518723.632610713,189.62,True
20251031,123047,843698.9503839731,6518734.740626971,197.70,True
20251031,138518,844324.4200169167,6518747.411148179,200.03,True
20251031,72434,845574.7193204392,6518772.937024079,191.51,True
20251031,176675,847627.5497898478,6518825.974700084,206.42,True
20251031,130457,837544.9535021113,6518619.934464796,231.63,True
20251031,166741,840504.8627484236,6518690.589385775,309.10,True
20251031,72180,841258.1191812147,6518706.921158607,263.13,True
20251031,71932,842294.374062521,6518730.861012832,198.02,True
20251031,155440,847561.939689434,6518855.26073505,200.03,True
20251031,96000,842166.8996754935,6518757.239383438,185.34,True
20251031,192329,842423.1899266188,6518764.704958269,196.92,True
20251031,72415,844449.7,6518813.6,190.92,True
20251031,151245,844493.7846274516,6518822.773676757,194.30,True
20251031,72462,844992.2067470851,6518824.864398954,203.28,True
20251031,151506,845531.6950279457,6518838.0098391455,195.02,True
20251031,70241,845790.9715255473,6518843.788610604,194.33,True
20251031,66562,847280.5532878195,6518879.357434859,209.94,True
20251031,73818,847755.4905801632,6518890.774238977,204.82,True
20251031,57654,848514.6654826787,6518919.497548795,208.65,True
20251031,91082,843005.3596606206,6518809.099347918,194.75,True
20251031,72410,843804.1265078968,6518827.764951107,194.51,True
20251031,78899,850064.6460785868,6518977.663789508,206.26,True
20251031,169639,855137.7114738604,6519103.818236407,270.15,True
20251031,175411,838029.4,6518717.7,236.50,True
20251031,35778,840648.5738381961,6518785.287779843,318.35,True
20251031,71966,842184.2874804257,6518820.8766769655,201.09,True
20251031,71246,843329.0271734843,6518847.907044061,192.51,True
20251031,108160,843587.5222461966,6518853.548964049,202.91,True
20251031,85288,845035.8217279938,6518887.927014432,195.22,True
20251031,69450,846415.557117224,6518920.371154154,207.02,True
20251031,189143,846522.6807607063,6518915.989910781,202.78,True
20251031,99157,839981.569899141,6518801.0925777815,296.04,True
20251031,96712,842203.5939995883,6518853.039007911,191.89,True
20251031,72117,842550.5717008318,6518860.229895444,207.09,True
20251031,164931,846803.5377940818,6518959.179771801,212.61,True
20251031,192167,870613.5731482378,6519576.312187986,236.76,False
20251031,30810,837974.0,6518794.6,256.60,True
20251031,169129,843046.3797365237,6518902.622899107,197.75,True
20251031,134811,843953.0740445807,6518923.824914925,190.67,True
20251031,87453,844017.3784418778,6518928.138921952,190.87,True
20251031,137641,846522.0241196204,6518984.624787306,205.78,True
20251031,108531,847925.2213293534,6519018.288936838,203.00,True
20251031,184459,873051.8658132984,6519675.453915989,240.56,False
20251031,78284,874303.8083421014,6519710.890282551,271.85,False
20251031,96178,842073.1148068528,6518911.404921286,187.92,True
20251031,71958,842203.7318846365,6518913.894448632,198.09,True
20251031,105907,844880.6249777316,6518976.509395072,217.65,True
20251031,179692,846089.5354332704,6519005.169862871,209.15,True
20251031,109095,848939.0875621594,6519073.66896582,218.93,True
20251031,184825,860919.8004481283,6519376.153985808,252.36,True
20251031,31483,860941.3867782924,6519376.720114807,248.36,True
20251031,104982,873137.3368299331,6519708.724791501,241.35,False
20251031,131423,838986.4083951735,6518871.039644049,292.41,True
20251031,73798,840778.2154153587,6518911.88264885,296.78,True
20251031,76118,843216.7795265645,6518966.4479194665,194.89,True
20251031,72458,843757.3377959256,6518980.948350417,202.91,True
20251031,122390,846865.951104217,6519054.558840206,207.12,True
20251031,87458,842009.3240459315,6518967.898486628,193.58,True
20251031,67601,844297.8967997483,6519024.71920151,196.58,True
20251031,7892,845181.3939252826,6519045.3298491,193.01,True
20251031,171017,846086.2545563696,6519066.282740076,206.68,True
20251031,44809,849671.5536085735,6519153.203560465,209.21,True
20251031,144958,825470.6655602948,6518641.530264628,773.13,True
20251031,99774,838553.2409473547,6518923.7216281835,266.17,True
20251031,99560,841985.71159879,6519001.413360351,196.15,True
20251031,133054,842049.7,6519006.7,197.09,True
20251031,112049,843410.6053968319,6519034.279173923,200.48,True
20251031,72455,843547.5,6519037.4,196.05,True
20251031,67670,844532.3399364778,6519060.772173863,200.47,True
20251031,131311,845805.1,6519091.0115858065,198.13,True
20251031,44623,850858.0840210596,6519213.115241721,210.66,True
20251031,23596,862946.4501061442,6519522.211803791,250.60,True
20251031,56262,869027.4549532402,6519680.623729915,227.88,False
20251031,193801,839783.0530490935,6518981.756397096,300.66,True
20251031,92042,841121.4950163313,6519012.334067591,280.26,True
20251031,72448,844439.7281677085,6519085.747067795,197.82,True
20251031,30808,837472.473161421,6518960.3593066605,250.02,True
20251031,133370,838681.3869422674,6518987.560373614,273.06,True
20251031,92210,842545.5571650879,6519076.103890093,210.51,True
20251031,72432,843125.0876313857,6519083.816361166,206.34,True
20251031,187770,843899.7446682056,6519106.965189843,192.24,True
20251031,162899,845287.4769040098,6519143.027372743,198.14,True
20251031,72422,843149.2839000729,6519121.013420272,198.34,True
20251031,1907,843861.66148115,6519137.672813998,195.24,True
20251031,85153,844184.7442250027,6519176.111551361,189.76,True
20251031,141514,863569.1498624289,6519662.213147973,268.66,True
20251031,151198,843212.6061276292,6519184.202615743,192.54,True
20251031,57655,846299.5297940078,6519257.022437718,200.40,True
20251031,72411,843621.77624219,6519224.6268818,196.12,True
20251031,72414,844292.0908159579,6519234.918316829,201.96,True
20251031,72412,845305.8071230382,6519264.267272263,197.74,True
20251031,71515,846296.5478336227,6519293.25326401,209.50,True
20251031,72124,840901.370116074,6519192.409407941,280.51,True
20251031,152396,842300.0,6519217.3,173.70,True
20251031,183406,842649.9095533764,6519232.8077392215,195.90,True
20251031,166337,844808.7049612886,6519283.731679571,192.01,True
20251031,119554,845867.8806344084,6519308.26632898,208.33,True
20251031,172182,850852.7771170131,6519428.982230542,220.00,True
20251031,185357,833604.2023745938,6519060.051203404,314.48,True
20251031,99770,840964.7066266565,6519223.738832144,293.86,True
20251031,72129,841634.6145373208,6519240.145300002,254.07,True
20251031,72128,841872.0693370103,6519245.630630257,195.12,True
20251031,71964,842522.8962299092,6519269.771918856,197.79,True
20251031,192321,844654.444012073,6519310.638881064,202.95,True
20251031,140799,844857.3115773912,6519317.690689564,194.71,True
20251031,56309,845497.9868987699,6519327.019390648,193.57,True
20251031,135797,847873.792075162,6519383.576368918,194.94,True
20251031,96782,850852.0189879092,6519459.8203699505,212.50,True
20251031,181659,842455.5706718285,6519293.787145287,194.58,True
20251031,136923,842756.4088144139,6519296.996015253,192.33,True
20251031,72407,843339.774201151,6519306.565299141,200.01,True
20251031,147926,843727.8044547676,6519319.671678704,191.41,True
20251031,72445,843881.3074268587,6519323.577896961,201.48,True
20251031,90397,847050.8255769523,6519398.257624225,209.76,True
20251031,43669,847298.037176431,6519404.470589225,207.08,True
20251031,49694,844741.6419610407,6519374.358205503,193.52,True
20251031,190936,844158.0856984953,6519391.477004505,224.69,True
20251031,128985,844352.9948139783,6519396.144066603,213.16,True
20251031,143116,846532.5653442257,6519447.7202725895,199.17,True
20251031,122935,838091.5398229201,6519282.818320406,241.49,True
20251031,72130,839713.2,6519315.3,305.34,True
20251031,131654,841869.4439384494,6519369.868701542,198.29,True
20251031,170796,842581.566143618,6519385.498279587,197.27,True
20251031,48586,843639.292636232,6519410.166859786,197.20,True
20251031,178921,844526.7438012497,6519431.048770009,340.60,True
20251031,75656,846856.6079284471,6519482.538928539,206.17,True
20251031,71510,847718.770048181,6519507.100182306,214.25,True
20251031,12266,840943.7099555413,6519375.224873354,333.53,True
20251031,26403,841155.5012020284,6519383.026144255,321.97,True
20251031,132366,842688.7804914865,6519418.8462465275,194.49,True
20251031,91118,843271.6067332979,6519432.426767601,200.07,True
20251031,72459,843336.3651249206,6519433.93913154,196.08,True
20251031,72427,844738.6953929164,6519466.8810251765,194.24,True
20251031,118309,844782.4,6519464.6,196.34,True
20251031,182231,846531.0924800148,6519509.3975988,199.11,True
20251031,161121,849142.9684804062,6519572.325811339,213.98,True
20251031,191107,844449.9,6519484.6,173.16,True
20251031,180212,857452.5096343302,6519810.785632577,239.17,True
20251031,13410,833426.8087186173,6519272.174800641,349.51,True
20251031,72126,841845.4923122383,6519461.006099828,203.12,True
20251031,42122,842320.384605553,6519472.002268674,205.54,True
20251031,130445,843524.7237131594,6519499.40009236,189.01,True
20251031,172829,844500.5609684436,6519522.956356863,195.19,True
20251031,146412,846918.160940071,6519580.365659343,200.96,True
20251031,109701,861833.3706128648,6519955.627301412,245.02,True
20251031,72123,841478.1,6519484.5,283.69,True
20251031,130396,841520.9903618089,6519484.369036574,285.73,True
20251031,71935,842298.6600022976,6519501.968540144,192.54,True
20251031,67602,844283.9775822497,6519548.715775718,185.98,True
20251031,135036,844672.5203267834,6519557.864315127,189.38,True
20251031,187180,848082.9859386556,6519639.6032927595,210.95,True
20251031,48032,857407.7578107356,6519871.3526123185,237.17,True
20251031,33924,812485.8458393081,6518914.291861233,714.86,False
20251031,17015,841045.390151574,6519504.274041661,344.85,True
20251031,130443,842577.9832483574,6519539.693927899,198.70,True
20251031,127465,842707.4977516969,6519542.704698821,195.59,True
20251031,89928,843117.91744426,6519549.755516774,194.21,True
20251031,165165,853910.2554666512,6519813.481474342,232.97,True
20251031,161969,839833.8,6519505.6,312.96,True
20251031,175753,843483.8622991095,6519591.665753495,204.81,True
20251031,53537,844671.0661222806,6519619.5420795465,189.61,True
20251031,125361,854578.6062275639,6519861.140035876,216.84,True
20251031,145267,857665.1879211289,6519939.677460328,232.12,True
20251031,38530,843908.586738627,6519631.80219058,203.26,True
20251031,10483,844065.9480580088,6519636.160745114,328.97,True
20251031,83328,844756.6804716061,6519652.417280275,198.25,True
20251031,92436,845080.4606595454,6519660.064297867,192.59,True
20251031,41898,836618.1884569866,6519496.673014586,247.12,True
20251031,60469,839791.2750067804,6519569.4444612,317.96,True
20251031,134689,841993.0262485574,6519618.69687527,191.08,True
20251031,71965,842424.735455388,6519628.70225332,199.60,True
20251031,71933,842640.5897945558,6519633.716332487,198.53,True
20251031,178293,844129.9799094119,6519668.520437053,194.42,True
20251031,191357,844281.0769843153,6519672.071486657,199.26,True
20251031,127687,844324.2475610792,6519673.086755661,196.13,True
20251031,2765,844798.7,6519694.4,190.68,True
20251031,92437,845079.7314960803,6519690.903130273,193.59,True
20251031,146631,848101.6451279515,6519763.09881122,206.82,True
20251031,75809,849267.2308258979,6519791.3434526175,208.79,True
20251031,183638,849331.9854293461,6519792.919091579,215.79,True
20251031,103872,854857.6495779249,6519929.890903001,213.03,True
20251031,111332,841200.2496490821,6519633.059880636,313.52,True
20251031,102783,841668.3819476421,6519642.065598994,308.21,True
20251031,72115,841949.6043874816,6519649.516332294,194.68,True
20251031,71962,842704.6288319842,6519666.061148762,198.55,True
20251031,81572,843328.2301422668,6519680.282751418,185.68,True
20251031,55146,844215.5962817816,6519701.388086908,192.87,True
20251031,89452,844494.7,6519709.6,200.51,True
20251031,81824,845123.6502495247,6519722.551746673,188.75,True
20251031,132347,850021.9461565564,6519840.606663715,202.87,True
20251031,181436,854856.4263869738,6519958.371159074,212.63,True
20251031,52761,842483.3419021153,6519691.552894857,199.19,True
20251031,72429,843480.9777572998,6519715.021837307,202.91,True
20251031,114953,844840.8612998021,6519744.977909939,192.58,True
20251031,123272,846330.31232337,6519780.0888753375,192.91,True
20251031,155526,847431.0282034522,6519808.661435728,206.55,True
20251031,169376,850021.1921500004,6519871.444897808,204.27,True
20251031,103588,841300.1595218906,6519695.269271469,301.80,True
20251031,100821,842508.9284516713,6519723.22437592,191.34,True
20251031,3031,843221.2361270506,6519739.809427423,192.72,True
20251031,91011,844322.0714618207,6519765.603518809,283.46,True
20251031,72423,844429.9962451719,6519768.142981871,200.96,True
20251031,152431,845941.5960711674,6519805.684510593,197.21,True
20251031,167975,845962.5233306184,6519804.408222935,197.66,True
20251031,75660,846458.9738187358,6519816.238200619,197.55,True
20251031,73814,847279.1942621268,6519835.871386217,199.76,True
20251031,92597,857423.803886296,6520087.767505735,216.05,True
20251031,175717,834370.5436031412,6519570.461325723,302.00,True
20251031,132524,842423.0695217355,6519751.973304298,184.46,True
20251031,106877,842594.5521909939,6519756.069404142,198.97,True
20251031,51993,843846.4789053854,6519785.291409515,196.09,True
20251031,192764,844817.7972334272,6519808.139628275,194.56,True
20251031,144757,845659.603516389,6519828.065794564,198.08,True
20251031,151847,846650.1,6519852.0,194.20,True
20251031,116443,852782.4684296823,6520001.294886131,220.30,True
20251031,133850,854876.6471756597,6520053.704619974,228.95,True
20251031,76725,856150.3636069628,6520086.2192489505,238.64,True
20251031,134911,842011.0429341332,6519773.392380039,188.25,True
20251031,139397,842097.3826550166,6519775.391279255,188.32,True
20251031,60550,843327.720612267,6519804.007601441,214.17,True
20251031,173248,845443.0250045906,6519853.784297524,193.19,True
20251031,32491,846435.869355421,6519878.096531194,203.55,True
20251031,77202,856072.6795779035,6520116.738788874,234.12,True
20251031,92673,838340.5,6519718.1,239.47,True
20251031,83834,843175.907169992,6519831.319082077,199.94,True
20251031,75657,848808.0,6519968.1,205.16,True
20251031,39336,852199.56927288,6520050.987968872,210.57,True
20251031,178113,807018.6702674173,6519125.035912908,637.39,False
20251031,106515,832922.2972411523,6519631.481847805,344.18,True
20251031,110550,839505.7765189805,6519777.631751493,309.20,True
20251031,54509,840114.5867389172,6519787.310633827,283.94,True
20251031,140297,840456.3,6519794.3,242.87,True
20251031,100396,842074.5349761399,6519837.843509593,186.32,True
20251031,84791,842182.2930954464,6519839.0697329445,184.98,True
20251031,192647,842505.5747732421,6519851.711883166,197.74,True
20251031,110432,843914.3708189902,6519880.124551934,192.23,True
20251031,97338,844556.5996872713,6519894.548408846,197.52,True
20251031,192666,869442.279525217,6520531.3509582775,227.96,False
20251031,125875,838445.1,6519784.0,235.64,True
20251031,110433,843217.5779724118,6519896.796717728,199.33,True
20251031,83833,843994.8528177566,6519906.558226907,192.07,True
20251031,72206,844253.794385695,6519914.298818283,197.28,True
20251031,192208,844318.5436922355,6519916.809735654,201.18,True
20251031,141712,844340.1149880722,6519917.491297346,198.38,True
20251031,117498,844549.8,6519924.2,193.64,True
20251031,88140,844793.3014087339,6519930.985670757,197.76,True
20251031,72530,845224.9886369577,6519941.188066753,197.74,True
20251031,183982,849692.9088337212,6520048.56680254,209.16,True
20251031,94041,849865.5805001407,6520052.7820047345,203.88,True
20251031,48565,851527.5392000724,6520093.601803042,204.32,True
20251031,182230,838079.7801025958,6519807.086265176,239.45,True
20251031,30803,839051.031109011,6519824.929201421,264.52,True
20251031,10518,841619.6666205477,6519887.769306452,372.84,True
20251031,131711,842072.9413925884,6519898.248168128,191.82,True
20251031,25637,842526.2153892687,6519908.76051534,194.94,True
20251031,96714,842763.6443153537,6519914.28034675,192.85,True
20251031,129408,842806.8131880485,6519915.284939561,198.12,True
20251031,131938,843649.0803654707,6519935.009321563,192.88,True
20251031,185288,844209.8645418563,6519946.160846271,204.10,True
20251031,87400,847835.9379105024,6520034.398781807,230.83,True
20251031,154644,848526.5649437364,6520052.895498125,234.87,True
20251031,154343,849195.7272487549,6520067.313496424,198.76,True
20251031,30812,837667.3,6519821.7,232.63,True
20251031,182856,838402.9170159419,6519845.039005314,236.34,True
20251031,69838,842568.5823545947,6519939.712527269,199.05,True
20251031,108132,844856.5983817091,6519994.1918014735,199.66,True
20251031,139965,846820.3188534058,6520040.895679123,205.69,True
20251031,182194,834236.3067722737,6519783.507002277,302.64,True
20251031,84792,842330.5244290194,6519965.929424179,169.77,True
20251031,186108,842654.2880770263,6519973.448418695,198.24,True
20251031,130434,843258.705179768,6519987.141069132,190.83,True
20251031,99764,845693.221745407,6520044.713242402,215.21,True
20251031,77968,850856.165562382,6520169.628101386,209.68,True
20251031,171573,853985.7590779173,6520247.376150328,241.71,True
20251031,171569,854093.6753857647,6520250.085590125,241.22,True
20251031,77638,860244.8250983324,6520407.661297822,233.83,True
20251031,106590,841725.4522118923,6519982.77889771,269.48,True
20251031,134623,841962.896949371,6519988.411396582,224.50,True
20251031,59094,861495.8067790943,6520471.321328445,226.42,True
20251031,91207,840192.265164513,6519978.411328356,258.82,True
20251031,131072,842005.3328683093,6520020.105888335,194.18,True
20251031,131655,842457.2964374144,6520030.486615463,191.44,True
20251031,190784,842544.9339643501,6520032.618437558,198.22,True
20251031,130442,842588.1020044601,6520033.621491588,196.98,True
20251031,81725,842761.4,6520030.5,195.76,True
20251031,63852,847077.5392372783,6520139.597395973,189.48,True
20251031,67604,848156.8859256465,6520165.689184988,209.33,True
20251031,41362,836543.2135458288,6519926.902622152,250.61,True
20251031,72127,842093.7759985131,6520055.468001662,200.04,True
20251031,72617,842349.9622025869,6520058.94759924,197.55,True
20251031,72197,844206.173570778,6520102.294191382,195.80,True
20251031,127123,854026.6030538101,6520340.972886104,240.49,True
20251031,96296,839975.0158320728,6520035.162218564,206.25,True
20251031,134788,842413.9981628177,6520091.289374853,201.85,True
20251031,72218,843730.6076146069,6520121.9910585275,198.98,True
20251031,29728,844140.6977342265,6520131.6115834955,213.50,True
20251031,72196,844507.6199270528,6520140.242655604,197.97,True
20251031,71936,844723.43235104,6520145.64095008,198.28,True
20251031,53502,845651.5504990623,6520167.292138342,199.67,True
20251031,71516,847637.229257652,6520214.752393919,206.03,True
20251031,192697,850809.9663976205,6520291.919398012,209.65,True
20251031,164268,855838.7797202261,6520417.592961973,222.77,True
20251031,118579,822274.9528535579,6519687.754870173,396.58,True
20251031,179680,835851.7552484996,6519973.336691039,244.66,True
20251031,30805,838528.7270505303,6520033.373863375,232.24,True
20251031,192610,842067.9428070073,6520114.122424252,197.24,True
20251031,72146,842542.7845532817,6520125.135807166,197.52,True
20251031,6945,842629.1193245961,6520127.142188687,194.67,True
20251031,84561,842715.4540676692,6520129.149785058,195.63,True
20251031,193698,843816.828030602,6520150.674955913,201.89,True
20251031,63916,843832.6420799684,6520154.587340212,200.69,True
20251031,193912,844528.4771182347,6520171.589938344,188.87,True
20251031,72202,845089.6483693235,6520184.83475282,188.02,True
20251031,171565,853981.8892411888,6520401.564821406,240.29,True
20251031,171561,854068.2201216321,6520403.732166922,241.89,True
20251031,47290,855665.3358893099,6520444.047177087,228.82,True
20251031,192516,860176.0514750201,6520560.155175192,239.92,True
20251031,90180,838247.369990481,6520057.894923986,227.90,True
20251031,41963,839973.6087114876,6520096.841058104,209.75,True
20251031,132055,842044.5688019872,6520149.206348599,195.54,True
20251031,96713,842585.0671421578,6520162.861918347,184.52,True
20251031,72179,843124.8243115849,6520169.541512222,203.30,True
20251031,131243,843167.9913883319,6520170.548646178,192.30,True
20251031,98050,845110.7605542412,6520216.1790976655,193.52,True
20251031,75659,847786.8272156066,6520280.0668067075,206.41,True
20251031,79354,855468.8740012741,6520462.403215896,226.28,True
20251031,104350,841896.7724487417,6520177.629480727,198.21,True
20251031,71928,842347.1002267671,6520182.304180078,199.41,True
20251031,70010,842757.1863182043,6520191.832232567,201.22,True
20251031,113471,843360.7979185359,6520210.581898439,197.49,True
20251031,25361,844332.7742998934,6520228.694976635,197.33,True
20251031,74407,846142.7730711617,6520271.421885134,196.34,True
20251031,89553,846280.9,6520275.6,208.23,True
20251031,136857,847138.5922758756,6520295.342812186,197.72,True
20251031,133896,847372.7065166634,6520287.280580187,201.02,True
20251031,118159,847505.5046716605,6520304.15316822,197.70,True
20251031,43034,848239.3278792826,6520321.839708009,198.43,True
20251031,72235,841137.7123199299,6520185.220231237,194.49,True
20251031,88372,841179.2196379728,6520179.851398789,186.57,True
20251031,111383,843230.7781028012,6520237.15649751,195.12,True
20251031,92702,843447.1351607915,6520238.780450751,199.69,True
20251031,67569,843468.7184564767,6520239.285113605,194.59,True
20251031,185170,845126.7,6520278.372160714,193.14,True
20251031,169991,839043.4072043808,6520168.256389208,244.18,True
20251031,188633,842036.3,6520235.2,194.04,True
20251031,72114,843165.8325390049,6520263.065790742,197.83,True
20251031,99250,846036.383846111,6520330.7208157135,196.58,True
20251031,181419,849165.8958172774,6520406.010332778,211.81,True
20251031,72233,840078.7112584827,6520222.661659294,209.92,True
20251031,31531,841006.7938432,6520243.921191294,201.13,True
20251031,192912,842734.9398575795,6520281.308716447,198.00,True
20251031,72216,843467.2761859882,6520300.96313771,192.68,True
20251031,72647,840787.2998002894,6520268.367077183,247.01,True
20251031,190088,843227.5925151934,6520326.025522444,195.42,True
20251031,188285,854085.1601714629,6520589.2239442635,226.71,True
20251031,99666,855702.1539692988,6520624.6288167,221.14,True
20251031,90105,842546.1,6520340.2,198.79,True
20251031,72200,843551.6521942271,6520367.75775999,195.36,True
20251031,123568,845365.1187655714,6520407.347920523,176.28,True
20251031,133996,845861.5204715214,6520419.129559959,197.13,True
20251031,191675,845969.4337596155,6520421.69610064,192.51,True
20251031,132654,852595.221848504,6520582.917840902,243.37,True
20251031,154668,842148.5615931205,6520362.835452822,198.36,True
20251031,134690,842234.8930197111,6520364.836287058,199.19,True
20251031,139984,843853.6020349929,6520402.576856781,202.14,True
20251031,147753,844328.4214516795,6520413.728435651,199.78,True
20251031,161984,844697.8923786684,6520420.049471159,204.53,True
20251031,54217,846047.3,6520451.4,199.21,True
20251031,71925,842665.8326086986,6520405.697783952,200.83,True
20251031,132195,845601.0646453204,6520474.655121201,198.34,True
20251031,115743,846528.6992414168,6520495.073518765,201.68,True
20251031,184496,851428.2641283972,6520615.717084299,201.91,True
20251031,192609,842255.0457521307,6520427.014988101,200.88,True
20251031,71968,842427.7067709169,6520431.020868107,204.87,True
20251031,132569,842557.1346286722,6520434.002209264,200.58,True
20251031,192753,842621.9502822077,6520435.533291325,205.69,True
20251031,71967,842687.1,6520436.7,204.83,True
20251031,72203,844024.8158292046,6520468.30561216,196.40,True
20251031,57650,846355.6885112793,6520524.0172201535,202.33,True
20251031,104090,854341.0371576813,6520719.161275298,213.39,True
20251031,136412,842426.9908431192,6520461.8599986555,206.18,True
20251031,129681,844261.6406921122,6520504.745138876,194.56,True
20251031,48033,850069.0200712815,6520644.355629336,207.18,True
20251031,36382,861979.9900525375,6520946.9585368475,244.43,True
20251031,181386,845902.5,6520570.2,208.29,True
20251031,172705,846850.6301779374,6520597.006364232,196.04,True
20251031,79718,854468.9738387167,6520784.095660774,212.25,True
20251031,46649,832475.9381385448,6520300.630636646,345.68,True
20251031,134139,834720.5694378089,6520349.508353849,301.59,True
20251031,151083,834785.3181514532,6520350.930474047,304.55,True
20251031,134736,842080.2420447068,6520515.531478346,214.98,True
20251031,181985,842468.7235737062,6520524.540472587,210.68,True
20251031,78254,844650.6170043685,6520572.818638862,197.26,True
20251031,186486,847065.5,6520631.8,189.98,True
20251031,155042,851446.8009992489,6520739.602000527,202.99,True
20251031,72619,842683.8291690259,6520560.3951976355,209.11,True
20251031,106021,843201.8006242411,6520572.4636161,199.74,True
20251031,12926,844000.3379498466,6520591.154773164,206.87,True
20251031,122248,861524.6814267671,6521023.035435615,231.77,True
20251031,171972,827920.5863500173,6520265.66995433,579.94,True
20251031,55079,839188.3209657975,6520510.793171563,250.86,True
20251031,181696,839791.1005966438,6520524.6563481735,198.15,True
20251031,119745,839920.5943109291,6520527.608295936,201.99,True
20251031,136413,842553.6195674795,6520588.224039763,212.89,True
20251031,2779,844364.9285206386,6520642.016256704,207.08,True
20251031,72217,844539.1622571556,6520634.681653352,196.73,True
20251031,111069,844970.7999761304,6520644.866167161,198.33,True
20251031,92177,845488.5,6520659.9,193.85,True
20251031,74409,845920.4004288467,6520667.378995197,193.36,True
20251031,110977,837459.5121704121,6520502.828370295,248.77,True
20251031,72148,841214.8181633472,6520588.117369986,243.65,True
20251031,108605,841971.0082014458,6520602.639806656,230.96,True
20251031,138008,842359.5748225589,6520609.2197371805,215.08,True
20251031,180477,842401.8292340226,6520615.554659295,221.12,True
20251031,72208,843739.9080470009,6520646.759336444,209.30,True
20251031,84588,844452.1085019202,6520663.487284802,196.83,True
20251031,172048,848250.4778159345,6520754.099351163,196.05,True
20251031,183012,840286.0824544465,6520597.665742182,198.58,True
20251031,135056,842810.1,6520657.2,193.88,True
20251031,72204,843437.3,6520669.4,199.16,True
20251031,175401,845639.2031285426,6520726.664140499,198.30,True
20251031,180043,845681.5360240866,6520723.414495491,201.90,True
20251031,44624,851528.6568400947,6520873.07100193,208.52,True
20251031,110504,842486.7245980904,6520679.237297709,243.03,True
20251031,103427,843156.1,6520694.8,204.66,True
20251031,73586,844925.450699879,6520736.362848926,204.52,True
20251031,46349,855932.8485694287,6521012.734574637,213.00,True
20251031,131373,842356.5184814221,6520707.07032107,231.07,True
20251031,72205,843155.0382937401,6520725.651454825,208.25,True
20251031,89678,843543.5065155309,6520734.728506057,196.75,True
20251031,72198,844254.9933734059,6520757.295204809,206.81,True
20251031,102526,845290.4739059341,6520780.126374916,208.23,True
20251031,46363,853470.8281172678,6520975.044197585,222.36,True
20251031,187027,854377.1488030279,6520996.709449811,213.48,True
20251031,174465,855326.7618254933,6521021.755195936,214.42,True
20251031,142239,842269.4767022291,6520735.906919659,231.53,True
20251031,72150,842506.8736209986,6520741.416815612,241.60,True
20251031,117956,843974.4134592124,6520775.681912705,193.41,True
20251031,190866,857807.7181220904,6521115.932221585,226.92,True
20251031,130444,841168.1058473329,6520741.320340635,247.01,True
20251031,116465,841858.713870301,6520757.250655618,247.85,True
20251031,133601,842462.9944160476,6520771.253454278,249.17,True
20251031,83345,842634.7791268951,6520774.58157929,224.31,True
20251031,1908,842808.296964841,6520779.281777402,198.88,True
20251031,73823,845462.795119609,6520841.648511799,196.90,True
20251031,174396,847512.998657061,6520890.604085205,188.99,True
20251031,93727,852498.6276329149,6521012.291087404,214.96,True
20251031,30807,839181.8981924462,6520726.793235538,215.44,True
20251031,184034,841534.28010313,6520780.612869385,264.97,True
20251031,22161,841793.1614216996,6520781.989763689,265.43,True
20251031,180044,842139.0193542821,6520794.564502768,268.42,True
20251031,39334,853425.3,6521063.7,226.85,True
20251031,79272,842116.2625982023,6520824.922888372,256.02,True
20251031,169339,853121.5119768484,6521092.603992283,217.67,True
20251031,76724,853292.5450049344,6521094.37183789,221.83,True
20251031,173286,858560.6330842994,6521227.920137799,234.45,True
20251031,71934,842417.6837826571,6520862.7686566515,262.07,True
20251031,88085,846839.2,6520972.6,200.09,True
20251031,184506,854308.5957101702,6521150.345914903,224.35,True
20251031,72201,843647.0815841772,6520922.28816324,208.90,True
20251031,107673,840434.4286344432,6520871.937627888,195.13,True
20251031,161912,849775.2293094647,6521099.701242221,198.45,True
20251031,163849,852623.8782007827,6521169.579439434,232.96,True
20251031,110431,854069.6655876918,6521206.054753022,210.19,True
20251031,93411,849558.6747005348,6521125.274445704,196.89,True
20251031,91434,849580.2548776332,6521125.800608005,190.89,True
20251031,186387,840968.91140524,6520952.728993935,207.14,True
20251031,71953,841853.7221213974,6520973.12498496,273.81,True
20251031,71512,844659.1999139388,6521038.639022703,209.96,True
20251031,61331,845653.7378202549,6521062.206301858,197.09,True
20251031,118095,846387.1,6521078.7,194.82,True
20251031,183520,843385.2275128725,6521039.585729214,204.46,True
20251031,2764,844831.1156408427,6521073.551400413,199.17,True
20251031,71520,847059.7161206448,6521127.573161148,189.30,True
20251031,187711,839456.8500660239,6520979.880439616,199.57,True
20251031,134692,841614.910342208,6521029.318794539,268.87,True
20251031,76721,841938.6178786149,6521036.800026275,280.54,True
20251031,190452,842586.0317648737,6521051.813733588,268.93,True
20251031,131718,845089.8132817263,6521119.435607614,203.32,True
20251031,63850,846384.1610078037,6521141.270361263,193.22,True
20251031,146766,851843.8731130376,6521273.984076876,201.10,True
20251031,140950,841700.5200429941,6521062.151324426,279.09,True
20251031,72416,841894.7524350379,6521066.315032246,275.08,True
20251031,115715,845629.191223707,6521154.197926531,194.89,True
20251031,180041,832830.1628333875,6520894.528030762,342.35,True
20251031,95868,836132.492672222,6520968.35479692,283.31,True
20251031,110764,842304.055171736,6521106.977673761,277.04,True
20251031,183484,842498.2772818829,6521111.486181755,251.87,True
20251031,72177,843210.4237955366,6521128.06998742,207.34,True
20251031,71957,843409.4,6521124.1,197.51,True
20251031,137444,847763.7994139511,6521236.060048178,214.02,True
20251031,50080,838181.4255716761,6521043.327594328,283.11,True
20251031,95460,840488.7150867457,6521097.722744009,190.39,True
20251031,81977,842172.1187374439,6521136.282217255,279.58,True
20251031,89866,842632.7388720005,6521150.425547999,241.35,True
20251031,176567,846986.1869257072,6521248.2346504675,188.17,True
20251031,112629,829893.8271298577,6520893.361624751,458.78,True
20251031,173549,832030.3376011564,6520938.971360855,378.68,True
20251031,94107,841007.8197163527,6521138.756667821,198.96,True
20251031,72531,841784.70328495,6521156.663436226,276.41,True
20251031,165777,839474.9248885069,6521134.568366149,197.11,True
20251031,89966,841438.7109332802,6521179.531959317,265.13,True
20251031,72440,842409.7633653306,6521202.019607252,265.73,True
20251031,192328,843230.1362779639,6521220.957051847,197.14,True
20251031,161775,844481.4715980333,6521250.442488565,203.86,True
20251031,133073,833108.0388861987,6521023.969716527,324.95,True
20251031,157181,844977.0762542407,6521292.991446483,229.08,True
20251031,88885,845041.8150102299,6521294.521809055,205.38,True
20251031,162240,846317.1895307342,6521318.470746205,189.29,True
20251031,158935,850825.0778409889,6521433.990906316,202.24,True
20251031,164318,872467.9233594413,6522004.344890059,219.91,False
20251031,160457,845472.674971,6521335.580444372,196.84,True
20251031,76723,833171.4414935913,6521087.055143365,322.86,True
20251031,34700,842126.9830712505,6521286.548395204,280.48,True
20251031,89099,845595.3553833576,6521366.225716622,199.73,True
20251031,155531,847651.4467114293,6521418.492927137,214.78,True
20251031,46232,849550.4045004256,6521464.495378906,205.46,True
20251031,130330,850240.9310616999,6521481.369293572,193.67,True
20251031,143900,855506.1328507414,6521612.588963509,214.20,True
20251031,136444,838155.2084385002,6521227.847421592,268.64,True
20251031,44933,857231.6133118101,6521687.4328990625,234.84,True
20251031,73813,846723.0,6521451.9,194.89,True
20251031,97309,850174.6843126287,6521541.460436107,197.57,True
20251031,183544,870500.1139174497,6522103.625640995,231.37,False
20251031,72450,841388.2,6521394.6,281.25,True
20251031,72425,842383.2179367034,6521417.371914306,277.82,True
20251031,23288,844670.0142403917,6521470.918035415,215.99,True
20251031,85911,848533.2032300576,6521563.206296272,192.41,True
20251031,89523,857423.4427396656,6521784.925840015,227.86,True
20251031,124945,841346.7060776118,6521424.256259905,280.85,True
20251031,57651,845901.7643561424,6521528.561451357,197.30,True
20251031,72649,840267.0423968846,6521430.328718956,192.08,True
20251031,173897,840331.7797037421,6521431.809374002,196.92,True
20251031,120243,842532.8387900029,6521483.0,274.81,True
20251031,72664,842575.9966287845,6521483.561121849,282.81,True
20251031,97913,848531.7097550624,6521624.883068655,197.11,True
20251031,51053,849846.6235611574,6521656.250259778,227.40,True
20251031,104634,850948.481257389,6521683.880475412,193.77,True
20251031,77209,835543.5,6521362.0,266.28,True
20251031,60375,845467.1189789034,6521580.739605992,205.79,True
20251031,158934,847279.4178389679,6521625.543610975,197.26,True
20251031,40776,838431.4203065387,6521450.339883275,251.61,True
20251031,72449,841344.5742428739,6521516.773977438,279.25,True
20251031,138468,839552.8261707649,6521506.604940006,212.92,True
20251031,86858,841322.0919325731,6521549.0943348855,279.64,True
20251031,7258,842681.7391814888,6521578.587121676,273.83,True
20251031,74411,846114.325652583,6521657.292177604,197.48,True
20251031,130080,850083.0876034199,6521755.2152489405,195.10,True
20251031,108259,872070.0194996521,6522332.6245379485,215.41,False
20251031,11307,840242.6429763992,6521553.192781337,195.22,True
20251031,99766,844666.0580948492,6521653.063231874,215.07,True
20251031,75658,845658.8344433145,6521679.415329129,200.07,True
20251031,74413,847042.5327366742,6521712.878132461,203.84,True
20251031,192049,857224.4992073126,6521964.968566258,235.83,True
20251031,72234,841774.0115645526,6521619.251291351,286.41,True
20251031,41283,871852.532078296,6522388.2458181605,223.36,False
20251031,182979,833077.0915085014,6521455.263870269,331.42,True
20251031,130346,842528.5393198131,6521667.592753497,265.64,True
20251031,89506,839937.9051442898,6521638.471729927,190.92,True
20251031,72436,841899.8046896933,6521683.820091123,281.24,True
20251031,12962,844989.1381434911,6521756.574848821,210.84,True
20251031,124454,845721.371218083,6521773.46905208,191.69,True
20251031,93783,846303.9737998222,6521787.3376035625,203.38,True
20251031,132560,849607.6385797613,6521867.896824754,199.92,True
20251031,192721,844986.9927073412,6521786.922474941,203.70,True
20251031,66214,835858.7217593451,6521608.805731262,291.62,True
20251031,130671,842612.7013498129,6521762.1161989495,264.93,True
20251031,152455,848445.160629512,6521903.529457939,195.97,True
20251031,166597,858385.6848957341,6522149.131892689,226.50,True
20251031,155649,836020.8,6521647.5,286.22,True
20251031,131699,842374.6281093634,6521787.441322182,265.73,True
20251031,51082,848437.9330234532,6521931.1775718825,198.97,True
20251031,48606,848977.3660232344,6521944.255836086,197.56,True
20251031,72424,842909.162247792,6521830.980690385,226.77,True
20251031,190432,847509.363941949,6521939.6324363,192.65,True
20251031,77610,850918.5564725937,6522022.568485567,201.40,True
20251031,37822,839440.6926086004,6521811.462487117,308.40,True
20251031,72255,839912.631629514,6521823.355642334,204.24,True
20251031,173990,846578.531693829,6521982.420650268,197.05,True
20251031,180896,855879.6540123362,6522208.359960975,209.34,True
20251031,108467,839309.7540152656,6521840.264970974,313.54,True
20251031,87454,842739.5992314407,6521921.563985709,233.18,True
20251031,67603,842933.1,6521924.4,234.94,True
20251031,39484,843564.4713765745,6521944.221365177,197.85,True
20251031,77842,850700.5130816301,6522109.777539192,196.33,True
20251031,144913,859223.167153242,6522325.104652783,231.86,True
20251031,72658,842093.3375729951,6521932.428825429,280.17,True
20251031,57648,845457.0707023896,6522012.6338434955,204.36,True
20251031,191777,847720.150252508,6522067.899163325,194.17,True
20251031,29500,842066.7,6521965.5,265.97,True
20251031,118365,836864.22443295,6521878.999375882,301.51,True
20251031,173917,842455.9257201226,6522005.319061244,261.93,True
20251031,193387,847699.182995254,6522127.84285071,188.17,True
20251031,191370,849123.521121738,6522166.93014888,200.39,True
20251031,96089,819517.9438860929,6521546.337218874,508.63,True
20251031,29414,846516.8,6522132.9,186.61,True
20251031,123999,846834.5601516847,6522170.291205972,199.34,True
20251031,182743,854922.9,6522371.3,204.79,True
20251031,122641,814618.389533307,6521514.535922812,689.56,False
20251031,73102,836973.2246214388,6521972.997759982,306.76,True
20251031,189905,841504.3979643036,6522075.860102384,267.17,True
20251031,190466,841547.5516288212,6522076.855835472,266.72,True
20251031,184057,840553.4086147594,6522085.40539755,193.21,True
20251031,51563,833692.1270124381,6521962.313502719,319.70,True
20251031,32883,839388.4581692368,6522089.120020244,351.83,True
20251031,88922,842797.8314040574,6522167.425381683,278.27,True
20251031,51504,845386.7374441295,6522228.369564415,193.94,True
20251031,153909,851881.1202752017,6522385.753819325,208.24,True
20251031,95570,837402.6955998861,6522075.168992624,299.39,True
20251031,130583,837618.463879236,6522080.006402663,287.15,True
20251031,142414,840466.589103796,6522144.571584439,196.52,True
20251031,90584,842774.5565937522,6522228.71810962,276.17,True
20251031,14014,843961.7,6522258.1,201.89,True
20251031,24202,844025.9787973943,6522257.976790731,211.92,True
20251031,146836,845601.0361456743,6522295.165296049,194.26,True
20251031,90268,840378.8710449231,6522204.274311275,191.06,True
20251031,115232,840422.0238059859,6522205.2621255005,196.06,True
20251031,48035,842493.3481232406,6522253.034252156,262.82,True
20251031,11777,868253.1650237872,6522936.4882997535,253.94,False
20251031,41899,834616.5621612752,6522136.806875809,263.34,True
20251031,29726,844368.2742395995,6522353.296597951,201.61,True
20251031,106779,832911.5752032568,6522131.079514391,312.16,True
20251031,178803,839427.4053540775,6522275.13755349,290.05,True
20251031,118201,842038.1047350274,6522335.041764848,265.92,True
20251031,180091,843440.5359557379,6522367.68053392,237.53,True
20251031,190822,846009.515003474,6522456.951954778,190.44,True
20251031,98047,856254.6717164258,6522742.478708962,217.39,True
20251031,176587,857333.3937411909,6522770.057569851,223.91,True
20251031,180548,861712.9548131073,6522883.97669149,243.26,True
20251031,115781,839813.666416518,6522376.496768338,310.35,True
20251031,133016,848558.2,6522588.1,205.55,True
20251031,96994,847493.7895336606,6522587.240940488,194.07,True
20251031,93410,848119.4647815365,6522602.319806895,196.40,True
20251031,61482,838904.5827264653,6522417.564376113,272.25,True
20251031,72232,840331.7014203378,6522448.75092504,246.85,True
20251031,62818,848358.5018293154,6522669.782923814,207.33,True
20251031,58739,834697.4501848987,6522385.421536168,298.52,True
20251031,107750,840717.0172021678,6522520.578298813,189.42,True
20251031,121788,842270.4320801649,6522556.416521708,269.53,True
20251031,67069,842874.5354066524,6522570.459865752,267.59,True
20251031,192381,857653.0457318913,6522932.554350854,214.58,True
20251031,123569,842508.2336881716,6522665.468169483,249.72,True
20251031,174168,843558.5868649427,6522677.0458554225,272.12,True
20251031,61248,844619.9305743112,6522703.936818381,211.86,True
20251031,113586,849193.7103330861,6522813.497475608,196.75,True
20251031,77635,849251.8636886489,6522814.69907978,195.95,True
20251031,108567,873808.6492303055,6523461.741788304,220.98,False
20251031,170613,839376.5437637646,6522613.390681669,309.54,True
20251031,142350,840649.462393151,6522642.450786215,203.57,True
20251031,162992,844058.2653432187,6522721.573859222,211.40,True
20251031,77632,844079.8399048161,6522722.080671921,213.65,True
20251031,10758,857736.1683266843,6523058.1222017715,209.54,True
20251031,39071,837908.7501917917,6522611.065018501,286.08,True
20251031,149328,850312.5448655145,6522964.244380807,197.25,True
20251031,44831,837884.40179346,6522733.93837659,307.25,True
20251031,134363,813978.3354188239,6522274.655381765,701.61,False
20251031,109514,839222.0487455036,6522795.770079132,284.28,True
20251031,168621,844485.3968833608,6522916.757640747,210.19,True
20251031,182243,842018.2,6522894.1,199.66,True
20251031,94301,844657.2604063728,6522951.66511745,187.81,True
20251031,110479,839136.2118701169,6522852.151428558,285.53,True
20251031,49392,845989.1,6523020.2,170.54,True
20251031,170585,850675.5091764815,6523127.435050172,206.97,True
20251031,58743,840949.0637577954,6522930.112300123,204.70,True
20251031,44871,849683.9,6523130.5,191.39,True
20251031,64935,832444.2394292845,6522768.315193192,320.24,True
20251031,94605,844762.2172730834,6523077.5657385085,195.41,True
20251031,35780,844890.9284818624,6523111.461410816,193.55,True
20251031,183282,848903.5106911593,6523207.579100608,201.00,True
20251031,95562,844566.6034237765,6523134.663227011,208.09,True
20251031,94607,845127.5036602046,6523147.911516278,213.12,True
20251031,52357,864456.2149086195,6523635.81427588,255.72,True
20251031,94604,844651.4409935165,6523198.375739416,201.26,True
20251031,186355,859838.2930307686,6523575.419995201,224.28,True
20251031,117735,824652.0158861782,6522790.110288811,436.32,True
20251031,56609,824629.8148163798,6522820.51285629,441.36,True
20251031,34873,843551.7363932643,6523233.608225784,332.17,True
20251031,112207,842860.5578355847,6523247.840399296,261.94,True
20251031,136874,843091.3653473423,6523258.264587679,279.28,True
20251031,39486,843569.906493864,6523296.38334149,315.76,True
20251031,119447,832761.1787223581,6523083.714290609,321.54,True
20251031,62203,832955.3382525978,6523087.920664309,310.12,True
20251031,1865,843504.4671879268,6523325.707472329,295.76,True
20251031,124627,839255.8495250101,6523286.187323369,295.03,True
20251031,156284,876398.4369259643,6524245.477485885,255.14,False
20251031,130269,812609.3479208859,6522773.134714871,763.85,False
20251031,23663,841732.0,6523376.3,188.32,True
20251031,55845,843501.5804810126,6523449.063307388,288.54,True
20251031,77813,850317.4874942024,6523643.212284575,187.58,True
20251031,110940,858966.7626600299,6523862.919299705,247.98,True
20251031,81784,836834.3716876083,6523358.377394106,294.51,True
20251031,97370,843564.1,6523514.5,294.21,True
20251031,100905,858966.7816945948,6523891.805635473,229.58,True
20251031,114709,844319.1379239762,6523560.817703917,226.64,True
20251031,94608,845764.4317825695,6523595.003423717,213.07,True
20251031,142423,837286.0092180604,6523430.1820783485,326.66,True
20251031,68154,841268.6139924899,6523515.377146434,250.12,True
20251031,122763,841384.6714926261,6523523.31252555,249.66,True
20251031,134574,841427.8149733181,6523524.307416244,248.86,True
20251031,44143,854585.4623551585,6523872.751330409,221.68,True
20251031,171130,843585.1213029415,6523665.914735182,267.73,True
20251031,167159,830577.5,6523401.7,390.83,True
20251031,190996,850484.7602159162,6523863.311859433,203.26,True
20251031,150769,875980.8724537865,6524541.801136344,208.31,False
20251031,85048,840646.1951723724,6523659.2605576385,287.53,True
20251031,94318,841855.6822366297,6523688.46875572,207.32,True
20251031,26541,859306.1535412425,6524117.012878443,250.14,True
20251031,144712,876022.0222824139,6524574.120866477,213.38,False
20251031,144710,876215.2483639141,6524610.531568399,203.09,False
20251031,83897,845742.6206036252,6523870.188983367,247.19,True
20251031,38223,845865.6867183443,6523875.116319952,220.07,True
20251031,56643,845843.3827113365,6523905.441899452,223.15,True
20251031,101592,850739.8159959444,6524023.860307375,196.38,True
20251031,133293,838774.7206115625,6523793.4171763025,298.77,True
20251031,94314,842239.6705456037,6523882.498126102,199.91,True
20251031,103426,837082.2081422512,6523857.594270266,323.73,True
20251031,93215,838850.9888381698,6523897.392577555,311.16,True
20251031,43742,838936.6822414753,6523933.7224299535,289.94,True
20251031,184266,838655.4601827186,6523954.678564228,304.41,True
20251031,93214,838914.3027544976,6523960.537249838,309.72,True
20251031,159988,816975.9747157329,6523533.634682163,675.46,False
20251031,158071,862316.0890130557,6524566.2536032,231.49,True
20251031,94597,846138.7529206513,6524190.179828606,227.63,True
20251031,144711,876053.3653615505,6524975.224182415,204.41,False
20251031,77960,843635.9684320492,6524161.8944124095,268.96,True
20251031,102510,838264.41417192,6524069.269237166,310.05,True
20251031,156285,876095.0089853734,6525039.118506457,234.01,False
20251031,99637,837487.2079741998,6524082.647903766,329.48,True
20251031,77530,844389.4472237339,6524241.303693957,281.90,True
20251031,133355,844433.2714569267,6524237.176194257,280.60,True
20251031,38224,846050.2715624518,6524280.639995838,254.80,True
20251031,94317,842791.8839323055,6524265.60196069,184.18,True
20251031,153577,844494.3372391872,6524309.292962489,279.85,True
20251031,105375,842144.0942629412,6524281.405615742,255.42,True
20251031,191692,843891.4893776359,6524321.9612541,284.60,True
20251031,187697,860455.5779503608,6524733.285760422,227.35,True
20251031,46355,860606.5503008735,6524737.238825035,215.36,True
20251031,123656,809248.8173384975,6523637.9193945,814.46,False
20251031,46370,845184.5860143641,6524383.504391168,288.54,True
20251031,136554,845227.7234429176,6524384.526016867,294.10,True
20251031,135396,809377.695198931,6523671.069167691,777.34,False
20251031,166586,834765.3358947854,6524207.348883062,343.95,True
20251031,131864,837201.9700174128,6524292.244445203,321.84,True
20251031,82787,837223.539053676,6524292.727138503,321.93,True
20251031,81959,846347.0857404387,6524503.7106326055,242.17,True
20251031,72618,842550.3213170875,6524445.115370647,233.62,True
20251031,189172,823374.6390002681,6524060.133022242,318.53,True
20251031,126849,842535.388161137,6524466.895462385,242.16,True
20251031,140800,845267.2074602187,6524539.741620442,304.71,True
20251031,72708,836143.0307944258,6524361.204784361,363.41,True
20251031,183779,840499.8925474872,6524459.496687898,320.49,True
20251031,38225,846390.5,6524598.6,236.13,True
20251031,129034,829024.5894755691,6524238.129853003,420.82,True
20251031,78898,847551.9385914311,6524656.013722632,197.48,True
20251031,98026,847659.0346330879,6524689.448441314,196.91,True
20251031,182629,833724.6247453872,6524431.400712426,338.62,True
20251031,97178,834803.0500503206,6524455.0166857485,343.82,True
20251031,144713,876340.5007607819,6525509.077190093,211.49,False
20251031,172679,829862.5220323143,6524410.091565438,451.47,True
20251031,61422,829927.2278927134,6524411.462415826,433.97,True
20251031,64365,838100.9214456887,6524620.978546998,318.76,True
20251031,176586,842673.2733198177,6524725.676903468,223.68,True
20251031,106052,845778.9766614289,6524798.737501888,338.65,True
20251031,79871,849682.6200643332,6524892.802147333,209.12,True
20251031,124604,860832.4662968036,6525175.173192171,242.05,True
20251031,169341,842650.9882527064,6524756.01407822,227.76,True
20251031,111506,844095.9417983599,6524789.633226119,274.37,True
20251031,121043,860788.5256424695,6525204.878557829,226.93,True
20251031,158980,862664.7449975174,6525254.375411774,279.86,True
20251031,39193,823864.5146446418,6524378.546334149,291.82,True
20251031,46198,845346.1689646952,6524850.173558382,287.29,True
20251031,90710,842454.9107810939,6524816.16343262,234.97,True
20251031,38228,847905.91803499,6524960.306985837,223.73,True
20251031,138246,837450.4272163778,6524760.636337465,333.63,True
20251031,95281,849204.3946114228,6525035.427448216,209.57,True
20251031,190372,839648.020393225,6524848.074501397,355.54,True
20251031,94595,846141.2089697206,6524992.498287943,282.41,True
20251031,38222,847501.705799495,6525014.636581425,256.18,True
20251031,131361,849936.8976926251,6525084.1553155985,212.45,True
20251031,181947,831819.2921655938,6524729.540147547,325.87,True
20251031,79917,846762.7577973307,6525132.724894801,289.91,True
20251031,23423,848790.8898858124,6525179.659970266,230.26,True
20251031,167402,846784.5134508061,6525162.148220446,320.92,True
20251031,50925,839623.8082634452,6525025.735488935,387.28,True
20251031,40743,844325.2543279749,6525134.614394558,284.35,True
20251031,109278,837099.1417175385,6525030.4666313585,331.82,True
20251031,19579,846745.2,6525296.5,330.32,True
20251031,178440,847857.6033694831,6525403.930205245,308.43,True
20251031,94599,843543.8197450772,6525332.258349316,194.94,True
20251031,9759,833212.682022675,6525192.530397437,385.70,True
20251031,93512,840889.9594753259,6525362.902556274,349.36,True
20251031,89313,846883.7667495676,6525534.189409251,321.88,True
20251031,100309,837935.76421655,6525390.039625443,337.66,True
20251031,151400,840785.3456565691,6525482.143960421,347.46,True
20251031,79351,840864.7386343994,6525486.100595154,362.79,True
20251031,122588,841167.6454194029,6525496.376374179,344.48,True
20251031,132681,816818.3353851655,6525011.572790004,738.72,False
20251031,179522,837607.7362039682,6525442.978466467,334.90,True
20251031,66204,845845.4352763173,6525633.433099409,295.20,True
20251031,24200,846833.8345636857,6525717.7897523455,306.39,True
20251031,38214,845109.3272699015,6525739.387796682,297.15,True
20251031,134530,871825.5937678983,6526430.08688172,203.73,False
20251031,147772,847545.2993824603,6525828.393919991,328.88,True
20251031,153925,850499.4998778584,6525900.214501373,200.54,True
20251031,84918,871824.7293316349,6526460.922143434,203.73,False
20251031,41906,830465.6949745123,6525471.945232051,346.83,True
20251031,175808,837021.3448004905,6525614.973922507,352.13,True
20251031,46365,842520.2068406834,6525740.355397281,251.81,True
20251031,149881,837602.890272374,6525658.855718722,339.52,True
20251031,108742,859058.4119552476,6526178.051572681,207.46,True
20251031,150686,835898.0,6525654.1,368.16,True
20251031,115761,830636.2423190717,6525568.140443875,341.23,True
20251031,11593,833914.0348907046,6525638.869622075,359.05,True
20251031,17735,825243.7950961965,6525517.303447238,346.83,True
20251031,12573,858882.7152666786,6526296.925721173,212.84,True
20251031,130630,845901.3197028437,6526005.036315658,302.24,True
20251031,111436,848014.486144566,6526055.699888627,348.99,True
20251031,41222,850752.1926896716,6526153.27756495,200.03,True
20251031,179397,812928.3868027251,6525370.621049147,675.53,False
20251031,77207,835894.5249066701,6525836.729821328,391.89,True
20251031,77629,843355.4293319527,6526006.67782047,192.02,True
20251031,172916,831624.2365001489,6525774.401967786,366.81,True
20251031,151715,842513.7537402986,6526017.906758365,267.42,True
20251031,176852,850987.1010324449,6526251.629761024,199.98,True
20251031,184493,851741.774936468,6526270.266446939,217.82,True
20251031,13566,847947.5398454032,6526209.033383039,362.93,True
20251031,116339,829013.0547686066,6525811.451832362,351.45,True
20251031,84269,847707.4042019732,6526264.286569993,332.50,True
20251031,187266,823254.252477764,6525754.660615057,359.36,True
20251031,180544,836515.7476017529,6526035.663690119,344.11,True
20251031,173393,849388.490784598,6526335.8852500385,318.10,True
20251031,110429,832978.7397584198,6525988.764327342,333.50,True
20251031,81257,833021.8658931617,6525989.700076433,329.53,True
20251031,138992,848848.6951042302,6526353.609091027,321.87,True
20251031,157634,830908.0189451934,6525975.0455348855,346.59,True
20251031,47523,836924.0646477989,6526106.481322171,343.29,True
20251031,93678,843500.594318535,6526256.921166105,191.85,True
20251031,189716,844772.0282316383,6526317.675920335,284.52,True
20251031,116242,847725.9932421742,6526388.159881159,324.62,True
20251031,95459,845677.1247462924,6526369.93624185,279.40,True
20251031,110587,847163.9084728459,6526436.350874719,317.51,True
20251031,66625,817816.5471056558,6525832.8547920445,842.55,True
20251031,183335,826484.3642314605,6526036.438070654,403.43,True
20251031,39337,844704.4441508519,6526440.100721618,307.49,True
20251031,89451,836830.5,6526285.0,356.86,True
20251031,51081,845539.7171326252,6526494.9179113805,294.66,True
20251031,80636,853737.7577238065,6526690.2903029,206.58,True
20251031,13758,841317.1222587009,6526453.035332107,520.53,True
20251031,38218,848971.3197737552,6526634.29657219,314.65,True
20251031,61334,842890.3219110253,6526519.075147094,252.49,True
20251031,168488,852571.1794741143,6526753.709743893,195.37,True
20251031,83368,848862.0177315003,6526693.353776215,335.18,True
20251031,68782,840042.8805824824,6526516.354527377,428.73,True
20251031,179137,839999.0537264982,6526546.208703827,434.85,True
20251031,175882,851232.7337106141,6526812.122140648,216.08,True
20251031,193368,839998.3493000581,6526577.048026783,434.38,True
20251031,148226,834370.1940935315,6526481.930864234,376.11,True
20251031,149680,835706.993603157,6526511.383650562,419.84,True
20251031,63925,846983.2811215848,6526771.435215781,313.42,True
20251031,117870,836550.4569262177,6526589.500458032,337.93,True
20251031,192362,843683.0857331279,6526754.889873912,205.07,True
20251031,13088,847887.3245085744,6526854.8956004,354.24,True
20251031,91524,847951.2601087673,6526887.295057488,340.34,True
20251031,92317,852458.4029515255,6527005.251362037,213.18,True
20251031,186649,854591.6236670215,6527051.197148421,206.02,True
20251031,182026,856510.3965660523,6527099.898345277,208.95,True
20251031,136745,851400.0599752952,6527002.378972045,213.20,True
20251031,80627,852543.2710702782,6527022.819231337,199.40,True
20251031,156959,833439.697963668,6526615.875449308,318.83,True
20251031,107409,845362.5951487059,6526887.062159444,276.34,True
20251031,131609,851722.6888709844,6527041.214451853,207.00,True
20251031,92187,847175.3547576485,6526953.881208863,321.78,True
20251031,78138,857930.9128534935,6527228.913152808,223.39,True
20251031,179462,850341.3725719126,6527068.886783646,335.10,True
20251031,60595,870476.8823662816,6527595.938378617,254.31,False
20251031,15055,855665.6713733774,6527232.670518012,211.07,True
20251031,169668,825416.4206340784,6526569.8628521785,264.27,True
20251031,56488,835635.4847875262,6526818.349941764,387.02,True
20251031,155329,852258.7159104948,6527208.980458362,195.64,True
20251031,188680,829401.927592563,6526806.984440568,346.43,True
20251031,187646,841992.0824762629,6527116.603257535,374.32,True
20251031,189739,843345.8948052337,6527176.441822724,188.18,True
20251031,101589,851454.4932608962,6527371.558550713,292.54,True
20251031,91233,854257.3660708657,6527474.774576371,197.52,True
20251031,166040,863203.7027133245,6527706.50627266,227.15,True
20251031,97829,853611.0712784996,6527515.2686989745,199.66,True
20251031,64886,861822.4202678379,6527731.590775696,213.56,True
20251031,115462,874777.7686985072,6528087.415221851,256.06,False
20251031,176746,853716.0988445121,6527553.744919131,198.61,True
20251031,94784,843172.7870140343,6527360.063435393,195.93,True
20251031,45011,845778.3871727276,6527544.915984173,315.31,True
20251031,67933,824542.6969611344,6527107.413596367,317.57,True
20251031,124873,840958.9,6527449.8,313.37,True
20251031,41908,825555.3426960009,6527158.929984351,253.39,True
20251031,95494,842909.7728632621,6527539.058828212,178.76,True
20251031,78690,851705.129694656,6527750.486458177,323.13,True
20251031,34818,824519.8845501185,6527168.657499014,301.57,True
20251031,155302,830835.2635054516,6527361.939802421,313.19,True
20251031,183222,843272.646943982,6527701.810925653,187.30,True
20251031,115779,842298.9975133329,6527833.402424157,176.96,True
20251031,91759,846416.27183644,6527930.397554172,320.01,True
20251031,44945,846415.5349727537,6527961.236108069,330.01,True
20251031,164993,849023.8133797913,6528024.114366801,338.28,True
20251031,181470,860577.5088246614,6528316.001208872,220.62,True
20251031,110060,826042.9517571134,6527570.03962773,294.62,True
20251031,123643,828239.3809294606,6527617.036934342,360.34,True
20251031,92404,844711.1384708647,6527982.45994012,297.95,True
20251031,44401,852535.098830559,6528203.086709668,336.73,True
20251031,191517,841174.5004783436,6527961.6703423895,261.34,True
20251031,80652,857384.1963201164,6528356.577143336,212.54,True
20251031,154730,876157.6061861282,6528867.570858902,249.20,False
20251031,13246,843257.2435150307,6528103.907142823,211.59,True
20251031,178848,848068.6446507899,6528278.666255027,368.94,True
20251031,121177,825326.4,6527872.1,279.93,True
20251031,21071,856989.8896651616,6528593.321530918,204.44,True
20251031,106230,858153.7977812437,6528623.254456521,207.65,True
20251031,188565,818576.8014155724,6527791.261735396,592.09,True
20251031,142173,872463.3413321355,6529071.062883534,248.25,False
20251031,173465,822865.942510768,6527906.614261529,315.74,True
20251031,130418,836014.3215714602,6528215.218610054,342.98,True
20251031,158336,808184.6594694718,6527691.5393900415,898.47,False
20251031,132668,835992.0818697611,6528245.579927614,348.38,True
20251031,68749,842845.807688483,6528432.3837972,259.82,True
20251031,174755,862459.6124442569,6528921.062115302,230.75,True
20251031,138361,837197.7854177163,6528334.168420726,429.52,True
20251031,188247,821591.0569000728,6528035.451465052,336.69,True
20251031,187642,856164.551763013,6528819.088849471,221.85,True
20251031,81434,839438.0736386903,6528446.451848258,601.98,True
20251031,4679,861808.9567908561,6529058.133986435,219.52,True
20251031,79710,837409.8753931269,6528493.196598747,437.42,True
20251031,148096,859717.5731749411,6529034.113306497,226.04,True
20251031,123641,827665.2530491054,6528374.97347962,319.19,True
20251031,50431,835812.804814659,6528550.152910137,329.12,True
20251031,190860,859111.7038299581,6529110.921751818,218.30,True
20251031,8180,844843.0754471344,6528787.832423408,292.41,True
20251031,168539,857128.1127546798,6529090.584619332,235.60,True
20251031,82185,842383.129779889,6528853.59413879,178.30,True
20251031,124874,840597.3,6528843.0,425.44,True
20251031,115780,841519.5840424323,6528895.297762802,228.45,True
20251031,41907,828801.8135531247,6528676.44743653,301.85,True
20251031,128029,841158.3,6528982.7,288.10,True
20251031,169994,858939.1,6529452.1,198.52,True
20251031,73282,868021.4087648777,6529811.683676978,217.30,False
20251031,165714,864117.5890698191,6529829.2862982415,229.23,True
20251031,113125,842221.5199153736,6529312.675380699,205.79,True
20251031,190449,858860.2930654441,6529717.755764167,213.41,True
20251031,99264,860755.0241545773,6529770.980367454,221.31,True
20251031,41243,860278.5083675517,6529851.067834685,221.73,True
20251031,162866,836809.3150176634,6529312.843554748,381.64,True
20251031,79715,828381.9541933801,6529161.301318963,291.22,True
20251031,77957,840105.244893683,6529449.044411131,440.59,True
20251031,139362,840126.7957891014,6529449.537317673,459.25,True
20251031,23490,807194.6234944272,6528815.66740267,1042.08,False
20251031,49253,859822.6506875943,6529961.47153491,237.75,True
20251031,112367,855425.9130785868,6529880.310935317,323.08,True
20251031,88190,836632.7769973405,6529494.03382836,360.13,True
20251031,170540,841695.0132005917,6529701.5979203805,272.52,True
20251031,166139,864169.0142337279,6530324.398970079,237.55,True
20251031,19760,829861.8407126637,6529531.888673774,286.13,True
20251031,87207,828503.5025028025,6529534.099141716,265.38,True
20251031,108830,843135.9774150512,6529858.520668537,255.88,True
20251031,161710,852229.6867032925,6530077.760435244,301.35,True
20251031,77627,837639.4234773417,6529794.264273057,523.79,True
20251031,10340,846106.8430875137,6530052.083962127,291.25,True
20251031,134427,862030.8760680342,6530452.615150697,237.52,True
20251031,163923,846321.5940995923,6530088.066108393,293.98,True
20251031,124870,840141.5,6529967.7,314.05,True
20251031,60743,854616.908548208,6530322.695313477,360.28,True
20251031,152510,861878.414517373,6530510.300154668,232.81,True
20251031,80453,815847.787874777,6529559.380354898,520.34,False
20251031,23310,843452.7190934217,6530143.63210689,260.41,True
20251031,143882,844594.7845935986,6530170.484733906,276.40,True
20251031,41224,852007.3121886099,6530349.949627286,300.68,True
20251031,42705,830242.538486552,6529879.368032347,253.03,True
20251031,35831,831880.2868801791,6529914.408123573,222.28,True
20251031,124868,843043.5,6530162.1,183.00,True
20251031,131431,852308.2133778584,6530388.281198117,306.70,True
20251031,168168,854893.9107935663,6530453.1225796705,327.81,True
20251031,157593,826600.0326673881,6529833.860093911,316.44,True
20251031,167096,831857.4099187214,6529975.624615442,229.58,True
20251031,162695,843472.1005668738,6530236.653429807,278.61,True
20251031,98787,849505.5051591229,6530380.944443607,317.95,True
20251031,146373,832115.3331748444,6530012.036487657,222.56,True
20251031,105186,854848.4772444126,6530544.545400783,329.48,True
20251031,58810,839832.711710659,6530218.145829398,417.16,True
20251031,137279,854589.1342928123,6530568.851579255,343.61,True
20251031,183671,860773.0311053444,6530728.04983879,241.12,True
20251031,124867,839694.8215701028,6530427.043303329,418.78,True
20251031,190965,842258.5176949385,6530486.0722448705,186.71,True
20251031,41241,848205.9290217764,6530627.069443889,308.79,True
20251031,25421,834522.7056921179,6530342.124315676,326.13,True
20251031,39764,838899.8075373375,6530498.178187284,565.87,True
20251031,76403,839778.0341882176,6530551.2727128565,420.96,True
20251031,87189,838937.1618400777,6530564.086875766,577.97,True
20251031,97177,822387.9828526692,6530241.915216471,389.38,True
20251031,154813,848306.1954066752,6530938.060175542,298.02,True
20251031,79725,842078.7092447878,6530821.287854139,205.28,True
20251031,179114,862589.7317801784,6531331.453978336,298.51,True
20251031,79712,839535.3398436568,6530821.866894514,459.58,True
20251031,167482,829773.0117769509,6530671.613881798,324.85,True
20251031,156720,847720.742937379,6531078.193232824,310.00,True
20251031,18221,865128.616227063,6531522.81806647,315.33,True
20251031,124869,843753.558268168,6531052.810172679,232.35,True
20251031,48593,822358.4252655405,6530642.420056619,401.21,True
20251031,156764,859480.9112593533,6531496.571752884,292.49,True
20251031,168957,859437.0210482231,6531526.286729697,284.19,True
20251031,117640,828690.4959147772,6530895.6067603,249.70,True
20251031,119605,814317.9499486454,6530672.191314435,541.44,False
20251031,52871,814142.1284951349,6530854.028369704,561.00,False
20251031,165160,844391.1323924274,6531492.484714854,342.40,True
20251031,77487,846394.6894526654,6531540.051409361,309.13,True
20251031,172191,871836.2741047892,6532201.10968875,272.48,False
20251031,98343,833144.4093369623,6531268.502667166,214.98,True
20251031,179229,842558.4750474889,6531511.261062457,199.77,True
20251031,90255,825515.0283357605,6531230.807939539,393.59,True
20251031,4558,835206.5453418088,6531591.374856368,245.55,True
20251031,135051,844383.8613989499,6531800.872305393,338.68,True
20251031,59073,809913.0061364564,6531116.049503489,710.85,False
20251031,146641,809933.997548164,6531147.27855836,721.35,False
20251031,51955,835571.4167624366,6531661.1511599785,241.67,True
20251031,88388,815297.4790338011,6531307.607832514,413.00,False
20251031,145491,807906.5952086828,6531234.630871376,696.85,False
20251031,90267,842266.9440735703,6531998.17209549,189.64,True
20251031,174560,835135.7902325088,6531867.506666555,249.69,True
20251031,99762,841124.5604356859,6532002.322211089,256.66,True
20251031,161370,829231.8122560595,6531801.77634205,387.99,True
20251031,43081,851221.8450069199,6532366.939898508,335.05,True
20251031,30258,825155.8165773703,6531933.093358048,396.74,True
20251031,184858,832887.6,6532191.8,259.52,True
20251031,17987,852230.6969638101,6532638.904989965,357.08,True
20251031,160823,862569.5189534157,6532904.685514959,309.03,True
20251031,182077,823300.701325127,6532018.873914706,405.29,True
20251031,91944,867693.9922970838,6533104.613864768,232.11,False
20251031,62743,825324.366624397,6532121.663214243,391.47,True
20251031,190539,833725.4288671238,6532299.3661987195,217.74,True
20251031,178844,848177.4735899032,6532693.757008536,312.55,True
20251031,77967,837169.8739962592,6532468.122975639,232.03,True
20251031,8936,847401.3086601263,6532705.878940975,342.32,True
20251031,22703,825578.4369725124,6532342.845005141,361.47,True
20251031,193812,830489.6793785439,6532445.537137028,393.09,True
20251031,64289,825362.3983202094,6532369.271998994,384.15,True
20251031,111099,830532.1026360699,6532477.295690289,388.37,True
20251031,98902,841172.7803985765,6532713.382266839,183.00,True
20251031,139664,830488.3649136802,6532507.2177793095,393.29,True
20251031,162993,839646.3955912497,6532740.583712389,272.94,True
20251031,91730,845823.0489423354,6532914.936404521,316.09,True
20251031,124539,837357.5098409879,6532750.025004947,242.34,True
20251031,1896,845800.7758698873,6532945.262039713,320.87,True
20251031,109368,837292.20046619,6532779.415309154,237.58,True
20251031,10147,840044.6,6532867.9,263.96,True
20251031,163704,867550.4171776067,6533625.283908421,249.12,False
20251031,41340,843039.4978601568,6533065.264396111,255.77,True
20251031,118368,811569.349595411,6532472.654145395,486.52,False
20251031,192279,814498.8120331864,6532526.732704575,440.65,False
20251031,86661,841185.78599074,6533083.9484173,183.88,True
20251031,8592,845342.6082165034,6533181.216820055,324.65,True
20251031,150691,811611.867921153,6532504.281462707,465.32,False
20251031,87807,811978.0502447049,6532510.967178812,475.34,False
20251031,82321,839504.4027958272,6533107.117291927,229.79,True
20251031,9641,858478.7048848856,6533568.875574325,338.11,True
20251031,135075,843294.3469157048,6533225.5025225775,249.99,True
20251031,132531,832219.7903753694,6533161.4510516515,255.98,True
20251031,117707,812661.6584583103,6532832.032464826,456.56,False
20251031,179470,829332.4027214312,6533161.484905919,451.76,True
20251031,105813,827069.6409370749,6533175.811926939,321.02,True
20251031,152911,841155.004320011,6533484.360407644,231.39,True
20251031,119833,841305.7611818622,6533487.838194523,186.47,True
20251031,87071,808632.2005673716,6532851.771659277,482.08,False
20251031,149371,841003.537088875,6533511.725474492,202.87,True
20251031,88675,809943.3033607466,6533029.435597146,489.70,False
20251031,155228,808800.675330241,6533070.728443375,526.44,False
20251031,48610,813323.6579394954,6533152.775356203,440.57,False
20251031,177697,808971.3336711765,6533166.320121169,512.29,False
20251031,44976,835181.7812538741,6533688.957303514,203.83,True
20251031,164512,817756.8690980056,6533421.555614157,402.68,True
20251031,51080,834253.0272242113,6533791.938364635,201.70,True
20251031,139694,858799.2871000031,6534502.913650557,317.11,True
20251031,161037,863081.8734712359,6534708.090303066,314.92,True
20251031,120570,810923.446043862,6533633.3097435655,486.49,False
20251031,113241,811912.4172599614,6533743.8661215855,488.47,False
20251031,177914,841779.6756224964,6534424.462751954,199.27,True
20251031,130944,834780.5525480283,6534297.206553329,192.92,True
20251031,181844,841800.4946090309,6534455.800591373,202.97,True
20251031,41236,847052.3402191517,6534672.285850397,331.68,True
20251031,115092,874739.8031543151,6535461.846292739,274.18,False
20251031,165896,832579.4163060477,6534465.119206135,238.47,True
20251031,161562,814424.0237036658,6534222.233451117,623.45,False
20251031,133545,837593.8455727443,6534699.203290835,219.60,True
20251031,11897,843429.0698896424,6534833.1579586165,309.46,True
20251031,139461,810631.2124603208,6534306.773531718,475.31,False
20251031,23071,810347.9368085831,6534486.774364723,612.68,False
20251031,145500,870028.5888335311,6535917.539746681,229.79,False
20251031,192313,840898.4596532717,6535268.069019707,220.39,True
20251031,79261,840940.1001513836,6535330.738764095,219.28,True
20251031,169902,842165.8862994793,6535420.800706933,249.60,True
20251031,41262,870367.5724297594,6536171.77546512,250.43,False
20251031,168425,826209.8660259763,6535163.52957809,346.89,True
20251031,97476,838223.7979877383,6535423.0657376,204.76,True
20251031,8176,838675.9251027504,6535433.293687904,208.96,True
20251031,22169,849138.470308849,6535710.1668005735,320.82,True
20251031,58062,845649.3013713673,6535687.845091043,320.50,True
20251031,11840,870212.9414722245,6536321.870704241,261.38,False
20251031,80628,867691.4175674012,6536344.727040877,310.95,False
20251031,72592,832685.8825708664,6535516.481199666,226.15,True
20251031,117457,821617.6434008823,6535379.0907992935,324.71,True
20251031,175998,834190.2422989253,6535672.700146701,210.33,True
20251031,149306,842995.4623561363,6535872.107424289,272.96,True
20251031,113676,868457.0370515931,6536705.204877079,305.31,False
20251031,110413,829362.4892641089,6535815.582025548,410.06,True
20251031,94323,871684.0885962432,6536856.617987392,241.38,False
20251031,18939,870690.5030079358,6536952.257286824,292.81,False
20251031,78882,843244.4172492623,6536279.054533973,278.84,True
20251031,95282,870126.2206139237,6536966.930958335,281.27,False
20251031,41256,873875.2296404623,6537072.789932318,268.58,False
20251031,100428,828858.8908761896,6536206.061443843,386.15,True
20251031,181396,838308.4447858899,6536443.199293151,201.01,True
20251031,80630,846742.9191678436,6536793.936367389,352.02,True
20251031,158630,840865.8015834157,6536686.669491006,196.84,True
20251031,80323,840994.9541646494,6536689.644118963,196.19,True
20251031,117881,846720.6546426167,6536824.258632001,339.42,True
20251031,127535,817570.1682606225,6536410.708740419,449.65,True
20251031,163783,834660.2965225617,6536824.651769918,206.51,True
20251031,173669,837436.3084078564,6536917.230464049,200.88,True
20251031,166898,856996.7080080963,6537573.0188353695,331.88,True
20251031,58576,845199.266164957,6537405.086832251,304.93,True
20251031,123005,812287.0999122799,6536805.124901507,502.17,False
20251031,59660,840611.30257249,6537452.202234727,199.90,True
20251031,167086,870093.9977699294,6538262.592715936,326.39,False
20251031,93608,844138.8290619234,6537626.859096086,321.87,True
20251031,106334,850638.429151073,6537783.443228983,327.75,True
20251031,67346,811054.0137549875,6537121.9969332,672.13,False
20251031,81126,839764.1644282131,6537772.200392406,201.00,True
20251031,7591,831089.4937235698,6537641.886374571,350.50,True
20251031,25117,823017.3635696532,6537535.959796429,452.37,True
20251031,78689,840577.7326751485,6537975.973472198,189.59,True
20251031,188865,844021.0542037106,6538056.067444172,314.92,True
20251031,158493,834206.7947109494,6537863.748858772,199.31,True
20251031,29657,850950.7539967843,6538253.851058456,327.59,True
20251031,149485,822971.2191181621,6537689.299829755,464.96,True
20251031,91955,844858.1662169722,6538168.400119587,307.66,True
20251031,120529,862890.6363253489,6538652.852801279,327.25,True
20251031,55000,872853.4900181781,6538926.2765941955,299.58,False
20251031,120656,862954.3703943512,6538685.408582439,318.25,True
20251031,145275,824557.5567592476,6538029.92822713,508.35,True
20251031,69160,824556.3008809997,6538091.610059341,510.85,True
20251031,131717,875335.3688005512,6539490.676454832,252.50,False
20251031,151911,838754.58102628,6538613.166235268,199.63,True
20251031,131345,872898.8652339353,6539606.470909472,321.12,False
20251031,93900,876854.0522746596,6539843.004406287,250.10,False
20251031,127962,850300.7524884441,6539256.255665984,326.16,True
20251031,110350,837131.6885572975,6538977.684608227,196.83,True
20251031,47520,837193.4737498241,6539102.490377372,196.99,True
20251031,155222,818580.1189550387,6538744.1792744035,368.94,True
20251031,167412,830995.8660697613,6538997.473651491,369.68,True
20251031,29375,831983.66401172,6539111.2719918275,302.32,True
20251031,140075,839492.2595291885,6539308.761050367,223.23,True
20251031,41550,835102.2356676549,6539241.070518005,199.04,True
20251031,77095,837918.2,6539365.4,208.05,True
20251031,190368,838127.4634696137,6539372.649852337,212.18,True
20251031,41259,837616.8731316184,6539421.9,211.24,True
20251031,184384,841231.5063213501,6539502.952479463,305.52,True
20251031,177099,839378.3532710659,6539583.862143246,256.97,True
20251031,97065,833396.3772256686,6539481.320238216,206.46,True
20251031,131304,840989.1479308865,6539744.2048369,292.00,True
20251031,41244,837285.1361020686,6539814.213846483,262.67,True
20251031,121267,845159.3026930983,6539996.041932113,329.92,True
20251031,80635,845158.5707123971,6540026.880554307,319.92,True
20251031,80629,841196.4624272363,6540088.39838678,278.81,True
20251031,179504,835580.7046717608,6539992.175246383,213.04,True
20251031,131086,844871.5869506202,6540328.635115981,315.00,True
20251031,193556,869975.5273207721,6540974.911038032,322.09,False
20251031,138462,835468.3534856128,6540205.669630015,208.38,True
20251031,190485,825225.4275500433,6540110.76567836,503.70,True
20251031,90834,832882.0837575821,6540364.907911319,200.77,True
20251031,161949,867643.0973372862,6541249.966921978,327.28,False
20251031,164850,810700.7584868828,6539984.86473926,589.18,False
20251031,174439,841139.9112436636,6540673.347926467,285.05,True
20251031,155280,839092.8118831686,6540780.717761614,275.62,True
20251031,158386,823602.5682246265,6540540.554389383,670.84,True
20251031,179031,838983.1538351271,6540870.790204034,283.86,True
20251031,96651,876322.9336005689,6541833.5772069795,266.28,False
20251031,174958,837002.7787419041,6540887.808825746,215.05,True
20251031,168401,836528.8553037781,6540908.063758855,214.04,True
20251031,117469,809810.9364818907,6540400.754508039,610.06,False
20251031,170445,838351.6664581079,6541195.8768777065,287.06,True
20251031,73372,853444.7575897637,6541802.885170946,307.36,True
20251031,63728,839721.228089515,6541535.573214439,288.27,True
20251031,94082,821394.8778001606,6541175.10404579,511.09,True
20251031,169170,850752.5111504821,6541890.191574976,321.30,True
20251031,61522,814723.9233221075,6541200.564290001,769.24,False
20251031,184105,818849.5350446735,6541495.33693782,429.63,True
20251031,158088,827452.1793456968,6541699.468315344,317.36,True
20251031,59431,831794.7281605243,6541884.100518543,371.75,True
20251031,127320,831837.7424606149,6541885.027936901,355.49,True
20251031,163246,841664.905435026,6542166.556214934,288.35,True
20251031,95539,838996.7261033512,6542167.020483032,283.64,True
20251031,114868,873294.0549879584,6543135.661056964,362.73,False
20251031,149099,840390.3732904862,6542383.998374976,279.95,True
20251031,119047,873463.4517159316,6543233.045143845,344.25,False
20251031,10622,829765.8478218806,6542180.097239446,323.06,True
20251031,52988,844067.0431164033,6542500.395254745,330.08,True
20251031,151802,832987.7207545503,6542434.462884633,203.06,True
20251031,112542,825717.5971265913,6542342.339264186,400.41,True
20251031,152650,862164.5816078425,6543293.143023382,321.27,True
20251031,473,843360.8001797247,6543255.187003154,311.88,True
20251031,123970,809533.4047610778,6542678.844496329,764.91,False
20251031,72048,833272.6555087699,6543181.179530377,200.63,True
20251031,168540,839529.1339202493,6543351.651838421,245.32,True
20251031,22164,834431.0797720418,6543329.966206646,213.34,True
20251031,169730,834580.9151498082,6543364.118254637,190.80,True
20251031,72047,833439.2898548236,6543431.652341839,192.18,True
20251031,46361,834941.6817949531,6543588.056177547,198.08,True
20251031,35729,833004.2844917302,6543632.561732111,216.16,True
20251031,97358,836551.5078066391,6543747.230188847,250.56,True
20251031,4565,836636.8207291341,6543779.991872858,250.45,True
20251031,46369,831840.8411201688,6543736.364005733,245.45,True
20251031,48029,833795.6,6543775.2,203.84,True
20251031,164633,816036.86526668,6543446.746472967,447.34,False
20251031,25835,831555.7380332359,6543760.851403124,259.66,True
20251031,98449,816014.7782022152,6543477.18007227,453.34,False
20251031,28900,833387.5365010541,6543831.6332921265,207.40,True
20251031,99822,832877.3,6543849.2,223.44,True
20251031,81668,832999.1885856168,6543884.879313896,215.24,True
20251031,77201,829751.9981372103,6543845.933486789,259.97,True
20251031,77634,831920.8601011724,6544015.644911387,242.62,True
20251031,79074,834393.3016024339,6544069.649989151,206.10,True
20251031,81667,834564.871053086,6544071.010584073,195.19,True
20251031,168471,831210.7008558679,6544031.347837282,221.08,True
20251031,182193,831854.9470761622,6544076.999044472,244.39,True
20251031,146944,831961.8539659177,6544109.229685558,242.77,True
20251031,39087,837530.1233418568,6544231.999734181,261.89,True
20251031,94304,833251.1380367156,6544168.059096441,208.21,True
20251031,184869,844172.4709157287,6544415.946259808,309.62,True
20251031,157279,836066.8214896556,6544260.954877379,205.61,True
20251031,146374,832389.8358749901,6544211.049488509,217.32,True
20251031,186045,833011.9627387119,6544286.2674036175,218.72,True
20251031,91733,844082.1153268096,6544598.9506463995,294.28,True
20251031,85183,844747.8096454071,6544645.538271406,306.82,True
20251031,89980,833415.0514526725,6544541.891212694,207.19,True
20251031,122750,847473.5042153811,6544895.846642517,338.30,True
20251031,89981,833413.704874675,6544603.571154548,204.24,True
20251031,81823,833450.6980325506,6544605.407901785,206.89,True
20251031,176691,831499.7496688523,6544592.940583309,248.08,True
20251031,88126,832766.7664800768,6544682.045447417,208.94,True
20251031,176672,838184.0354536898,6544802.144008134,264.27,True
20251031,129310,848307.377716639,6545101.166354758,331.35,False
20251031,51953,832700.2654193768,6544773.164777538,211.21,True
20251031,159753,830528.4025099701,6544757.24205488,277.98,True
20251031,13445,832979.0550104245,6544810.079834683,211.57,True
20251031,29604,840264.2700749831,6545065.526834305,284.65,False
20251031,146614,829192.9745634957,6544852.280035236,286.33,True
20251031,92909,834330.6420047036,6544963.060775127,208.16,True
20251031,7981,834327.977960485,6545085.6490771985,204.41,False
20251031,77204,835166.2684913885,6545104.907018341,207.79,False
20251031,36469,826094.2498588437,6544941.822611543,429.64,True
20251031,146973,831963.0383961783,6545065.748256266,220.49,False
20251031,77206,833940.3257768917,6545108.766475648,209.68,False
20251031,166497,827296.8485817116,6545024.326565568,322.60,False
20251031,189303,847609.0800842235,6545516.246484474,349.53,False
20251031,184412,833184.612655466,6545246.521566513,223.79,False
20251031,143071,836707.7533100884,6545416.895036138,272.55,False
20251031,67535,867698.7139654092,6546281.496703066,346.02,False
20251031,55919,847194.0001997524,6545783.939455009,317.86,False
20251031,179098,867676.3759624909,6546311.742514328,353.66,False
20251031,141626,833821.514178119,6545533.901761627,207.28,False
20251031,77193,833221.0961275031,6545559.452890851,221.02,False
20251031,165446,876270.1683622898,6546646.238079323,268.40,False
20251031,100915,832123.4690196122,6545592.887420522,220.21,False
20251031,101982,833519.7763951302,6545654.947101259,197.57,False
20251031,100600,832916.605123982,6545703.505142133,215.51,False
20251031,80160,857331.545563127,6546314.299986992,319.36,False
20251031,151555,837513.4456872429,6545928.656688899,285.26,False
20251031,14219,833033.6,6546041.7,215.29,False
20251031,182611,844379.4312800936,6546580.747620124,305.09,False
20251031,125963,844464.6645151468,6546613.6185497735,309.64,False
20251031,104994,835651.3522151286,6546504.128202754,251.93,False
20251031,129657,868079.0554129344,6547310.295776086,332.67,False
20251031,98768,827978.3502085186,6546369.425899485,293.80,False
20251031,59884,828171.7725012882,6546373.480834238,293.12,False
20251031,184286,831137.5647860405,6546436.423342127,262.16,False
20251031,124961,835821.2223833075,6546600.467350011,241.84,False
20251031,90143,832145.6451266783,6546550.709310794,204.79,False
20251031,79716,833455.903202171,6546610.04688536,223.86,False
20251031,185169,832208.7824636558,6546613.784471724,219.59,False
20251031,134529,834121.4316432204,6546655.476904889,207.73,False
20251031,41223,839428.7970387238,6546805.1614926355,280.74,False
20251031,185783,833174.5092794343,6546696.470076783,211.56,False
20251031,169439,873272.1072429859,6547702.277467193,350.31,False
20251031,187721,832269.9152153417,6546769.380591989,215.93,False
20251031,120692,857561.0,6547587.0,317.42,False
20251031,108585,813181.6397516994,6546632.732897862,567.89,False
20251031,180845,833636.4985810163,6547200.234329334,218.67,False
20251031,64875,836536.734851718,6547295.227997368,233.33,False
20251031,152621,833140.2471731629,6547281.961759686,214.66,False
20251031,157018,861908.0439030955,6548100.213807003,316.26,False
20251031,143310,836678.8703607909,6547668.667425522,239.46,False
20251031,1851,807777.1547785033,6547121.185449064,597.29,False
20251031,98796,831252.876124638,6548074.185747263,214.61,False
20251031,6680,820118.3871134374,6548091.882371326,763.05,False
20251031,169451,827161.6355534698,6548419.5909986505,288.59,False
20251031,88733,844497.3582271346,6548866.877311838,328.96,False
20251031,48607,831597.5243625401,6549038.091682519,215.72,False
20251031,130018,814687.2440445463,6548882.2129231235,499.48,False
20251031,131606,814750.5325363918,6548945.107425419,503.98,False
20251031,86124,839710.5397739019,6549526.874522483,244.33,False
20251031,159939,840526.0788731675,6549576.444507112,278.22,False
20251031,164531,827274.7082184367,6549347.809597197,309.20,False
20251031,62458,842884.54827164,6549816.313501796,295.68,False
20251031,155859,809974.7591581913,6549227.4620653065,717.04,False
20251031,101732,826229.9700053477,6549819.544434054,413.94,False
20251031,68731,815681.1447696963,6549733.987671478,447.80,False
20251031,66533,826120.0255917794,6549940.688190177,380.95,False
20251031,175500,835970.3884021573,6550522.368927829,231.39,False
20251031,26539,824041.7601005291,6550700.309768104,473.48,False
20251031,170071,832669.6784907674,6551128.55154619,212.73,False
20251031,133069,835475.3118717785,6551529.576427843,198.53,False
20251031,78684,835431.6811801478,6551559.463193285,198.53,False
20251031,90422,832703.2411803023,6551561.2462147875,202.53,False
20251031,49325,843171.0664906107,6552260.636790101,293.05,False
20251031,65503,822235.7653484687,6551836.317083239,485.55,False
20251031,24124,833099.7969327278,6552094.410253873,201.55,False
20251031,104039,833056.1821489272,6552124.3140011085,211.60,False
20251031,145610,853173.0960295864,6552626.890906938,325.14,False
20251031,79708,833013.8375468233,6552338.539407822,214.51,False
20251031,126446,870726.6099483923,6553370.446717624,303.93,False
20251031,186372,828043.6596165373,6552479.912550348,267.52,False
20251031,161173,865699.1478753713,6553386.156251728,322.30,False
20251031,71240,845043.6186294936,6553014.540096617,316.52,False
20251031,137195,860175.6662681493,6553485.53788493,304.57,False
20251031,76070,860168.3813181041,6553763.068722446,307.08,False
20251031,144000,846751.4112943471,6553456.501088452,288.83,False
20251031,91319,842924.5775229906,6553612.51653307,275.05,False
20251031,181939,807930.2867327239,6553047.507561344,584.12,False
20251031,2932,870387.3221177855,6554749.637048843,300.70,False
20251031,140457,871736.8131136445,6554880.054373611,327.31,False
20251031,37925,843594.0660148019,6554368.776773129,295.75,False
20251031,90614,836379.5638728715,6554326.670012164,203.99,False
20251031,191479,834166.7922449044,6554370.174836789,210.86,False
20251031,67199,815380.6129890771,6554263.675604532,518.20,False
20251031,103422,835963.5119054957,6554687.645041176,188.77,False
20251031,54826,835829.2461300775,6554931.494675451,192.69,False
20251031,151899,809812.0555072658,6554685.40322041,781.90,False
