date,line,tile_id,lon,lat,height,nature_id
20251031,89916,0644_6834,2.24388889,48.59555556,112.78,23
20251031,185320,0651_6834,2.34833333,48.59555556,90.97,26
20251031,106170,0619_6834,1.90444444,48.59583333,216.94,4
20251031,99592,0641_6834,2.20222222,48.59611111,130.14,17
20251031,50604,0644_6834,2.24333333,48.59638889,109.00,26
20251031,139617,0658_6834,2.43916667,48.59638889,100.25,38
20251031,132951,0646_6834,2.27666667,48.59666667,105.88,26
20251031,136997,0648_6834,2.29750000,48.59666667,94.96,38
20251031,82621,0667_6834,2.55388889,48.59694444,95.83,17
20251031,34461,0630_6834,2.05166667,48.59722222,198.30,23
20251031,38763,0641_6834,2.20055556,48.59722222,141.37,23
20251031,169478,0642_6834,2.21638889,48.59722222,124.25,23
20251031,79595,0647_6834,2.28166667,48.59777778,100.85,38
20251031,178890,0660_6834,2.46444444,48.59777778,69.28,38
20251031,38248,0661_6834,2.47527778,48.59777778,100.32,38
20251031,177459,0634_6834,2.10750000,48.59805556,131.95,23
20251031,48530,0661_6834,2.47444444,48.59805556,106.57,38
20251031,86683,0630_6834,2.05916667,48.59861111,171.94,23
20251031,88911,0669_6834,2.58222222,48.59861111,110.46,23
20251031,175377,0661_6834,2.47972222,48.59916667,86.69,38
20251031,35408,0659_6834,2.45666667,48.59944444,68.52,26
20251031,102289,0679_6834,2.71666667,48.59972222,123.95,23
20251031,65176,0658_6834,2.44277778,48.60000000,181.16,33
20251031,114356,0663_6834,2.50055556,48.60027778,131.97,4
20251031,131592,0649_6834,2.31916667,48.60111111,82.41,17
20251031,153478,0653_6834,2.36583333,48.60138889,111.67,26
20251031,168264,0648_6834,2.30000000,48.60166667,90.66,17
20251031,168363,0661_6834,2.47944444,48.60166667,81.06,38
20251031,173978,0646_6834,2.27166667,48.60194444,102.75,23
20251031,50550,0667_6834,2.56027778,48.60194444,116.26,48
20251031,184453,0649_6834,2.30833333,48.60222222,93.35,38
20251031,137152,0657_6834,2.42027778,48.60222222,114.98,26
20251031,133481,0669_6834,2.58027778,48.60222222,118.05,48
20251031,190479,0669_6834,2.58055556,48.60222222,109.73,48
20251031,49146,0626_6835,2.00500000,48.60250000,135.39,23
20251031,84848,0657_6834,2.42166667,48.60250000,108.68,26
20251031,171105,0669_6834,2.58027778,48.60250000,111.05,48
20251031,115369,0646_6834,2.27333333,48.60277778,107.43,26
20251031,75385,0647_6834,2.28361111,48.60277778,113.12,23
20251031,165290,0660_6834,2.46166667,48.60305556,69.67,38
20251031,95296,0631_6835,2.07722222,48.60333333,145.71,23
20251031,27792,0644_6834,2.24138889,48.60333333,116.44,31
20251031,148667,0644_6834,2.24166667,48.60333333,112.94,23
20251031,3538,0674_6834,2.64972222,48.60361111,114.74,999999999
20251031,97526,0650_6834,2.32583333,48.60388889,89.81,17
20251031,87304,0660_6834,2.46277778,48.60416667,69.39,38
20251031,160890,0643_6835,2.23222222,48.60444444,112.38,26
20251031,75273,0680_6834,2.73972222,48.60500000,123.04,4
20251031,42590,0661_6835,2.47138889,48.60555556,68.41,38
20251031,169527,0666_6835,2.54805556,48.60555556,111.47,23
20251031,187990,0645_6835,2.26361111,48.60583333,91.82,23
20251031,52534,0652_6835,2.36250000,48.60583333,104.97,26
20251031,127323,0657_6835,2.42944444,48.60583333,92.28,17
20251031,98575,0661_6835,2.48333333,48.60611111,73.32,23
20251031,113011,0648_6835,2.30138889,48.60638889,100.93,23
20251031,151908,0661_6835,2.47722222,48.60638889,73.70,23
20251031,90337,0650_6835,2.32750000,48.60666667,108.02,23
20251031,160901,0650_6835,2.32777778,48.60666667,108.16,26
20251031,37463,0661_6835,2.48416667,48.60666667,73.19,23
20251031,126396,0648_6835,2.30277778,48.60694444,75.46,17
20251031,12124,0648_6835,2.30750000,48.60722222,97.60,38
20251031,172938,0649_6835,2.31527778,48.60722222,92.99,38
20251031,6989,0650_6835,2.33250000,48.60722222,98.13,17
20251031,153862,0656_6835,2.41444444,48.60722222,106.47,48
20251031,146352,0657_6835,2.42861111,48.60722222,113.95,26
20251031,155130,0661_6835,2.47333333,48.60722222,62.15,38
20251031,131357,0657_6835,2.42916667,48.60750000,102.34,42
20251031,101620,0653_6835,2.36333333,48.60777778,112.30,26
20251031,19361,0633_6835,2.09333333,48.60972222,163.89,23
20251031,131208,0664_6835,2.51361111,48.60972222,128.02,26
20251031,80484,0668_6835,2.57694444,48.60972222,136.57,23
20251031,182931,0653_6835,2.36861111,48.61111111,102.78,48
20251031,50606,0657_6835,2.43000000,48.61111111,107.85,26
20251031,57499,0660_6835,2.45888889,48.61111111,129.82,4
20251031,108994,0661_6835,2.47861111,48.61111111,52.18,17
20251031,129215,0639_6835,2.17361111,48.61138889,144.80,26
20251031,176769,0648_6835,2.29555556,48.61138889,103.61,26
20251031,129965,0653_6835,2.36777778,48.61138889,101.26,26
20251031,46178,0661_6835,2.47694444,48.61166667,71.37,17
20251031,135486,0644_6835,2.25305556,48.61194444,110.88,23
20251031,168322,0649_6835,2.31722222,48.61194444,113.84,26
20251031,174845,0660_6835,2.46277778,48.61250000,97.11,17
20251031,106135,0659_6835,2.45138889,48.61277778,114.07,26
20251031,90835,0661_6835,2.47361111,48.61277778,65.60,38
20251031,155643,0661_6835,2.48166667,48.61277778,53.57,17
20251031,6611,0644_6836,2.24250000,48.61361111,120.35,26
20251031,161244,0654_6836,2.37777778,48.61361111,106.53,26
20251031,178414,0662_6835,2.48527778,48.61361111,52.15,38
20251031,165360,0654_6836,2.37777778,48.61388889,95.85,38
20251031,118091,0661_6835,2.47222222,48.61388889,64.97,23
20251031,37364,0661_6836,2.48055556,48.61416667,74.83,17
20251031,89421,0669_6835,2.58083333,48.61416667,116.59,23
20251031,161915,0675_6835,2.66222222,48.61416667,102.56,26
20251031,114966,0648_6836,2.30500000,48.61444444,112.11,38
20251031,91397,0648_6836,2.30694444,48.61444444,95.22,23
20251031,90563,0656_6836,2.41638889,48.61500000,111.68,26
20251031,119827,0661_6836,2.47472222,48.61500000,40.27,17
20251031,139648,0661_6836,2.47888889,48.61500000,74.65,17
20251031,186864,0666_6836,2.54944444,48.61500000,107.97,17
20251031,63581,0654_6836,2.38611111,48.61527778,109.83,26
20251031,134142,0620_6836,1.92222222,48.61555556,198.08,26
20251031,124638,0648_6836,2.30583333,48.61555556,113.60,38
20251031,86394,0654_6836,2.38722222,48.61555556,109.48,26
20251031,89666,0656_6836,2.41527778,48.61555556,111.56,26
20251031,37462,0654_6836,2.38555556,48.61583333,109.48,26
20251031,165289,0658_6836,2.43694444,48.61583333,97.26,38
20251031,147575,0663_6836,2.50333333,48.61583333,118.82,26
20251031,126687,0620_6836,1.92138889,48.61611111,201.31,23
20251031,123997,0620_6836,1.92277778,48.61611111,204.71,23
20251031,62561,0654_6836,2.38694444,48.61611111,110.35,23
20251031,94521,0656_6836,2.41611111,48.61611111,115.72,26
20251031,160453,0660_6836,2.46000000,48.61611111,125.03,38
20251031,142426,0656_6836,2.41555556,48.61638889,111.97,26
20251031,71435,0658_6836,2.44333333,48.61638889,131.81,4
20251031,93254,0659_6836,2.44666667,48.61638889,96.96,17
20251031,143919,0657_6836,2.42444444,48.61666667,99.88,17
20251031,165286,0661_6836,2.48388889,48.61666667,85.72,38
20251031,141695,0666_6836,2.53944444,48.61666667,107.84,17
20251031,92266,0660_6836,2.46694444,48.61694444,82.26,38
20251031,89464,0645_6836,2.25750000,48.61722222,124.72,26
20251031,176107,0663_6836,2.50416667,48.61722222,118.05,23
20251031,91543,0661_6836,2.47277778,48.61750000,58.06,23
20251031,10146,0650_6836,2.32972222,48.61805556,94.44,17
20251031,37736,0645_6836,2.26055556,48.61833333,116.37,26
20251031,180344,0659_6836,2.45138889,48.61861111,118.73,38
20251031,176677,0650_6836,2.32833333,48.61888889,105.70,23
20251031,134522,0658_6836,2.43333333,48.61888889,103.73,17
20251031,135966,0670_6836,2.59500000,48.61888889,128.59,26
20251031,153023,0649_6836,2.30916667,48.61916667,98.25,38
20251031,188218,0662_6836,2.48527778,48.61916667,95.70,48
20251031,34489,0639_6836,2.17750000,48.61944444,194.53,4
20251031,10277,0663_6836,2.50694444,48.61944444,117.37,23
20251031,162326,0660_6836,2.46416667,48.61972222,78.19,23
20251031,145982,0657_6836,2.42138889,48.62000000,100.45,17
20251031,89707,0663_6836,2.50916667,48.62000000,116.53,26
20251031,29801,0668_6836,2.57472222,48.62027778,147.38,23
20251031,15892,0651_6836,2.34138889,48.62055556,102.23,26
20251031,40832,0679_6836,2.72277778,48.62111111,136.27,23
20251031,118955,0649_6836,2.31944444,48.62138889,110.85,23
20251031,179792,0662_6836,2.49111111,48.62138889,106.54,48
20251031,46853,0651_6836,2.34694444,48.62166667,103.20,26
20251031,15813,0650_6836,2.32388889,48.62194444,104.78,23
20251031,178570,0651_6836,2.34861111,48.62194444,112.25,26
20251031,137021,0662_6836,2.49166667,48.62194444,92.60,17
20251031,51071,0619_6837,1.90777778,48.62222222,194.79,4
20251031,79662,0644_6837,2.24555556,48.62222222,186.77,26
20251031,111510,0652_6836,2.34944444,48.62222222,113.07,26
20251031,133277,0659_6836,2.45083333,48.62222222,97.65,38
20251031,164675,0657_6836,2.41666667,48.62250000,107.34,42
20251031,92700,0659_6836,2.44638889,48.62250000,108.28,26
20251031,112053,0653_6837,2.37472222,48.62277778,106.10,26
20251031,167314,0659_6837,2.44583333,48.62305556,102.76,23
20251031,90031,0659_6837,2.44722222,48.62305556,93.00,32
20251031,162214,0670_6836,2.59722222,48.62305556,110.07,38
20251031,179494,0647_6837,2.28250000,48.62333333,70.00,23
20251031,103876,0652_6837,2.36055556,48.62333333,112.69,12
20251031,187939,0653_6837,2.37222222,48.62333333,112.82,26
20251031,129328,0657_6837,2.42444444,48.62333333,132.46,38
20251031,167011,0649_6837,2.31805556,48.62361111,106.19,26
20251031,97039,0649_6837,2.31833333,48.62361111,109.36,26
20251031,93297,0657_6837,2.42305556,48.62361111,107.84,17
20251031,94747,0659_6837,2.45722222,48.62361111,82.35,32
20251031,118139,0644_6837,2.24444444,48.62444444,182.84,4
20251031,45645,0658_6837,2.44222222,48.62444444,115.93,17
20251031,186952,0658_6837,2.44277778,48.62444444,116.89,38
20251031,141706,0658_6837,2.44194444,48.62472222,105.43,17
20251031,80301,0675_6837,2.66694444,48.62472222,132.51,4
20251031,150451,0648_6837,2.29916667,48.62500000,70.52,26
20251031,80793,0656_6837,2.40944444,48.62500000,111.00,26
20251031,148632,0657_6837,2.42944444,48.62500000,106.29,17
20251031,193657,0630_6837,2.05916667,48.62527778,192.73,23
20251031,192414,0637_6837,2.15388889,48.62527778,195.63,23
20251031,94324,0636_6837,2.14027778,48.62555556,169.03,23
20251031,133847,0644_6837,2.24027778,48.62555556,198.40,23
20251031,154301,0650_6837,2.33472222,48.62555556,98.39,26
20251031,80796,0657_6837,2.42916667,48.62555556,108.21,38
20251031,90028,0658_6837,2.43388889,48.62555556,85.57,32
20251031,114047,0657_6837,2.42972222,48.62583333,86.51,23
20251031,184900,0649_6837,2.30861111,48.62611111,103.95,26
20251031,140609,0650_6837,2.32250000,48.62611111,104.24,48
20251031,110062,0656_6837,2.41027778,48.62611111,102.65,23
20251031,111721,0656_6837,2.41250000,48.62611111,90.65,38
20251031,82146,0616_6837,1.86972222,48.62638889,197.79,48
20251031,90025,0657_6837,2.42444444,48.62638889,87.83,32
20251031,105957,0666_6837,2.54000000,48.62638889,122.22,26
20251031,177963,0628_6837,2.02833333,48.62666667,194.29,23
20251031,17972,0645_6837,2.26305556,48.62666667,121.85,4
20251031,112027,0636_6837,2.13305556,48.62694444,181.82,23
20251031,138473,0666_6837,2.53944444,48.62694444,113.32,23
20251031,176402,0669_6837,2.58333333,48.62694444,103.10,38
20251031,135452,0669_6837,2.58555556,48.62722222,107.40,38
20251031,104469,0662_6837,2.49333333,48.62750000,95.31,38
20251031,189093,0666_6837,2.53916667,48.62750000,125.14,26
20251031,139561,0668_6837,2.57583333,48.62750000,110.34,38
20251031,119547,0636_6837,2.13444444,48.62777778,188.63,32
20251031,99246,0657_6837,2.41972222,48.62777778,101.41,17
20251031,30046,0649_6837,2.31027778,48.62805556,84.60,17
20251031,159755,0646_6837,2.28055556,48.62833333,94.96,23
20251031,164023,0657_6837,2.42777778,48.62833333,157.78,17
20251031,54068,0633_6837,2.09861111,48.62861111,145.73,20
20251031,91909,0658_6837,2.43444444,48.62861111,119.00,38
20251031,183101,0646_6837,2.28027778,48.62888889,95.71,48
20251031,68354,0657_6837,2.42722222,48.62888889,97.57,17
20251031,191041,0664_6837,2.51527778,48.62916667,115.55,26
20251031,137089,0656_6837,2.41388889,48.62944444,94.53,38
20251031,54032,0659_6837,2.45027778,48.62944444,102.83,38
20251031,149964,0648_6837,2.29750000,48.62972222,74.67,23
20251031,3027,0636_6838,2.14388889,48.63027778,209.75,23
20251031,104468,0656_6837,2.41138889,48.63055556,104.42,38
20251031,191443,0662_6837,2.49583333,48.63055556,125.67,26
20251031,5554,0657_6837,2.41944444,48.63083333,101.33,17
20251031,17675,0662_6837,2.48472222,48.63083333,124.47,23
20251031,118140,0646_6838,2.26750000,48.63111111,66.13,17
20251031,174269,0658_6837,2.43166667,48.63111111,103.56,17
20251031,103318,0670_6837,2.59861111,48.63111111,124.92,26
20251031,9108,0672_6837,2.63027778,48.63138889,124.60,23
20251031,113734,0658_6837,2.43444444,48.63166667,111.53,17
20251031,89555,0667_6837,2.55222222,48.63166667,99.17,17
20251031,183364,0668_6837,2.56722222,48.63194444,128.22,23
20251031,111620,0655_6838,2.39972222,48.63250000,107.53,26
20251031,55286,0661_6838,2.48222222,48.63250000,127.36,4
20251031,25029,0642_6838,2.21916667,48.63277778,193.82,23
20251031,21197,0655_6838,2.39944444,48.63277778,105.13,17
20251031,94065,0651_6838,2.34138889,48.63333333,110.73,23
20251031,169484,0656_6838,2.41250000,48.63333333,97.05,17
20251031,157026,0658_6838,2.44194444,48.63333333,99.20,38
20251031,15173,0622_6838,1.94277778,48.63361111,209.01,4
20251031,105675,0650_6838,2.32388889,48.63361111,120.10,38
20251031,6088,0651_6838,2.34027778,48.63361111,110.32,23
20251031,145871,0657_6838,2.42833333,48.63361111,118.23,17
20251031,76663,0659_6838,2.45500000,48.63361111,80.41,26
20251031,165643,0684_6838,2.78638889,48.63361111,126.96,23
20251031,91739,0648_6838,2.30750000,48.63388889,90.95,23
20251031,85080,0651_6838,2.34166667,48.63416667,112.67,26
20251031,70730,0636_6838,2.14500000,48.63444444,215.24,23
20251031,152585,0651_6838,2.34083333,48.63444444,111.79,26
20251031,73386,0675_6838,2.66250000,48.63444444,120.32,31
20251031,101483,0680_6838,2.73250000,48.63472222,115.61,23
20251031,187459,0649_6838,2.31750000,48.63500000,92.33,17
20251031,125716,0658_6838,2.43805556,48.63500000,112.85,38
20251031,188367,0650_6838,2.32583333,48.63527778,96.34,38
20251031,109521,0658_6838,2.43888889,48.63527778,119.71,38
20251031,185371,0666_6838,2.55111111,48.63527778,104.16,48
20251031,67348,0681_6838,2.74416667,48.63527778,124.70,23
20251031,178851,0648_6838,2.30500000,48.63555556,73.47,17
20251031,18934,0648_6838,2.30638889,48.63555556,82.65,38
20251031,7379,0658_6838,2.43833333,48.63555556,110.61,38
20251031,180748,0649_6838,2.30888889,48.63638889,89.86,38
20251031,150681,0656_6838,2.40916667,48.63666667,105.07,48
20251031,33206,0657_6838,2.41944444,48.63666667,105.75,38
20251031,179409,0657_6838,2.42555556,48.63750000,96.47,38
20251031,19919,0646_6838,2.27166667,48.63777778,132.71,20
20251031,79602,0651_6838,2.34472222,48.63777778,122.71,17
20251031,105656,0657_6838,2.42222222,48.63777778,105.97,38
20251031,59967,0657_6838,2.42305556,48.63777778,106.82,38
20251031,108993,0652_6838,2.36194444,48.63805556,104.94,38
20251031,79597,0644_6838,2.24638889,48.63833333,84.17,38
20251031,188330,0645_6838,2.25666667,48.63833333,94.68,23
20251031,53276,0653_6838,2.36222222,48.63833333,108.33,38
20251031,133250,0650_6838,2.33277778,48.63861111,88.05,17
20251031,136291,0651_6838,2.34222222,48.63861111,114.53,38
20251031,156157,0657_6838,2.41972222,48.63861111,103.08,38
20251031,126900,0655_6838,2.39777778,48.63888889,107.03,23
20251031,137553,0652_6838,2.35972222,48.63916667,110.46,17
20251031,6657,0653_6838,2.37472222,48.63916667,92.70,17
20251031,107534,0658_6838,2.43333333,48.63916667,114.34,38
20251031,154930,0663_6838,2.51000000,48.63916667,114.12,17
20251031,2178,0683_6838,2.77194444,48.63916667,133.84,4
20251031,94326,0637_6839,2.15361111,48.63944444,179.24,32
20251031,60852,0649_6838,2.31305556,48.63972222,123.52,4
20251031,117574,0669_6838,2.58805556,48.64000000,119.81,26
20251031,168674,0646_6839,2.27111111,48.64027778,104.28,38
20251031,99235,0680_6838,2.74027778,48.64027778,117.13,45
20251031,42204,0650_6839,2.32694444,48.64055556,109.37,17
20251031,79661,0653_6839,2.36333333,48.64055556,99.72,38
20251031,123654,0680_6838,2.73305556,48.64055556,143.59,23
20251031,15899,0630_6839,2.06055556,48.64083333,219.91,4
20251031,180329,0655_6839,2.39638889,48.64083333,99.83,23
20251031,92788,0658_6838,2.43888889,48.64083333,118.04,4
20251031,88897,0653_6839,2.37527778,48.64111111,111.37,26
20251031,91916,0655_6839,2.39444444,48.64111111,107.33,23
20251031,142154,0655_6839,2.39805556,48.64111111,99.85,23
20251031,178515,0684_6838,2.78583333,48.64138889,134.89,23
20251031,15918,0626_6839,2.00555556,48.64166667,210.38,4
20251031,21200,0651_6839,2.34611111,48.64194444,107.89,38
20251031,171367,0657_6839,2.42527778,48.64194444,95.77,26
20251031,99474,0657_6839,2.42472222,48.64222222,104.94,26
20251031,3166,0658_6839,2.43138889,48.64250000,112.50,38
20251031,63101,0651_6839,2.34500000,48.64277778,98.91,38
20251031,175336,0633_6839,2.09083333,48.64305556,149.30,23
20251031,173454,0651_6839,2.34611111,48.64333333,99.31,17
20251031,18764,0666_6839,2.54361111,48.64333333,126.43,23
20251031,6624,0680_6839,2.73861111,48.64361111,80.88,17
20251031,88354,0638_6839,2.16361111,48.64416667,195.85,23
20251031,116556,0656_6839,2.40416667,48.64416667,129.67,38
20251031,173083,0650_6839,2.33472222,48.64444444,93.89,38
20251031,154729,0654_6839,2.37944444,48.64444444,92.34,26
20251031,46139,0666_6839,2.54583333,48.64444444,111.28,26
20251031,117161,0644_6839,2.25166667,48.64555556,175.51,23
20251031,171127,0646_6839,2.27111111,48.64555556,109.64,17
20251031,82257,0654_6839,2.38444444,48.64555556,112.09,26
20251031,164674,0655_6839,2.39000000,48.64555556,107.75,42
20251031,84381,0656_6839,2.40472222,48.64611111,131.24,38
20251031,183972,0648_6839,2.30388889,48.64638889,72.42,38
20251031,169570,0648_6839,2.30444444,48.64638889,76.47,17
20251031,172978,0652_6839,2.35500000,48.64638889,94.70,38
20251031,162199,0653_6839,2.36333333,48.64666667,110.60,48
20251031,94536,0655_6839,2.39166667,48.64694444,94.38,32
20251031,61203,0646_6839,2.27000000,48.64722222,129.66,17
20251031,48539,0654_6839,2.38000000,48.64722222,106.51,26
20251031,39136,0663_6839,2.50972222,48.64722222,102.45,48
20251031,85077,0653_6839,2.36944444,48.64750000,100.43,38
20251031,117887,0654_6839,2.38166667,48.64750000,106.93,26
20251031,129539,0656_6839,2.40472222,48.64750000,129.54,38
20251031,139116,0656_6839,2.41500000,48.64750000,96.14,17
20251031,132000,0661_6839,2.47166667,48.64750000,108.84,48
20251031,50520,0672_6839,2.62277778,48.64750000,125.11,23
20251031,99743,0653_6839,2.37111111,48.64777778,100.01,38
20251031,149279,0656_6839,2.41527778,48.64777778,112.24,38
20251031,152909,0680_6839,2.73750000,48.64777778,109.24,23
20251031,74089,0644_6839,2.25111111,48.64805556,175.90,23
20251031,54535,0645_6839,2.25472222,48.64805556,178.31,17
20251031,125474,0635_6840,2.12166667,48.64833333,185.25,38
20251031,82936,0633_6840,2.09611111,48.64861111,207.86,26
20251031,17216,0649_6839,2.31861111,48.64861111,101.08,38
20251031,152004,0658_6839,2.43916667,48.64861111,63.76,26
20251031,120378,0667_6839,2.56027778,48.64861111,109.45,23
20251031,132128,0680_6839,2.73666667,48.64861111,114.31,23
20251031,139065,0643_6840,2.22750000,48.64888889,163.36,17
20251031,147065,0667_6839,2.56555556,48.64916667,99.42,42
20251031,3958,0651_6840,2.33638889,48.64972222,103.27,38
20251031,117828,0651_6840,2.33694444,48.64972222,107.37,17
20251031,140199,0652_6840,2.36083333,48.64972222,96.61,38
20251031,177163,0654_6840,2.38083333,48.64972222,98.84,23
20251031,156906,0670_6839,2.59916667,48.64972222,123.75,48
20251031,139567,0656_6840,2.40750000,48.65000000,91.16,38
20251031,174318,0659_6840,2.45666667,48.65000000,99.04,26
20251031,173105,0659_6840,2.45638889,48.65027778,100.42,26
20251031,146810,0667_6839,2.56000000,48.65027778,107.32,23
20251031,77616,0647_6840,2.28500000,48.65055556,87.42,17
20251031,177643,0655_6840,2.39472222,48.65111111,97.69,38
20251031,142539,0667_6840,2.56194444,48.65111111,106.53,26
20251031,139064,0642_6840,2.22527778,48.65138889,170.15,17
20251031,110589,0655_6840,2.39888889,48.65138889,108.15,38
20251031,37443,0654_6840,2.38111111,48.65166667,98.49,38
20251031,121688,0656_6840,2.41416667,48.65166667,83.53,38
20251031,74652,0655_6840,2.39861111,48.65194444,109.10,38
20251031,84048,0667_6840,2.56250000,48.65194444,100.28,38
20251031,99452,0656_6840,2.41277778,48.65222222,82.44,17
20251031,4881,0651_6840,2.33833333,48.65250000,93.30,17
20251031,73073,0649_6840,2.31333333,48.65277778,94.48,26
20251031,142156,0653_6840,2.37250000,48.65277778,102.50,38
20251031,91931,0667_6840,2.56000000,48.65277778,113.53,26
20251031,103352,0653_6840,2.37277778,48.65305556,104.01,38
20251031,153959,0643_6840,2.23833333,48.65333333,184.95,23
20251031,128059,0655_6840,2.39611111,48.65333333,76.95,23
20251031,166155,0643_6840,2.23833333,48.65388889,187.61,23
20251031,130846,0656_6840,2.41083333,48.65388889,73.58,38
20251031,158588,0668_6840,2.57277778,48.65388889,107.49,38
20251031,47402,0655_6840,2.39361111,48.65416667,119.37,38
20251031,171374,0657_6840,2.42500000,48.65416667,71.18,48
20251031,139627,0655_6840,2.39222222,48.65472222,114.09,17
20251031,135050,0657_6840,2.42194444,48.65472222,60.12,48
20251031,132520,0652_6840,2.35083333,48.65500000,97.60,38
20251031,174207,0655_6840,2.39055556,48.65500000,116.64,38
20251031,90034,0655_6840,2.39694444,48.65500000,73.18,32
20251031,46847,0657_6840,2.42333333,48.65500000,65.55,23
20251031,141207,0672_6840,2.62500000,48.65527778,106.03,23
20251031,56271,0676_6840,2.68527778,48.65527778,113.69,23
20251031,102339,0645_6840,2.25777778,48.65583333,211.97,26
20251031,102013,0655_6840,2.39055556,48.65583333,115.97,17
20251031,91989,0657_6840,2.42250000,48.65583333,60.16,26
20251031,190545,0667_6840,2.56361111,48.65583333,100.87,42
20251031,89480,0653_6840,2.37138889,48.65611111,98.53,38
20251031,190102,0656_6840,2.41083333,48.65611111,87.85,38
20251031,170879,0646_6840,2.27583333,48.65638889,115.43,26
20251031,139628,0654_6840,2.38500000,48.65638889,89.96,17
20251031,79218,0668_6840,2.57027778,48.65638889,107.06,38
20251031,133473,0654_6840,2.37583333,48.65666667,100.37,38
20251031,169490,0668_6840,2.57416667,48.65666667,112.17,26
20251031,173257,0652_6840,2.35944444,48.65694444,88.83,38
20251031,191461,0652_6840,2.36000000,48.65694444,88.03,17
20251031,85289,0680_6840,2.73472222,48.65694444,129.63,23
20251031,193651,0640_6840,2.18777778,48.65722222,137.31,26
20251031,189505,0654_6840,2.38277778,48.65722222,92.09,17
20251031,37436,0652_6840,2.34833333,48.65777778,102.90,38
20251031,131021,0653_6840,2.37277778,48.65805556,117.57,17
20251031,81924,0655_6840,2.38916667,48.65833333,76.85,17
20251031,164673,0653_6841,2.37416667,48.65861111,104.17,42
20251031,157791,0652_6841,2.34916667,48.65888889,93.21,17
20251031,138519,0656_6841,2.40638889,48.65888889,84.26,17
20251031,49522,0650_6841,2.33416667,48.65916667,102.68,26
20251031,116163,0654_6841,2.37722222,48.65944444,118.60,26
20251031,99236,0667_6841,2.56527778,48.65944444,100.36,17
20251031,99240,0644_6841,2.24277778,48.65972222,168.89,17
20251031,98463,0651_6841,2.34166667,48.66000000,97.58,17
20251031,99242,0644_6841,2.24277778,48.66027778,176.33,17
20251031,161245,0653_6841,2.37027778,48.66027778,106.35,38
20251031,171876,0654_6841,2.37694444,48.66027778,99.63,38
20251031,122543,0666_6841,2.54694444,48.66027778,114.07,48
20251031,38592,0667_6841,2.56472222,48.66027778,105.40,38
20251031,77092,0656_6841,2.40416667,48.66055556,64.65,23
20251031,172502,0656_6841,2.40527778,48.66055556,64.07,26
20251031,154743,0668_6841,2.56583333,48.66055556,105.15,17
20251031,74740,0651_6841,2.33750000,48.66083333,101.68,26
20251031,167424,0656_6841,2.40555556,48.66083333,64.86,26
20251031,49908,0646_6841,2.26833333,48.66138889,120.36,38
20251031,104818,0653_6841,2.36333333,48.66138889,96.54,38
20251031,46218,0647_6841,2.28333333,48.66166667,121.05,26
20251031,42359,0653_6841,2.36833333,48.66166667,125.68,38
20251031,86295,0668_6841,2.57888889,48.66194444,100.41,17
20251031,62101,0649_6841,2.30944444,48.66250000,112.85,17
20251031,168967,0655_6841,2.40055556,48.66305556,69.38,23
20251031,65610,0652_6841,2.36027778,48.66333333,125.84,38
20251031,50608,0653_6841,2.37444444,48.66333333,102.92,38
20251031,164893,0668_6841,2.57861111,48.66333333,123.04,48
20251031,106647,0640_6841,2.19111111,48.66361111,137.90,23
20251031,185306,0642_6841,2.21472222,48.66361111,201.01,23
20251031,179406,0657_6841,2.41972222,48.66361111,61.21,17
20251031,185173,0651_6841,2.34305556,48.66388889,89.79,17
20251031,126296,0668_6841,2.56916667,48.66388889,108.26,20
20251031,99343,0643_6841,2.23611111,48.66472222,188.42,26
20251031,12517,0643_6841,2.23750000,48.66472222,182.56,23
20251031,171907,0657_6841,2.42166667,48.66472222,77.80,17
20251031,85807,0666_6841,2.55083333,48.66472222,107.84,38
20251031,150876,0667_6841,2.55611111,48.66472222,105.82,38
20251031,178769,0653_6841,2.36944444,48.66500000,113.54,26
20251031,149977,0666_6841,2.54944444,48.66500000,104.53,26
20251031,99080,0667_6841,2.56388889,48.66500000,90.62,17
20251031,184883,0677_6841,2.70083333,48.66500000,130.15,23
20251031,186504,0643_6841,2.23777778,48.66527778,193.30,23
20251031,158753,0648_6841,2.30722222,48.66527778,111.31,48
20251031,38384,0624_6842,1.96805556,48.66555556,245.47,4
20251031,173504,0641_6841,2.20444444,48.66555556,188.82,23
20251031,176148,0647_6841,2.29333333,48.66555556,115.92,23
20251031,8452,0683_6841,2.77861111,48.66555556,114.54,17
20251031,107067,0683_6841,2.77916667,48.66583333,120.94,23
20251031,65096,0683_6841,2.78138889,48.66583333,105.61,23
20251031,155644,0650_6841,2.33361111,48.66611111,77.34,48
20251031,52884,0652_6841,2.36083333,48.66694444,90.21,23
20251031,189206,0652_6841,2.35500000,48.66722222,77.34,38
20251031,193890,0680_6841,2.72972222,48.66722222,128.95,23
20251031,55419,0617_6842,1.87805556,48.66777778,200.35,23
20251031,133435,0646_6842,2.27083333,48.66777778,143.40,23
20251031,154404,0666_6841,2.54750000,48.66777778,95.35,23
20251031,176551,0630_6842,2.05000000,48.66805556,208.84,4
20251031,100954,0647_6842,2.28166667,48.66805556,116.14,26
20251031,131946,0652_6842,2.36138889,48.66805556,112.14,38
20251031,120173,0655_6842,2.39694444,48.66833333,61.70,23
20251031,90449,0666_6842,2.54638889,48.66833333,100.95,38
20251031,17318,0616_6842,1.86861111,48.66888889,210.81,23
20251031,113010,0650_6842,2.33083333,48.66888889,71.99,42
20251031,167994,0650_6842,2.33222222,48.66888889,63.67,17
20251031,139568,0651_6842,2.33500000,48.66888889,62.40,26
20251031,186669,0652_6842,2.36055556,48.66888889,135.55,38
20251031,118988,0675_6842,2.66805556,48.66944444,125.23,4
20251031,163437,0651_6842,2.33666667,48.67000000,67.72,23
20251031,158003,0672_6842,2.62944444,48.67000000,108.44,23
20251031,158353,0652_6842,2.35361111,48.67027778,60.68,17
20251031,122766,0666_6842,2.54000000,48.67111111,107.72,38
20251031,56372,0654_6842,2.38138889,48.67194444,72.10,23
20251031,55644,0640_6842,2.19555556,48.67250000,216.60,23
20251031,143061,0650_6842,2.32861111,48.67250000,91.24,17
20251031,172219,0667_6842,2.55583333,48.67250000,81.61,26
20251031,48018,0653_6842,2.36305556,48.67333333,93.14,23
20251031,126603,0640_6842,2.19527778,48.67361111,173.05,17
20251031,127037,0652_6842,2.35111111,48.67361111,62.98,38
20251031,130875,0639_6842,2.17666667,48.67388889,169.44,17
20251031,3877,0654_6842,2.38138889,48.67388889,61.10,38
20251031,186154,0618_6843,1.89861111,48.67444444,197.16,23
20251031,58734,0636_6842,2.13694444,48.67444444,188.44,26
20251031,22192,0651_6842,2.34083333,48.67444444,104.12,38
20251031,159948,0656_6842,2.41055556,48.67444444,70.26,38
20251031,113752,0676_6842,2.68388889,48.67444444,129.23,23
20251031,48527,0655_6842,2.39222222,48.67472222,74.59,23
20251031,77663,0665_6842,2.53388889,48.67472222,99.86,17
20251031,63622,0648_6842,2.30083333,48.67500000,100.00,26
20251031,45430,0651_6842,2.33944444,48.67500000,95.77,38
20251031,187868,0655_6842,2.39138889,48.67500000,73.26,23
20251031,144137,0656_6842,2.41083333,48.67500000,74.35,38
20251031,79594,0656_6842,2.41111111,48.67555556,75.47,38
20251031,43842,0639_6843,2.17861111,48.67583333,200.44,17
20251031,164733,0640_6843,2.18861111,48.67583333,196.86,23
20251031,120540,0654_6842,2.38611111,48.67583333,71.51,38
20251031,5158,0639_6843,2.17222222,48.67611111,171.64,17
20251031,152698,0647_6843,2.29083333,48.67611111,96.79,20
20251031,127783,0650_6842,2.33361111,48.67611111,57.86,23
20251031,100135,0636_6843,2.13111111,48.67638889,193.35,26
20251031,193520,0638_6843,2.16805556,48.67638889,191.94,17
20251031,50897,0638_6843,2.16833333,48.67638889,191.94,17
20251031,97010,0639_6843,2.17305556,48.67638889,168.70,17
20251031,82661,0639_6843,2.17333333,48.67638889,171.09,17
20251031,18767,0657_6843,2.42277778,48.67694444,94.19,38
20251031,193799,0647_6843,2.28194444,48.67722222,107.54,23
20251031,164242,0649_6843,2.31972222,48.67805556,90.33,17
20251031,46839,0651_6843,2.34611111,48.67805556,106.46,38
20251031,178629,0651_6843,2.34611111,48.67833333,98.26,38
20251031,182440,0649_6843,2.31861111,48.67861111,89.05,38
20251031,131545,0662_6843,2.49666667,48.67861111,98.89,17
20251031,37667,0665_6843,2.53083333,48.67861111,114.71,38
20251031,29540,0657_6843,2.42416667,48.67916667,115.51,4
20251031,86533,0638_6843,2.16333333,48.67944444,195.01,17
20251031,89287,0653_6843,2.36472222,48.67944444,64.15,38
20251031,154217,0655_6843,2.39750000,48.67944444,63.29,38
20251031,180170,0665_6843,2.52888889,48.67944444,104.07,23
20251031,139562,0665_6843,2.53222222,48.67944444,110.54,38
20251031,50601,0653_6843,2.36527778,48.67972222,66.27,38
20251031,154302,0656_6843,2.40555556,48.67972222,75.36,38
20251031,141374,0656_6843,2.41361111,48.67972222,78.59,38
20251031,89838,0665_6843,2.53250000,48.68000000,108.85,38
20251031,131703,0675_6843,2.66527778,48.68000000,129.33,4
20251031,152896,0650_6843,2.33138889,48.68027778,82.41,26
20251031,38123,0638_6843,2.16416667,48.68055556,197.94,38
20251031,181309,0647_6843,2.28333333,48.68055556,111.81,23
20251031,159863,0656_6843,2.40666667,48.68055556,77.32,38
20251031,90647,0665_6843,2.53555556,48.68055556,87.86,17
20251031,120542,0640_6843,2.19500000,48.68083333,181.13,17
20251031,131650,0678_6843,2.71305556,48.68083333,115.28,17
20251031,171312,0644_6843,2.23972222,48.68111111,176.61,48
20251031,96328,0638_6843,2.16611111,48.68138889,213.48,38
20251031,82660,0638_6843,2.17000000,48.68138889,172.60,17
20251031,192596,0651_6843,2.34333333,48.68138889,98.78,38
20251031,153181,0658_6843,2.43138889,48.68166667,94.52,26
20251031,5786,0627_6843,2.01055556,48.68194444,184.69,23
20251031,116986,0638_6843,2.16416667,48.68222222,190.20,38
20251031,134182,0654_6843,2.37722222,48.68222222,47.24,17
20251031,85081,0639_6843,2.17694444,48.68250000,177.91,38
20251031,127755,0639_6843,2.17888889,48.68277778,174.67,38
20251031,121640,0639_6843,2.17583333,48.68333333,177.88,38
20251031,160483,0655_6843,2.38888889,48.68333333,45.72,17
20251031,143060,0665_6843,2.53083333,48.68361111,107.60,17
20251031,190322,0654_6843,2.37583333,48.68416667,57.27,38
20251031,159030,0638_6844,2.17000000,48.68444444,189.12,38
20251031,21502,0641_6843,2.20555556,48.68444444,186.92,26
20251031,185307,0642_6843,2.21777778,48.68444444,188.26,48
20251031,49817,0650_6843,2.32777778,48.68444444,96.47,26
20251031,138304,0650_6843,2.32750000,48.68472222,104.00,23
20251031,151984,0654_6843,2.38055556,48.68472222,58.39,38
20251031,189786,0654_6843,2.38333333,48.68472222,62.19,38
20251031,189318,0656_6843,2.41527778,48.68472222,70.65,42
20251031,152837,0657_6843,2.42444444,48.68472222,82.59,26
20251031,185519,0649_6843,2.31666667,48.68500000,63.64,26
20251031,137003,0656_6843,2.40805556,48.68500000,65.41,17
20251031,50153,0656_6843,2.40861111,48.68500000,80.90,38
20251031,7241,0657_6843,2.42888889,48.68500000,95.26,38
20251031,70679,0640_6844,2.19333333,48.68527778,169.56,38
20251031,152032,0658_6843,2.44250000,48.68527778,128.90,23
20251031,89420,0664_6843,2.52138889,48.68527778,88.90,23
20251031,96496,0640_6844,2.18916667,48.68583333,168.41,23
20251031,136809,0652_6844,2.34805556,48.68583333,103.02,17
20251031,181771,0639_6844,2.17666667,48.68611111,173.63,38
20251031,186224,0675_6843,2.66972222,48.68611111,110.99,42
20251031,153111,0639_6844,2.17527778,48.68638889,175.75,17
20251031,64130,0641_6844,2.21027778,48.68638889,229.71,4
20251031,111911,0652_6844,2.35055556,48.68638889,108.67,38
20251031,42276,0654_6844,2.38111111,48.68638889,59.63,38
20251031,106312,0656_6844,2.40861111,48.68638889,76.56,38
20251031,170508,0656_6844,2.41555556,48.68638889,69.08,38
20251031,77461,0679_6843,2.72305556,48.68638889,153.95,23
20251031,163503,0679_6843,2.72333333,48.68638889,159.97,23
20251031,60838,0638_6844,2.16861111,48.68666667,211.71,38
20251031,39146,0639_6844,2.17750000,48.68666667,189.60,38
20251031,106952,0668_6844,2.56972222,48.68666667,129.08,23
20251031,133072,0638_6844,2.16638889,48.68694444,209.33,38
20251031,50262,0652_6844,2.35416667,48.68694444,106.46,38
20251031,109693,0655_6844,2.39805556,48.68722222,53.61,17
20251031,181793,0662_6844,2.48611111,48.68722222,116.40,26
20251031,79737,0627_6844,2.01805556,48.68750000,141.60,20
20251031,170046,0648_6844,2.29388889,48.68750000,114.17,38
20251031,44456,0652_6844,2.35305556,48.68750000,108.65,38
20251031,151342,0654_6844,2.37722222,48.68750000,55.99,17
20251031,75650,0656_6844,2.40944444,48.68750000,76.52,38
20251031,14183,0664_6844,2.51250000,48.68750000,146.66,4
20251031,9884,0630_6844,2.06055556,48.68777778,169.73,17
20251031,8378,0654_6844,2.38111111,48.68777778,51.05,17
20251031,171720,0653_6844,2.37111111,48.68805556,78.81,17
20251031,91954,0654_6844,2.38222222,48.68805556,56.01,26
20251031,24721,0668_6844,2.57305556,48.68805556,126.09,23
20251031,34417,0671_6844,2.61083333,48.68805556,110.88,38
20251031,158087,0647_6844,2.28666667,48.68833333,104.81,26
20251031,161674,0654_6844,2.38611111,48.68833333,60.10,38
20251031,94513,0647_6844,2.28944444,48.68861111,129.09,38
20251031,90836,0654_6844,2.38638889,48.68861111,57.76,38
20251031,165193,0662_6844,2.49611111,48.68888889,103.10,38
20251031,171873,0653_6844,2.37055556,48.68916667,93.83,38
20251031,142972,0658_6844,2.43083333,48.68916667,108.86,38
20251031,105377,0648_6844,2.29666667,48.68944444,104.06,17
20251031,124695,0654_6844,2.38277778,48.68944444,51.42,17
20251031,21120,0670_6844,2.59972222,48.68944444,132.74,4
20251031,16169,0638_6844,2.15944444,48.69000000,147.62,23
20251031,190222,0644_6844,2.24388889,48.69000000,142.32,26
20251031,59905,0652_6844,2.36111111,48.69000000,100.04,17
20251031,43302,0650_6844,2.32361111,48.69027778,128.07,23
20251031,53376,0651_6844,2.33888889,48.69027778,128.89,4
20251031,85111,0662_6844,2.49638889,48.69027778,97.44,38
20251031,182928,0641_6844,2.21111111,48.69083333,192.12,26
20251031,173890,0654_6844,2.37972222,48.69083333,57.61,38
20251031,172107,0665_6844,2.52638889,48.69083333,57.35,42
20251031,189534,0665_6844,2.52972222,48.69083333,67.46,26
20251031,169054,0635_6844,2.12388889,48.69111111,174.71,17
20251031,137823,0658_6844,2.43361111,48.69111111,105.11,38
20251031,93371,0644_6844,2.24250000,48.69166667,108.48,32
20251031,42277,0654_6844,2.37583333,48.69194444,68.87,20
20251031,175973,0656_6844,2.41250000,48.69194444,61.99,38
20251031,33343,0634_6844,2.11388889,48.69222222,191.51,4
20251031,22044,0651_6844,2.34666667,48.69222222,112.19,38
20251031,4941,0656_6844,2.41222222,48.69222222,57.00,38
20251031,153145,0662_6844,2.49166667,48.69277778,108.02,20
20251031,99241,0656_6844,2.40388889,48.69305556,45.92,23
20251031,65014,0640_6844,2.19305556,48.69333333,145.36,23
20251031,76007,0642_6844,2.22194444,48.69333333,218.67,24
20251031,25723,0640_6845,2.18722222,48.69361111,126.13,38
20251031,179260,0670_6844,2.59666667,48.69361111,132.54,23
20251031,54319,0642_6845,2.21555556,48.69388889,191.81,4
20251031,25683,0640_6845,2.19000000,48.69416667,121.96,38
20251031,98006,0653_6844,2.37027778,48.69416667,106.02,38
20251031,173675,0654_6844,2.38444444,48.69416667,66.09,26
20251031,62518,0662_6844,2.49527778,48.69416667,88.80,17
20251031,139246,0647_6845,2.28222222,48.69444444,77.95,23
20251031,165124,0650_6845,2.33416667,48.69444444,122.69,23
20251031,5005,0671_6844,2.61083333,48.69444444,94.14,17
20251031,50609,0653_6845,2.37138889,48.69472222,112.35,38
20251031,105959,0661_6844,2.48333333,48.69472222,97.08,38
20251031,97671,0662_6844,2.49666667,48.69500000,65.89,38
20251031,183233,0647_6845,2.28277778,48.69527778,78.32,26
20251031,95453,0649_6845,2.31722222,48.69527778,81.42,26
20251031,114558,0649_6845,2.31750000,48.69527778,78.31,26
20251031,48528,0652_6845,2.35694444,48.69527778,118.27,38
20251031,162077,0648_6845,2.29416667,48.69555556,84.76,38
20251031,189203,0648_6845,2.29916667,48.69555556,73.19,17
20251031,42360,0652_6845,2.35638889,48.69555556,117.08,38
20251031,96934,0656_6845,2.41500000,48.69555556,60.82,38
20251031,87975,0638_6845,2.16305556,48.69583333,91.15,17
20251031,188219,0656_6845,2.41444444,48.69583333,62.15,38
20251031,86759,0664_6845,2.52138889,48.69583333,106.31,38
20251031,178549,0667_6845,2.56111111,48.69583333,116.15,26
20251031,145732,0646_6845,2.26750000,48.69611111,83.09,23
20251031,145758,0661_6845,2.48138889,48.69611111,100.88,38
20251031,65095,0681_6845,2.74444444,48.69611111,129.08,23
20251031,93368,0644_6845,2.24666667,48.69638889,106.47,32
20251031,175416,0645_6845,2.26444444,48.69638889,82.47,26
20251031,132532,0645_6845,2.26472222,48.69638889,71.65,17
20251031,126683,0647_6845,2.29166667,48.69638889,79.04,38
20251031,14379,0651_6845,2.33916667,48.69638889,111.97,26
20251031,131947,0652_6845,2.35861111,48.69638889,111.95,38
20251031,175936,0659_6845,2.45388889,48.69638889,118.09,38
20251031,117550,0661_6845,2.48055556,48.69638889,99.15,38
20251031,168771,0665_6845,2.52750000,48.69638889,85.41,38
20251031,175139,0635_6845,2.12972222,48.69666667,93.07,17
20251031,155420,0654_6845,2.38361111,48.69666667,50.64,38
20251031,52280,0645_6845,2.26333333,48.69694444,75.29,17
20251031,25684,0637_6845,2.15555556,48.69722222,77.51,17
20251031,28667,0639_6845,2.17722222,48.69722222,91.00,17
20251031,137087,0658_6845,2.43111111,48.69722222,71.40,38
20251031,116707,0664_6845,2.52333333,48.69722222,82.77,38
20251031,19245,0628_6845,2.03277778,48.69750000,150.11,26
20251031,87980,0639_6845,2.18194444,48.69750000,83.92,17
20251031,147905,0640_6845,2.18805556,48.69750000,97.53,17
20251031,59829,0658_6845,2.43472222,48.69750000,70.30,38
20251031,178997,0663_6845,2.50083333,48.69750000,55.88,17
20251031,162298,0635_6845,2.12388889,48.69777778,89.67,38
20251031,168368,0650_6845,2.33388889,48.69777778,111.65,48
20251031,121309,0661_6845,2.47277778,48.69777778,101.13,17
20251031,176640,0664_6845,2.52222222,48.69777778,84.80,17
20251031,180127,0672_6845,2.62444444,48.69805556,106.61,17
20251031,87977,0636_6845,2.13638889,48.69833333,83.90,17
20251031,105366,0653_6845,2.37222222,48.69833333,111.47,38
20251031,45648,0656_6845,2.41527778,48.69833333,70.00,38
20251031,190628,0663_6845,2.50444444,48.69833333,78.57,38
20251031,27274,0630_6845,2.05555556,48.69861111,163.88,23
20251031,184096,0640_6845,2.18805556,48.69861111,91.60,20
20251031,5159,0640_6845,2.18944444,48.69861111,75.07,17
20251031,49735,0677_6845,2.69694444,48.69861111,142.31,23
20251031,136210,0638_6845,2.16805556,48.69888889,82.13,17
20251031,120379,0663_6845,2.50638889,48.69916667,80.69,23
20251031,45938,0657_6845,2.42083333,48.69944444,70.02,38
20251031,22186,0659_6845,2.45416667,48.69944444,131.07,38
20251031,189237,0660_6845,2.46916667,48.69944444,104.42,20
20251031,46956,0671_6845,2.61388889,48.69944444,141.98,31
20251031,4942,0649_6845,2.31500000,48.69972222,85.16,38
20251031,147436,0665_6845,2.52611111,48.69972222,78.22,17
20251031,74778,0666_6845,2.55111111,48.69972222,117.00,48
20251031,108702,0667_6845,2.55194444,48.69972222,120.65,48
20251031,182750,0658_6845,2.44166667,48.70000000,72.70,38
20251031,132322,0663_6845,2.50777778,48.70000000,79.83,17
20251031,101498,0642_6845,2.22333333,48.70027778,73.05,38
20251031,48531,0651_6845,2.33722222,48.70027778,107.07,38
20251031,134521,0664_6845,2.52222222,48.70027778,94.23,38
20251031,160665,0652_6845,2.35888889,48.70055556,108.63,38
20251031,183453,0661_6845,2.48222222,48.70055556,95.17,38
20251031,191121,0664_6845,2.52250000,48.70055556,91.19,38
20251031,127143,0670_6845,2.59500000,48.70055556,120.67,23
20251031,103822,0677_6845,2.69500000,48.70055556,134.12,23
20251031,87976,0633_6845,2.09888889,48.70083333,89.90,17
20251031,48535,0648_6845,2.29472222,48.70083333,87.82,38
20251031,86760,0653_6845,2.37111111,48.70083333,104.26,17
20251031,56580,0660_6845,2.46638889,48.70111111,106.36,38
20251031,138921,0634_6845,2.10750000,48.70138889,95.98,26
20251031,25719,0641_6845,2.20277778,48.70138889,81.70,23
20251031,150768,0635_6845,2.12694444,48.70166667,78.27,17
20251031,120172,0655_6845,2.39472222,48.70166667,63.88,23
20251031,24738,0668_6845,2.57750000,48.70166667,128.50,26
20251031,44278,0618_6846,1.89500000,48.70194444,173.36,23
20251031,58879,0644_6845,2.24638889,48.70194444,99.58,38
20251031,93374,0644_6845,2.24972222,48.70194444,89.75,32
20251031,162740,0648_6845,2.29388889,48.70194444,96.91,23
20251031,185601,0648_6845,2.29555556,48.70194444,91.84,26
20251031,79667,0653_6845,2.37194444,48.70194444,107.40,38
20251031,185562,0657_6845,2.42027778,48.70194444,55.29,38
20251031,153185,0645_6845,2.25305556,48.70222222,114.83,23
20251031,134344,0648_6845,2.29388889,48.70222222,91.91,23
20251031,169738,0671_6845,2.60638889,48.70222222,114.60,23
20251031,192203,0644_6845,2.24611111,48.70250000,89.74,38
20251031,150913,0657_6845,2.42444444,48.70250000,58.14,38
20251031,96038,0631_6846,2.07111111,48.70277778,87.98,38
20251031,132591,0650_6845,2.32055556,48.70277778,105.13,17
20251031,159500,0655_6845,2.38861111,48.70277778,54.14,17
20251031,171875,0632_6846,2.07805556,48.70305556,96.84,38
20251031,183214,0640_6846,2.19000000,48.70305556,96.39,38
20251031,147963,0641_6846,2.20777778,48.70333333,74.44,17
20251031,132621,0647_6846,2.28694444,48.70333333,93.90,26
20251031,137203,0650_6846,2.32416667,48.70333333,93.96,17
20251031,179763,0654_6845,2.37583333,48.70333333,102.17,38
20251031,186664,0658_6845,2.43000000,48.70333333,59.72,38
20251031,181172,0659_6845,2.44305556,48.70333333,80.95,38
20251031,167550,0653_6846,2.36944444,48.70361111,115.30,26
20251031,20059,0639_6846,2.17222222,48.70388889,105.64,17
20251031,81590,0632_6846,2.08888889,48.70416667,85.25,23
20251031,25601,0634_6846,2.10750000,48.70416667,96.29,38
20251031,19253,0642_6846,2.22388889,48.70416667,88.84,38
20251031,19302,0653_6846,2.36361111,48.70416667,113.49,38
20251031,189025,0656_6846,2.41500000,48.70416667,55.32,17
20251031,166128,0660_6846,2.46861111,48.70416667,85.25,38
20251031,60314,0661_6846,2.48138889,48.70416667,96.67,26
20251031,189187,0653_6846,2.36472222,48.70444444,106.05,38
20251031,46850,0653_6846,2.36583333,48.70444444,108.20,38
20251031,21469,0663_6846,2.50194444,48.70444444,91.62,17
20251031,94139,0674_6845,2.65805556,48.70444444,134.23,23
20251031,185466,0642_6846,2.22333333,48.70472222,93.39,17
20251031,88964,0656_6846,2.41527778,48.70472222,59.22,38
20251031,87978,0640_6846,2.19138889,48.70500000,83.05,17
20251031,108560,0663_6846,2.50277778,48.70500000,82.51,38
20251031,43800,0672_6846,2.62916667,48.70500000,128.44,23
20251031,31131,0654_6846,2.38083333,48.70527778,109.03,38
20251031,99239,0644_6846,2.25194444,48.70555556,65.31,17
20251031,121349,0647_6846,2.28333333,48.70555556,123.78,26
20251031,175938,0648_6846,2.29916667,48.70555556,119.14,23
20251031,142268,0659_6846,2.45000000,48.70555556,91.22,17
20251031,62007,0624_6846,1.97805556,48.70583333,198.14,23
20251031,19454,0630_6846,2.05555556,48.70583333,117.18,23
20251031,190221,0652_6846,2.34888889,48.70583333,94.68,38
20251031,105958,0653_6846,2.37083333,48.70583333,107.61,38
20251031,138342,0635_6846,2.11944444,48.70611111,132.98,26
20251031,111678,0642_6846,2.21194444,48.70611111,94.75,38
20251031,64666,0670_6846,2.59305556,48.70611111,125.08,23
20251031,107949,0636_6846,2.13111111,48.70638889,97.76,17
20251031,53736,0636_6846,2.13194444,48.70638889,102.17,38
20251031,139690,0655_6846,2.39361111,48.70638889,68.90,38
20251031,98042,0648_6846,2.29916667,48.70666667,120.89,23
20251031,185435,0657_6846,2.42611111,48.70666667,67.76,20
20251031,85686,0661_6846,2.47416667,48.70666667,51.51,17
20251031,181684,0638_6846,2.15944444,48.70694444,185.83,23
20251031,136197,0660_6846,2.46222222,48.70694444,71.06,38
20251031,57081,0652_6846,2.35055556,48.70722222,108.88,26
20251031,178368,0652_6846,2.35083333,48.70722222,107.48,26
20251031,91546,0656_6846,2.41111111,48.70722222,55.89,23
20251031,37125,0664_6846,2.51666667,48.70722222,103.88,17
20251031,155427,0666_6846,2.54555556,48.70722222,116.48,48
20251031,115869,0636_6846,2.13111111,48.70750000,118.15,17
20251031,86694,0643_6846,2.23722222,48.70750000,90.54,17
20251031,54244,0668_6846,2.57055556,48.70750000,132.70,23
20251031,20629,0672_6846,2.62527778,48.70750000,131.98,23
20251031,4893,0648_6846,2.29583333,48.70777778,112.09,17
20251031,129219,0650_6846,2.32833333,48.70777778,105.98,38
20251031,37567,0656_6846,2.41444444,48.70777778,58.15,38
20251031,173185,0657_6846,2.41861111,48.70777778,52.82,38
20251031,168364,0660_6846,2.46222222,48.70777778,65.77,38
20251031,110714,0660_6846,2.46277778,48.70777778,74.11,26
20251031,53945,0664_6846,2.52277778,48.70777778,111.79,17
20251031,101485,0668_6846,2.57638889,48.70777778,114.92,23
20251031,143065,0669_6846,2.59194444,48.70777778,129.59,23
20251031,63070,0649_6846,2.31111111,48.70805556,136.99,4
20251031,37355,0650_6846,2.32750000,48.70805556,108.75,38
20251031,137585,0655_6846,2.39694444,48.70805556,78.76,17
20251031,164362,0665_6846,2.53527778,48.70805556,119.12,26
20251031,102118,0666_6846,2.53972222,48.70805556,115.41,48
20251031,32887,0639_6846,2.17972222,48.70833333,199.71,4
20251031,138995,0642_6846,2.22166667,48.70833333,164.93,17
20251031,79665,0650_6846,2.32833333,48.70833333,107.37,38
20251031,181170,0653_6846,2.37222222,48.70833333,105.83,38
20251031,129465,0654_6846,2.38527778,48.70833333,105.63,38
20251031,119424,0660_6846,2.46250000,48.70833333,63.99,23
20251031,71759,0666_6846,2.54000000,48.70833333,116.20,48
20251031,34467,0637_6846,2.15305556,48.70861111,178.11,17
20251031,192847,0638_6846,2.15916667,48.70861111,187.37,12
20251031,135415,0638_6846,2.15888889,48.70888889,177.17,17
20251031,164432,0638_6846,2.16444444,48.70888889,190.05,17
20251031,183234,0654_6846,2.38750000,48.70888889,104.94,38
20251031,193310,0664_6846,2.52416667,48.70888889,102.74,38
20251031,175711,0644_6846,2.24666667,48.70916667,65.36,17
20251031,99071,0662_6846,2.49472222,48.70916667,64.49,38
20251031,116750,0664_6846,2.51083333,48.70916667,95.64,38
20251031,182119,0644_6846,2.24361111,48.70972222,73.67,38
20251031,75821,0662_6846,2.48916667,48.70972222,72.26,17
20251031,178029,0638_6846,2.16444444,48.71000000,181.06,38
20251031,138058,0638_6846,2.16583333,48.71000000,174.46,23
20251031,157529,0653_6846,2.36333333,48.71000000,101.90,17
20251031,116643,0665_6846,2.52777778,48.71000000,117.32,48
20251031,38174,0681_6846,2.75527778,48.71000000,152.16,4
20251031,135855,0654_6846,2.38500000,48.71027778,105.93,38
20251031,125365,0654_6846,2.38722222,48.71027778,109.84,38
20251031,193687,0639_6846,2.17833333,48.71083333,176.49,23
20251031,122844,0639_6846,2.17888889,48.71111111,174.72,23
20251031,90778,0645_6846,2.25472222,48.71111111,89.26,26
20251031,112545,0655_6846,2.40111111,48.71111111,50.98,23
20251031,123125,0661_6846,2.48055556,48.71111111,56.41,38
20251031,102865,0668_6846,2.57750000,48.71111111,129.96,26
20251031,187453,0645_6846,2.25388889,48.71138889,93.74,26
20251031,177688,0653_6846,2.37166667,48.71138889,99.68,23
20251031,132121,0656_6846,2.40305556,48.71138889,58.02,26
20251031,140201,0659_6846,2.44944444,48.71138889,84.03,38
20251031,144852,0661_6846,2.48111111,48.71138889,66.73,17
20251031,73906,0669_6846,2.58000000,48.71138889,121.64,26
20251031,85079,0649_6846,2.30805556,48.71194444,100.34,32
20251031,39139,0654_6846,2.38222222,48.71222222,109.12,26
20251031,85320,0629_6847,2.04472222,48.71250000,191.19,4
20251031,117607,0640_6847,2.19416667,48.71250000,170.66,17
20251031,178365,0641_6847,2.20138889,48.71250000,185.32,17
20251031,79593,0646_6847,2.27111111,48.71250000,137.48,23
20251031,24145,0653_6847,2.36305556,48.71250000,105.40,38
20251031,80977,0654_6846,2.38166667,48.71250000,109.12,26
20251031,61784,0658_6846,2.43972222,48.71250000,48.98,26
20251031,78061,0666_6846,2.54527778,48.71250000,117.76,23
20251031,142628,0638_6847,2.16388889,48.71277778,194.05,17
20251031,87163,0644_6847,2.24694444,48.71277778,96.42,38
20251031,164933,0646_6847,2.27027778,48.71277778,153.70,26
20251031,151080,0654_6847,2.38138889,48.71277778,109.15,26
20251031,34051,0633_6847,2.09777778,48.71305556,202.46,23
20251031,26374,0642_6847,2.21944444,48.71305556,187.33,23
20251031,4943,0660_6847,2.46472222,48.71305556,55.52,38
20251031,79598,0653_6847,2.37055556,48.71333333,100.86,38
20251031,155909,0655_6847,2.39305556,48.71333333,112.47,17
20251031,116931,0659_6847,2.45361111,48.71333333,62.43,17
20251031,101481,0682_6846,2.76138889,48.71333333,124.62,23
20251031,15983,0647_6847,2.28000000,48.71361111,130.10,23
20251031,118098,0659_6847,2.45361111,48.71361111,59.64,38
20251031,40836,0618_6847,1.88583333,48.71388889,245.38,4
20251031,138155,0633_6847,2.09111111,48.71388889,181.27,26
20251031,134940,0653_6847,2.36416667,48.71388889,97.63,38
20251031,166154,0655_6847,2.39361111,48.71388889,110.07,38
20251031,43248,0655_6847,2.39583333,48.71388889,106.14,38
20251031,150369,0652_6847,2.36111111,48.71416667,101.47,38
20251031,168551,0654_6847,2.38277778,48.71416667,111.64,26
20251031,55251,0643_6847,2.23083333,48.71444444,189.66,4
20251031,171694,0644_6847,2.24694444,48.71444444,97.59,38
20251031,99533,0647_6847,2.28277778,48.71444444,122.00,23
20251031,124599,0653_6847,2.36166667,48.71444444,101.26,38
20251031,37279,0655_6847,2.39416667,48.71444444,110.08,38
20251031,81935,0644_6847,2.24638889,48.71472222,99.23,38
20251031,90402,0660_6847,2.45944444,48.71472222,42.42,17
20251031,143809,0644_6847,2.24666667,48.71500000,106.93,17
20251031,153807,0645_6847,2.25444444,48.71500000,102.30,38
20251031,79600,0658_6847,2.43222222,48.71500000,48.56,17
20251031,62620,0653_6847,2.36916667,48.71527778,108.71,38
20251031,193218,0658_6847,2.43611111,48.71583333,49.62,17
20251031,96336,0656_6847,2.40861111,48.71611111,47.48,12
20251031,30389,0663_6847,2.50055556,48.71666667,100.37,17
20251031,188554,0668_6847,2.56777778,48.71666667,125.47,23
20251031,167655,0663_6847,2.50055556,48.71694444,100.96,17
20251031,129523,0669_6847,2.58611111,48.71694444,104.80,17
20251031,191392,0642_6847,2.21638889,48.71722222,171.19,17
20251031,79738,0622_6847,1.94583333,48.71777778,142.77,23
20251031,130874,0633_6847,2.10138889,48.71777778,179.08,38
20251031,86693,0644_6847,2.24666667,48.71777778,99.76,17
20251031,180330,0650_6847,2.32611111,48.71777778,99.15,23
20251031,119115,0656_6847,2.40277778,48.71777778,96.23,17
20251031,130416,0644_6847,2.25000000,48.71833333,107.92,17
20251031,16461,0645_6847,2.26388889,48.71833333,120.51,38
20251031,110920,0646_6847,2.26750000,48.71833333,112.28,38
20251031,85078,0646_6847,2.26861111,48.71833333,110.31,38
20251031,148502,0655_6847,2.39527778,48.71861111,99.19,17
20251031,25722,0645_6847,2.26027778,48.71888889,138.56,23
20251031,166566,0645_6847,2.26333333,48.71888889,131.78,38
20251031,176043,0653_6847,2.37250000,48.71888889,107.33,26
20251031,163549,0659_6847,2.44388889,48.71888889,50.81,38
20251031,89415,0658_6847,2.43777778,48.71944444,58.03,23
20251031,96131,0664_6847,2.52166667,48.71944444,124.31,26
20251031,61012,0664_6847,2.52194444,48.71944444,121.61,23
20251031,139683,0634_6847,2.10333333,48.71972222,178.20,38
20251031,156590,0632_6848,2.08888889,48.72000000,175.05,38
20251031,117845,0641_6847,2.20222222,48.72000000,189.25,26
20251031,181999,0646_6847,2.27333333,48.72027778,123.79,23
20251031,4900,0617_6848,1.88277778,48.72055556,207.46,26
20251031,151882,0650_6847,2.32916667,48.72055556,94.96,17
20251031,124163,0621_6848,1.92722222,48.72083333,140.49,26
20251031,117263,0641_6848,2.20194444,48.72083333,190.25,26
20251031,111992,0657_6847,2.41555556,48.72083333,46.37,32
20251031,162420,0657_6847,2.41638889,48.72083333,60.22,17
20251031,94103,0648_6848,2.30000000,48.72138889,106.03,38
20251031,99772,0663_6847,2.50055556,48.72166667,125.29,17
20251031,193915,0666_6847,2.54333333,48.72166667,90.19,26
20251031,69973,0674_6847,2.65194444,48.72166667,151.88,4
20251031,45649,0645_6848,2.26222222,48.72194444,121.65,17
20251031,141210,0652_6848,2.34888889,48.72194444,116.32,26
20251031,118015,0665_6847,2.53166667,48.72194444,111.18,38
20251031,176905,0665_6847,2.53555556,48.72194444,98.01,38
20251031,183186,0666_6847,2.54361111,48.72194444,87.86,26
20251031,51824,0667_6847,2.55305556,48.72194444,132.10,26
20251031,184116,0631_6848,2.07166667,48.72222222,187.31,23
20251031,129430,0631_6848,2.07194444,48.72222222,187.81,23
20251031,54565,0644_6848,2.24111111,48.72222222,159.25,38
20251031,171592,0651_6848,2.33888889,48.72222222,119.71,23
20251031,90431,0618_6848,1.89111111,48.72250000,183.90,23
20251031,134486,0652_6848,2.34916667,48.72250000,98.64,38
20251031,19202,0659_6848,2.45222222,48.72250000,119.51,38
20251031,60376,0664_6848,2.51083333,48.72277778,151.74,4
20251031,166130,0647_6848,2.28583333,48.72305556,93.87,17
20251031,187872,0657_6848,2.41666667,48.72305556,69.49,48
20251031,165487,0637_6848,2.14472222,48.72333333,171.42,42
20251031,107837,0637_6848,2.15111111,48.72361111,176.62,17
20251031,161234,0645_6848,2.25527778,48.72361111,107.54,42
20251031,37179,0653_6848,2.36638889,48.72361111,96.76,17
20251031,159253,0656_6848,2.40722222,48.72361111,112.96,26
20251031,97418,0656_6848,2.40777778,48.72361111,110.07,17
20251031,90403,0661_6848,2.47027778,48.72361111,99.86,17
20251031,18924,0642_6848,2.22277778,48.72388889,186.37,23
20251031,58238,0645_6848,2.25472222,48.72388889,120.60,26
20251031,126511,0623_6848,1.95805556,48.72416667,149.32,20
20251031,87979,0645_6848,2.25944444,48.72416667,102.05,17
20251031,3853,0656_6848,2.40750000,48.72416667,97.69,23
20251031,167902,0670_6848,2.59333333,48.72416667,117.54,23
20251031,92557,0636_6848,2.14194444,48.72444444,171.34,17
20251031,143523,0653_6848,2.37166667,48.72444444,97.65,17
20251031,95464,0657_6848,2.41611111,48.72472222,55.51,12
20251031,130229,0661_6848,2.47277778,48.72472222,111.73,26
20251031,113445,0618_6848,1.89722222,48.72500000,197.42,26
20251031,28671,0637_6848,2.14527778,48.72500000,186.92,38
20251031,45548,0645_6848,2.26416667,48.72500000,100.76,17
20251031,46179,0646_6848,2.27805556,48.72500000,100.94,17
20251031,86447,0653_6848,2.36416667,48.72500000,108.94,17
20251031,108263,0661_6848,2.47444444,48.72500000,128.87,23
20251031,129497,0618_6848,1.89444444,48.72527778,185.69,23
20251031,185174,0636_6848,2.13916667,48.72527778,178.89,23
20251031,132180,0645_6848,2.25277778,48.72527778,111.62,38
20251031,126395,0645_6848,2.25583333,48.72527778,88.84,17
20251031,191905,0645_6848,2.25833333,48.72527778,95.94,17
20251031,191393,0653_6848,2.37055556,48.72527778,112.18,17
20251031,87556,0653_6848,2.37388889,48.72527778,93.56,42
20251031,76598,0653_6848,2.36750000,48.72555556,90.35,42
20251031,99776,0668_6848,2.57250000,48.72555556,119.35,20
20251031,17652,0661_6848,2.47138889,48.72583333,123.89,23
20251031,4247,0618_6848,1.89638889,48.72611111,184.35,23
20251031,89081,0644_6848,2.24083333,48.72611111,121.45,38
20251031,130228,0645_6848,2.26083333,48.72611111,89.71,17
20251031,159538,0652_6848,2.35361111,48.72611111,104.62,42
20251031,155219,0652_6848,2.35861111,48.72611111,105.28,42
20251031,154896,0652_6848,2.36055556,48.72611111,102.81,17
20251031,155704,0653_6848,2.36138889,48.72611111,102.92,17
20251031,154487,0657_6848,2.41944444,48.72611111,48.00,38
20251031,94337,0666_6848,2.54305556,48.72611111,86.94,32
20251031,46263,0638_6848,2.16527778,48.72638889,193.97,4
20251031,116736,0646_6848,2.27027778,48.72638889,97.01,38
20251031,156021,0649_6848,2.31361111,48.72638889,101.68,32
20251031,155705,0653_6848,2.36222222,48.72638889,102.90,17
20251031,155227,0652_6848,2.35805556,48.72666667,94.43,17
20251031,164818,0652_6848,2.35916667,48.72666667,105.87,42
20251031,162601,0653_6848,2.36361111,48.72666667,103.26,17
20251031,193015,0659_6848,2.45055556,48.72666667,110.67,23
20251031,89082,0644_6848,2.24027778,48.72694444,126.32,38
20251031,91136,0652_6848,2.35583333,48.72694444,101.79,17
20251031,154821,0652_6848,2.35750000,48.72694444,93.47,17
20251031,154820,0652_6848,2.35777778,48.72694444,110.47,42
20251031,5118,0652_6848,2.35833333,48.72694444,102.83,17
20251031,182248,0645_6848,2.25833333,48.72722222,105.14,17
20251031,161235,0645_6848,2.26027778,48.72722222,108.11,23
20251031,155998,0652_6848,2.35861111,48.72722222,93.53,17
20251031,187491,0652_6848,2.36000000,48.72722222,106.23,17
20251031,132368,0668_6848,2.57277778,48.72722222,114.83,19
20251031,54530,0632_6848,2.08444444,48.72750000,189.93,26
20251031,87218,0657_6848,2.42611111,48.72750000,61.58,23
20251031,138878,0657_6848,2.42722222,48.72750000,64.58,26
20251031,99451,0646_6848,2.26888889,48.72777778,99.96,38
20251031,193803,0650_6848,2.32888889,48.72777778,105.07,26
20251031,135045,0652_6848,2.35000000,48.72777778,106.48,38
20251031,92847,0652_6848,2.35916667,48.72777778,110.67,17
20251031,110534,0653_6848,2.36750000,48.72777778,111.60,17
20251031,97032,0653_6848,2.36861111,48.72777778,109.93,17
20251031,97863,0657_6848,2.42583333,48.72777778,65.56,23
20251031,121199,0658_6848,2.43805556,48.72777778,59.10,38
20251031,100513,0647_6848,2.28500000,48.72805556,132.57,38
20251031,134939,0652_6848,2.35916667,48.72805556,110.10,17
20251031,39141,0653_6848,2.36722222,48.72805556,122.61,17
20251031,135044,0653_6848,2.36805556,48.72805556,119.67,38
20251031,149509,0653_6848,2.36833333,48.72805556,109.22,17
20251031,27867,0653_6848,2.36944444,48.72805556,122.41,17
20251031,134938,0653_6848,2.36972222,48.72833333,114.19,17
20251031,112316,0653_6848,2.37000000,48.72833333,98.52,17
20251031,88633,0653_6848,2.37083333,48.72833333,118.45,17
20251031,99700,0653_6848,2.37111111,48.72833333,113.39,17
20251031,156743,0646_6848,2.27194444,48.72861111,100.22,23
20251031,3575,0653_6848,2.36361111,48.72861111,127.72,999999999
20251031,52980,0658_6848,2.43027778,48.72861111,55.42,38
20251031,123570,0659_6848,2.44611111,48.72861111,59.70,23
20251031,147225,0653_6848,2.36472222,48.72888889,112.82,23
20251031,107836,0637_6849,2.14750000,48.72916667,166.20,17
20251031,8008,0641_6848,2.20333333,48.72916667,171.56,20
20251031,94180,0645_6848,2.26555556,48.72916667,85.41,32
20251031,149152,0646_6848,2.27194444,48.72916667,98.32,23
20251031,83260,0650_6848,2.32027778,48.72916667,100.38,17
20251031,5156,0652_6848,2.35805556,48.72916667,102.74,17
20251031,88278,0652_6848,2.35888889,48.72916667,108.44,17
20251031,138864,0652_6848,2.35916667,48.72916667,108.44,17
20251031,162104,0621_6849,1.92916667,48.72944444,188.51,17
20251031,135046,0652_6848,2.35777778,48.72944444,100.81,38
20251031,56701,0653_6848,2.36277778,48.72944444,111.57,23
20251031,82832,0656_6848,2.40861111,48.72944444,80.51,17
20251031,171952,0676_6848,2.67666667,48.72944444,145.12,23
20251031,183126,0632_6849,2.08138889,48.72972222,193.45,26
20251031,138250,0643_6849,2.23583333,48.72972222,118.67,26
20251031,149148,0646_6848,2.26666667,48.72972222,98.69,17
20251031,79666,0646_6848,2.27333333,48.72972222,94.39,38
20251031,100340,0638_6849,2.16500000,48.73000000,191.47,4
20251031,91298,0644_6849,2.24472222,48.73000000,122.52,26
20251031,176624,0644_6849,2.24666667,48.73000000,109.85,17
20251031,54654,0653_6848,2.36611111,48.73000000,113.51,23
20251031,156946,0659_6848,2.44722222,48.73000000,55.50,17
20251031,81030,0642_6849,2.22111111,48.73027778,124.37,38
20251031,174165,0643_6849,2.23694444,48.73027778,110.18,17
20251031,191559,0646_6849,2.27277778,48.73027778,91.91,38
20251031,149508,0652_6848,2.35888889,48.73027778,102.38,17
20251031,105929,0658_6848,2.43555556,48.73027778,55.22,26
20251031,119829,0659_6848,2.44666667,48.73027778,54.29,17
20251031,43176,0656_6848,2.40750000,48.73055556,90.91,38
20251031,158545,0684_6848,2.79166667,48.73055556,142.78,23
20251031,65017,0638_6849,2.16555556,48.73083333,198.57,26
20251031,148244,0643_6849,2.23638889,48.73083333,107.11,17
20251031,28035,0645_6849,2.25833333,48.73083333,132.69,38
20251031,172413,0645_6849,2.25861111,48.73083333,125.74,38
20251031,168758,0645_6849,2.26000000,48.73083333,129.35,38
20251031,532,0629_6849,2.03805556,48.73111111,175.28,24
20251031,83548,0634_6849,2.11194444,48.73111111,186.24,23
20251031,4766,0645_6849,2.25888889,48.73111111,136.74,38
20251031,159620,0645_6849,2.25944444,48.73111111,129.41,17
20251031,94176,0646_6849,2.26805556,48.73111111,85.59,32
20251031,113624,0634_6849,2.11083333,48.73138889,174.27,23
20251031,40311,0659_6849,2.44944444,48.73138889,60.20,38
20251031,7072,0659_6849,2.45555556,48.73138889,94.73,17
20251031,46220,0647_6849,2.28972222,48.73166667,114.17,17
20251031,134495,0653_6849,2.37027778,48.73166667,110.81,38
20251031,125886,0629_6849,2.03777778,48.73194444,190.66,23
20251031,40451,0643_6849,2.22694444,48.73194444,107.46,38
20251031,142424,0646_6849,2.27916667,48.73222222,116.59,38
20251031,159558,0660_6849,2.46138889,48.73222222,102.75,17
20251031,71608,0649_6849,2.31500000,48.73250000,109.95,38
20251031,181683,0653_6849,2.36888889,48.73250000,113.23,17
20251031,155789,0660_6849,2.46138889,48.73250000,102.95,38
20251031,183691,0627_6849,2.01416667,48.73277778,171.71,26
20251031,146443,0647_6849,2.28611111,48.73277778,107.81,17
20251031,71602,0649_6849,2.31416667,48.73277778,107.78,38
20251031,193090,0655_6849,2.39500000,48.73277778,122.48,26
20251031,88972,0656_6849,2.40750000,48.73277778,92.52,38
20251031,176282,0642_6849,2.22083333,48.73305556,104.96,38
20251031,102309,0646_6849,2.27027778,48.73305556,92.05,23
20251031,96952,0646_6849,2.27694444,48.73305556,119.28,38
20251031,152285,0647_6849,2.28972222,48.73305556,115.94,17
20251031,172535,0649_6849,2.31833333,48.73305556,89.05,17
20251031,138630,0648_6849,2.29444444,48.73333333,125.07,38
20251031,97265,0649_6849,2.31472222,48.73333333,106.83,38
20251031,97568,0659_6849,2.45083333,48.73333333,54.17,38
20251031,138935,0666_6849,2.54472222,48.73333333,107.77,48
20251031,77901,0679_6849,2.72583333,48.73333333,143.81,23
20251031,22081,0626_6849,2.00138889,48.73361111,196.76,23
20251031,94172,0663_6849,2.50777778,48.73361111,103.15,32
20251031,99031,0647_6849,2.28305556,48.73388889,113.35,17
20251031,155814,0657_6849,2.42138889,48.73388889,49.62,38
20251031,104160,0658_6849,2.43222222,48.73388889,61.51,26
20251031,46180,0653_6849,2.36777778,48.73416667,110.09,17
20251031,91664,0663_6849,2.49722222,48.73416667,118.95,26
20251031,101482,0684_6849,2.79305556,48.73416667,143.27,23
20251031,62906,0633_6849,2.09083333,48.73444444,161.38,20
20251031,81176,0646_6849,2.27361111,48.73444444,81.96,17
20251031,37357,0667_6849,2.56055556,48.73444444,118.85,26
20251031,96949,0617_6849,1.87222222,48.73472222,194.45,17
20251031,89139,0649_6849,2.30805556,48.73472222,110.51,38
20251031,162318,0651_6849,2.33944444,48.73472222,108.81,26
20251031,178813,0660_6849,2.46055556,48.73500000,107.09,38
20251031,152606,0648_6849,2.30194444,48.73527778,99.72,17
20251031,140801,0651_6849,2.33888889,48.73527778,109.82,26
20251031,76961,0656_6849,2.40416667,48.73527778,104.33,38
20251031,71234,0680_6849,2.73333333,48.73527778,147.02,4
20251031,71613,0648_6849,2.30416667,48.73555556,104.73,38
20251031,144066,0653_6849,2.37250000,48.73555556,111.12,26
20251031,46050,0619_6849,1.90777778,48.73583333,188.15,26
20251031,86947,0645_6849,2.25944444,48.73583333,112.02,17
20251031,127239,0648_6849,2.29638889,48.73583333,122.30,17
20251031,52711,0670_6849,2.59472222,48.73583333,140.59,4
20251031,134535,0647_6849,2.28861111,48.73611111,123.87,38
20251031,65385,0683_6849,2.77611111,48.73638889,159.98,23
20251031,106701,0620_6850,1.91527778,48.73666667,172.60,17
20251031,139642,0645_6849,2.25861111,48.73666667,97.79,38
20251031,41151,0660_6849,2.46527778,48.73666667,116.92,38
20251031,7464,0645_6849,2.25972222,48.73694444,111.09,38
20251031,102082,0648_6849,2.29722222,48.73694444,120.69,38
20251031,79972,0656_6849,2.41083333,48.73694444,69.78,38
20251031,7919,0660_6849,2.46083333,48.73694444,91.56,17
20251031,93472,0662_6849,2.48500000,48.73694444,93.50,32
20251031,183742,0664_6849,2.51888889,48.73694444,121.51,23
20251031,166821,0646_6849,2.27055556,48.73722222,104.18,38
20251031,95462,0656_6849,2.41083333,48.73722222,54.48,12
20251031,37352,0660_6849,2.46638889,48.73722222,120.84,38
20251031,93922,0657_6849,2.42722222,48.73750000,50.43,23
20251031,106049,0671_6849,2.61083333,48.73750000,124.01,23
20251031,160795,0675_6849,2.66583333,48.73750000,134.37,23
20251031,185313,0646_6849,2.27055556,48.73777778,91.52,17
20251031,172857,0661_6849,2.47861111,48.73777778,112.57,26
20251031,114948,0657_6849,2.42333333,48.73805556,52.53,38
20251031,142678,0652_6849,2.35027778,48.73833333,114.29,23
20251031,164637,0654_6849,2.37972222,48.73833333,99.78,17
20251031,184198,0656_6849,2.40416667,48.73833333,90.03,17
20251031,33587,0671_6849,2.61194444,48.73833333,125.31,23
20251031,127144,0681_6849,2.74694444,48.73833333,137.10,17
20251031,5425,0682_6849,2.76805556,48.73833333,113.81,17
20251031,169377,0619_6850,1.91166667,48.73861111,188.38,23
20251031,157425,0659_6849,2.44833333,48.73861111,57.48,26
20251031,95684,0647_6849,2.28750000,48.73888889,81.16,12
20251031,71609,0647_6849,2.28861111,48.73888889,120.32,38
20251031,150766,0652_6849,2.35750000,48.73888889,118.38,26
20251031,142563,0652_6849,2.36000000,48.73916667,100.38,38
20251031,49795,0664_6849,2.51944444,48.73916667,113.08,23
20251031,92096,0652_6850,2.35888889,48.73944444,103.58,38
20251031,165427,0654_6849,2.37833333,48.73944444,109.39,26
20251031,111258,0657_6849,2.42583333,48.73944444,54.72,38
20251031,71612,0648_6850,2.30611111,48.73972222,93.35,38
20251031,138848,0620_6850,1.92138889,48.74000000,192.83,26
20251031,157113,0647_6850,2.28027778,48.74000000,74.21,38
20251031,176731,0651_6850,2.34472222,48.74000000,105.43,23
20251031,98635,0662_6849,2.48527778,48.74000000,114.65,26
20251031,121873,0643_6850,2.22694444,48.74027778,112.79,17
20251031,159603,0645_6850,2.25416667,48.74027778,96.45,38
20251031,138133,0651_6850,2.33666667,48.74027778,108.34,23
20251031,117811,0652_6850,2.35277778,48.74027778,92.96,23
20251031,113009,0657_6850,2.42611111,48.74027778,57.89,23
20251031,193401,0670_6849,2.59305556,48.74027778,144.14,4
20251031,24930,0683_6849,2.77722222,48.74027778,150.30,4
20251031,145980,0633_6850,2.09000000,48.74055556,174.94,38
20251031,132786,0649_6850,2.30944444,48.74055556,95.97,38
20251031,134392,0649_6850,2.31611111,48.74055556,91.72,38
20251031,91740,0656_6850,2.40583333,48.74055556,69.72,23
20251031,118749,0620_6850,1.92138889,48.74083333,193.97,26
20251031,44398,0643_6850,2.22750000,48.74083333,100.93,38
20251031,182831,0643_6850,2.22833333,48.74083333,98.23,17
20251031,182096,0660_6850,2.46666667,48.74083333,101.95,38
20251031,168772,0633_6850,2.08944444,48.74111111,181.48,23
20251031,184928,0662_6850,2.48861111,48.74111111,103.57,17
20251031,93921,0650_6850,2.33055556,48.74138889,78.76,23
20251031,51834,0657_6850,2.42666667,48.74138889,47.39,12
20251031,95683,0648_6850,2.29472222,48.74166667,67.14,12
20251031,91230,0652_6850,2.36027778,48.74166667,98.33,17
20251031,112739,0660_6850,2.45666667,48.74166667,55.80,38
20251031,46851,0646_6850,2.27694444,48.74194444,91.28,23
20251031,185431,0647_6850,2.28388889,48.74194444,104.23,38
20251031,54262,0647_6850,2.28444444,48.74222222,111.07,38
20251031,117809,0656_6850,2.40277778,48.74222222,62.08,23
20251031,174621,0660_6850,2.45666667,48.74222222,56.34,38
20251031,13346,0652_6850,2.35111111,48.74250000,104.41,38
20251031,91506,0656_6850,2.40444444,48.74250000,85.61,38
20251031,97465,0661_6850,2.47555556,48.74250000,114.21,48
20251031,49152,0623_6850,1.96277778,48.74277778,205.19,20
20251031,95611,0657_6850,2.41583333,48.74277778,57.98,12
20251031,94758,0661_6850,2.48222222,48.74277778,110.42,17
20251031,167317,0656_6850,2.40277778,48.74305556,83.34,38
20251031,62069,0659_6850,2.45027778,48.74305556,52.76,23
20251031,127263,0660_6850,2.45805556,48.74305556,79.50,38
20251031,96249,0664_6850,2.51277778,48.74305556,128.49,26
20251031,86696,0648_6850,2.29638889,48.74333333,61.39,17
20251031,98942,0653_6850,2.36333333,48.74333333,116.91,26
20251031,3873,0659_6850,2.44805556,48.74333333,58.35,38
20251031,135974,0620_6850,1.92166667,48.74361111,187.71,23
20251031,37010,0629_6850,2.04500000,48.74361111,199.18,23
20251031,95682,0648_6850,2.30166667,48.74361111,64.09,12
20251031,65829,0655_6850,2.39888889,48.74361111,89.11,38
20251031,63566,0657_6850,2.41833333,48.74361111,61.96,38
20251031,184353,0658_6850,2.43555556,48.74361111,58.57,38
20251031,185517,0663_6850,2.50250000,48.74361111,112.91,38
20251031,6629,0631_6850,2.06250000,48.74388889,167.96,17
20251031,111622,0656_6850,2.40750000,48.74388889,55.83,17
20251031,182998,0661_6850,2.47305556,48.74388889,102.81,38
20251031,85082,0642_6850,2.22166667,48.74416667,160.52,23
20251031,110323,0661_6850,2.46972222,48.74416667,84.10,17
20251031,11924,0650_6850,2.32333333,48.74444444,69.01,32
20251031,81777,0653_6850,2.36305556,48.74444444,109.74,26
20251031,146984,0655_6850,2.39111111,48.74444444,100.19,26
20251031,94799,0646_6850,2.27805556,48.74472222,74.03,12
20251031,82926,0653_6850,2.36750000,48.74500000,123.11,17
20251031,70132,0663_6850,2.50805556,48.74500000,124.50,26
20251031,107717,0680_6850,2.72944444,48.74500000,140.15,23
20251031,93534,0643_6850,2.22805556,48.74527778,93.70,23
20251031,5924,0653_6850,2.37111111,48.74527778,97.22,17
20251031,160128,0654_6850,2.37833333,48.74527778,124.43,17
20251031,167701,0667_6850,2.55138889,48.74527778,125.53,23
20251031,105832,0660_6850,2.45944444,48.74555556,79.26,38
20251031,169694,0660_6850,2.46777778,48.74555556,83.87,17
20251031,39633,0671_6850,2.61888889,48.74555556,114.50,17
20251031,159604,0646_6850,2.27583333,48.74583333,96.10,38
20251031,95788,0649_6850,2.30666667,48.74583333,62.29,12
20251031,99563,0653_6850,2.36388889,48.74583333,116.41,23
20251031,151685,0654_6850,2.38361111,48.74583333,113.56,23
20251031,140947,0647_6850,2.28333333,48.74611111,73.12,17
20251031,56211,0652_6850,2.35944444,48.74611111,105.93,26
20251031,11685,0656_6850,2.41111111,48.74611111,80.97,38
20251031,175900,0659_6850,2.45027778,48.74611111,54.47,38
20251031,189185,0646_6850,2.27555556,48.74638889,98.06,17
20251031,71614,0648_6850,2.30333333,48.74638889,72.72,38
20251031,127771,0649_6850,2.31527778,48.74666667,120.14,38
20251031,56946,0652_6850,2.35138889,48.74666667,102.95,38
20251031,184795,0657_6850,2.41888889,48.74666667,60.42,23
20251031,4894,0663_6850,2.50916667,48.74666667,97.66,42
20251031,177617,0642_6850,2.22333333,48.74694444,98.08,17
20251031,133769,0622_6851,1.95194444,48.74722222,218.12,4
20251031,178670,0685_6850,2.80527778,48.74722222,142.30,23
20251031,119171,0654_6850,2.37777778,48.74750000,113.91,17
20251031,138302,0661_6850,2.47750000,48.74750000,85.25,17
20251031,142405,0663_6850,2.50000000,48.74750000,87.17,38
20251031,19929,0640_6851,2.19638889,48.74777778,160.93,12
20251031,143062,0644_6851,2.25194444,48.74777778,182.50,26
20251031,52270,0645_6850,2.26416667,48.74777778,132.30,20
20251031,71604,0648_6850,2.30361111,48.74777778,75.87,38
20251031,178033,0659_6850,2.44833333,48.74777778,55.16,38
20251031,153905,0666_6850,2.54305556,48.74777778,128.49,48
20251031,71603,0647_6851,2.28638889,48.74805556,82.20,38
20251031,112121,0649_6850,2.31222222,48.74805556,70.18,12
20251031,124115,0649_6850,2.31250000,48.74805556,70.28,23
20251031,88047,0661_6850,2.47472222,48.74805556,57.22,38
20251031,155564,0617_6851,1.88083333,48.74833333,211.15,48
20251031,79753,0634_6851,2.11083333,48.74833333,182.43,4
20251031,52271,0642_6851,2.21833333,48.74833333,118.06,23
20251031,179953,0649_6851,2.31138889,48.74861111,91.27,38
20251031,99852,0652_6851,2.34722222,48.74861111,81.94,17
20251031,66938,0652_6851,2.35472222,48.74861111,110.18,17
20251031,117810,0653_6851,2.37333333,48.74861111,94.61,23
20251031,132989,0664_6850,2.51388889,48.74861111,120.11,48
20251031,21553,0679_6850,2.72472222,48.74861111,142.33,26
20251031,138166,0646_6851,2.26805556,48.74888889,108.11,17
20251031,120430,0650_6851,2.32694444,48.74888889,92.89,26
20251031,136603,0650_6851,2.32972222,48.74888889,112.44,26
20251031,121135,0650_6851,2.33027778,48.74888889,124.05,23
20251031,31375,0655_6851,2.39250000,48.74888889,103.69,17
20251031,3843,0655_6851,2.39555556,48.74888889,91.43,23
20251031,191836,0656_6851,2.40555556,48.74888889,61.98,38
20251031,39170,0661_6850,2.48055556,48.74888889,68.83,48
20251031,191512,0663_6850,2.50250000,48.74888889,79.29,38
20251031,58686,0620_6851,1.92416667,48.74916667,187.75,17
20251031,97859,0652_6851,2.35361111,48.74916667,95.62,38
20251031,51823,0652_6851,2.35444444,48.74916667,110.58,38
20251031,94170,0661_6851,2.47194444,48.74916667,52.08,32
20251031,93177,0645_6851,2.25666667,48.74944444,142.66,38
20251031,139245,0648_6851,2.29750000,48.74944444,84.83,38
20251031,168265,0657_6851,2.41694444,48.74944444,82.36,38
20251031,92683,0659_6851,2.44722222,48.74944444,63.32,38
20251031,39165,0659_6851,2.45277778,48.74944444,53.86,38
20251031,132068,0623_6851,1.96555556,48.74972222,198.36,26
20251031,26559,0648_6851,2.29861111,48.74972222,103.99,38
20251031,101949,0654_6851,2.38583333,48.74972222,120.03,23
20251031,73799,0620_6851,1.92138889,48.75000000,193.57,38
20251031,96377,0631_6851,2.06583333,48.75000000,179.24,38
20251031,188971,0631_6851,2.07138889,48.75000000,188.84,26
20251031,184471,0632_6851,2.07861111,48.75000000,187.08,26
20251031,59650,0660_6851,2.46111111,48.75000000,79.88,38
20251031,156337,0661_6851,2.47000000,48.75000000,70.13,23
20251031,85879,0661_6851,2.48083333,48.75000000,60.90,38
20251031,49498,0672_6851,2.62194444,48.75027778,121.04,4
20251031,128679,0656_6851,2.41388889,48.75055556,68.62,26
20251031,94651,0647_6851,2.28194444,48.75083333,85.00,32
20251031,155914,0620_6851,1.92083333,48.75111111,187.96,38
20251031,169390,0661_6851,2.48000000,48.75111111,56.51,38
20251031,185554,0654_6851,2.38138889,48.75138889,109.51,26
20251031,54741,0656_6851,2.41388889,48.75138889,70.86,26
20251031,133871,0656_6851,2.41500000,48.75138889,69.35,23
20251031,90278,0654_6851,2.38500000,48.75166667,106.09,23
20251031,53751,0664_6851,2.51222222,48.75166667,119.92,20
20251031,30537,0658_6851,2.43250000,48.75194444,55.85,38
20251031,20500,0642_6851,2.21444444,48.75222222,92.38,38
20251031,108004,0658_6851,2.43250000,48.75222222,52.75,38
20251031,129569,0641_6851,2.20222222,48.75250000,131.26,48
20251031,166067,0656_6851,2.40611111,48.75250000,66.65,17
20251031,88058,0650_6851,2.33027778,48.75277778,95.47,17
20251031,125082,0654_6851,2.37611111,48.75277778,111.96,26
20251031,131469,0654_6851,2.38666667,48.75277778,108.19,26
20251031,189618,0657_6851,2.41527778,48.75277778,83.63,38
20251031,62552,0663_6851,2.49972222,48.75277778,81.99,38
20251031,37180,0652_6851,2.35194444,48.75305556,107.59,17
20251031,192335,0654_6851,2.37527778,48.75305556,113.58,26
20251031,132836,0660_6851,2.45638889,48.75305556,55.24,23
20251031,31222,0663_6851,2.50527778,48.75305556,93.12,38
20251031,157763,0663_6851,2.50833333,48.75305556,88.67,17
20251031,133056,0664_6851,2.52083333,48.75305556,132.29,26
20251031,36817,0665_6851,2.53611111,48.75305556,111.30,17
20251031,182318,0646_6851,2.27000000,48.75333333,119.24,38
20251031,81601,0652_6851,2.35083333,48.75333333,115.56,17
20251031,40657,0656_6851,2.41361111,48.75333333,84.18,38
20251031,165770,0656_6851,2.41444444,48.75333333,82.14,38
20251031,52314,0651_6851,2.33666667,48.75388889,99.72,38
20251031,163817,0660_6851,2.45694444,48.75388889,61.64,23
20251031,152003,0663_6851,2.49944444,48.75388889,77.87,38
20251031,79747,0632_6851,2.07555556,48.75416667,190.17,38
20251031,58911,0640_6851,2.18500000,48.75416667,151.21,38
20251031,130620,0642_6851,2.21527778,48.75416667,96.72,17
20251031,79674,0652_6851,2.35194444,48.75416667,99.57,32
20251031,17060,0652_6851,2.35444444,48.75416667,108.99,26
20251031,187756,0658_6851,2.43138889,48.75416667,64.16,23
20251031,178031,0659_6851,2.44472222,48.75416667,62.86,23
20251031,135348,0661_6851,2.47805556,48.75416667,59.22,38
20251031,111726,0661_6851,2.47833333,48.75416667,56.43,38
20251031,140717,0650_6851,2.32055556,48.75444444,86.25,38
20251031,62864,0652_6851,2.35416667,48.75444444,116.99,23
20251031,93397,0657_6851,2.42861111,48.75444444,60.62,23
20251031,49730,0662_6851,2.49555556,48.75444444,77.83,38
20251031,161624,0650_6851,2.32555556,48.75472222,96.06,17
20251031,77121,0653_6851,2.36694444,48.75472222,110.96,26
20251031,123571,0658_6851,2.43666667,48.75472222,45.58,23
20251031,158858,0621_6852,1.93027778,48.75500000,184.93,17
20251031,165808,0622_6852,1.94027778,48.75500000,202.56,26
20251031,2603,0642_6851,2.21805556,48.75500000,117.18,38
20251031,47731,0649_6851,2.31777778,48.75500000,76.16,38
20251031,189961,0663_6851,2.50416667,48.75527778,72.84,17
20251031,165086,0632_6851,2.08027778,48.75555556,186.80,26
20251031,161250,0650_6851,2.32166667,48.75555556,89.22,17
20251031,104086,0653_6851,2.36972222,48.75555556,127.45,17
20251031,122246,0621_6852,1.92611111,48.75583333,184.53,17
20251031,61123,0621_6852,1.93138889,48.75583333,186.68,17
20251031,104228,0656_6851,2.41500000,48.75583333,67.58,17
20251031,92574,0662_6851,2.49666667,48.75583333,89.62,38
20251031,21756,0639_6851,2.17055556,48.75611111,180.02,38
20251031,94901,0653_6851,2.37222222,48.75611111,99.50,17
20251031,101593,0621_6852,1.92805556,48.75666667,191.36,17
20251031,3477,0631_6852,2.06472222,48.75666667,175.44,999999999
20251031,132784,0655_6851,2.40138889,48.75666667,89.55,38
20251031,88048,0665_6851,2.52944444,48.75666667,111.08,38
20251031,19455,0651_6851,2.34611111,48.75694444,139.99,38
20251031,22240,0655_6851,2.39805556,48.75694444,89.25,38
20251031,55144,0622_6852,1.94250000,48.75722222,194.60,23
20251031,171620,0657_6851,2.42500000,48.75722222,59.18,26
20251031,192412,0659_6851,2.44527778,48.75722222,62.84,23
20251031,50605,0642_6852,2.21694444,48.75750000,135.32,38
20251031,126605,0651_6852,2.33777778,48.75750000,96.74,17
20251031,34536,0630_6852,2.05055556,48.75777778,191.51,20
20251031,188150,0663_6851,2.50083333,48.75777778,97.86,38
20251031,14896,0646_6852,2.27861111,48.75805556,142.58,38
20251031,174859,0647_6852,2.27944444,48.75805556,141.34,38
20251031,123534,0648_6852,2.30055556,48.75805556,78.53,17
20251031,24474,0624_6852,1.96638889,48.75833333,216.34,38
20251031,92095,0630_6852,2.05083333,48.75833333,174.86,17
20251031,30994,0620_6852,1.91500000,48.75861111,204.45,26
20251031,139993,0621_6852,1.93583333,48.75861111,194.98,38
20251031,91911,0629_6852,2.04583333,48.75861111,181.04,26
20251031,170048,0629_6852,2.04694444,48.75861111,192.07,26
20251031,164813,0648_6852,2.29694444,48.75861111,91.19,38
20251031,185490,0650_6852,2.32972222,48.75861111,108.01,38
20251031,175479,0656_6852,2.41166667,48.75861111,61.56,38
20251031,184831,0661_6852,2.48055556,48.75861111,73.24,23
20251031,155125,0623_6852,1.95638889,48.75888889,197.23,23
20251031,128139,0629_6852,2.04555556,48.75888889,183.09,26
20251031,168990,0630_6852,2.05111111,48.75888889,180.67,17
20251031,93288,0640_6852,2.19222222,48.75888889,96.36,23
20251031,156860,0651_6852,2.33611111,48.75888889,117.13,23
20251031,133834,0651_6852,2.33694444,48.75888889,91.94,32
20251031,139732,0622_6852,1.94527778,48.75916667,187.39,17
20251031,185244,0623_6852,1.95722222,48.75916667,194.63,23
20251031,48906,0629_6852,2.04416667,48.75916667,179.22,26
20251031,97815,0640_6852,2.19194444,48.75916667,93.06,17
20251031,88968,0650_6852,2.32194444,48.75916667,84.65,38
20251031,139910,0654_6852,2.38527778,48.75916667,106.28,38
20251031,87219,0663_6852,2.49916667,48.75916667,69.68,26
20251031,77658,0677_6852,2.70055556,48.75916667,141.83,23
20251031,189102,0623_6852,1.95833333,48.75944444,195.16,42
20251031,3185,0650_6852,2.32083333,48.75944444,87.56,38
20251031,190206,0657_6852,2.42250000,48.75944444,53.81,38
20251031,157173,0667_6852,2.55722222,48.75972222,111.74,17
20251031,106649,0685_6852,2.80611111,48.75972222,140.54,23
20251031,146794,0620_6852,1.92333333,48.76000000,198.18,26
20251031,150846,0649_6852,2.30722222,48.76000000,71.78,38
20251031,176109,0653_6852,2.37083333,48.76000000,112.10,38
20251031,167532,0661_6852,2.48111111,48.76000000,69.14,23
20251031,79672,0665_6852,2.53194444,48.76000000,144.80,4
20251031,84870,0620_6852,1.92055556,48.76027778,209.27,38
20251031,77059,0624_6852,1.96638889,48.76027778,213.21,38
20251031,54635,0639_6852,2.17138889,48.76027778,170.54,23
20251031,190481,0631_6852,2.06305556,48.76055556,181.29,26
20251031,183202,0656_6852,2.40944444,48.76055556,67.19,38
20251031,90829,0660_6852,2.46638889,48.76055556,58.92,23
20251031,106880,0675_6852,2.66027778,48.76055556,140.02,26
20251031,49156,0631_6852,2.06277778,48.76083333,182.40,24
20251031,91591,0641_6852,2.20833333,48.76083333,196.68,17
20251031,168610,0648_6852,2.29277778,48.76083333,86.75,42
20251031,129486,0631_6852,2.06277778,48.76111111,181.30,23
20251031,77380,0636_6852,2.13638889,48.76111111,181.82,23
20251031,7411,0641_6852,2.20777778,48.76111111,186.17,38
20251031,94019,0652_6852,2.35305556,48.76111111,106.12,17
20251031,139415,0653_6852,2.36888889,48.76111111,108.23,38
20251031,51828,0657_6852,2.42055556,48.76111111,50.04,38
20251031,85350,0661_6852,2.48027778,48.76111111,48.81,17
20251031,101034,0636_6852,2.13583333,48.76138889,187.07,23
20251031,32489,0653_6852,2.36444444,48.76138889,119.07,17
20251031,16089,0685_6852,2.80638889,48.76138889,151.31,23
20251031,88056,0651_6852,2.34500000,48.76166667,93.70,11
20251031,137314,0654_6852,2.38138889,48.76166667,116.49,48
20251031,174447,0656_6852,2.41416667,48.76166667,57.25,38
20251031,147508,0663_6852,2.50777778,48.76166667,77.13,23
20251031,104632,0666_6852,2.54222222,48.76166667,134.26,26
20251031,89525,0676_6852,2.67861111,48.76166667,143.73,26
20251031,37347,0620_6852,1.91666667,48.76194444,187.08,17
20251031,80601,0632_6852,2.08194444,48.76194444,195.34,17
20251031,131581,0646_6852,2.27888889,48.76194444,137.00,38
20251031,36647,0648_6852,2.30277778,48.76194444,97.79,38
20251031,42967,0650_6852,2.33277778,48.76194444,125.67,23
20251031,6516,0657_6852,2.41972222,48.76194444,54.46,38
20251031,183848,0659_6852,2.44361111,48.76194444,57.28,26
20251031,137005,0660_6852,2.45750000,48.76194444,57.57,4
20251031,7117,0676_6852,2.67722222,48.76194444,141.32,26
20251031,191143,0641_6852,2.20777778,48.76222222,212.08,26
20251031,26931,0651_6852,2.34027778,48.76222222,96.88,32
20251031,73809,0652_6852,2.35361111,48.76222222,99.09,17
20251031,79556,0654_6852,2.38222222,48.76222222,129.93,26
20251031,77664,0655_6852,2.40138889,48.76222222,84.34,38
20251031,82925,0620_6852,1.91722222,48.76250000,184.58,17
20251031,95881,0622_6852,1.94583333,48.76250000,219.96,38
20251031,125675,0624_6852,1.96722222,48.76250000,208.39,23
20251031,5067,0624_6852,1.97527778,48.76250000,179.76,26
20251031,86695,0648_6852,2.30472222,48.76250000,64.73,17
20251031,76952,0661_6852,2.48222222,48.76250000,70.36,26
20251031,49533,0675_6852,2.66888889,48.76250000,131.70,20
20251031,146358,0676_6852,2.67888889,48.76250000,145.30,23
20251031,166581,0650_6852,2.33138889,48.76277778,128.24,26
20251031,42968,0650_6852,2.33277778,48.76277778,126.72,23
20251031,81385,0651_6852,2.34027778,48.76277778,112.18,26
20251031,56759,0651_6852,2.34555556,48.76277778,111.85,23
20251031,152686,0655_6852,2.40055556,48.76277778,76.82,38
20251031,5879,0656_6852,2.41111111,48.76277778,61.01,38
20251031,156613,0676_6852,2.67750000,48.76277778,139.19,26
20251031,32488,0651_6852,2.34000000,48.76305556,111.30,26
20251031,62389,0675_6852,2.66222222,48.76305556,130.97,23
20251031,74899,0683_6852,2.77194444,48.76305556,154.18,4
20251031,38514,0644_6852,2.24722222,48.76333333,172.56,32
20251031,134749,0650_6852,2.32194444,48.76333333,63.66,17
20251031,40135,0663_6852,2.50638889,48.76333333,64.62,26
20251031,84054,0654_6852,2.38222222,48.76361111,128.93,38
20251031,100100,0656_6852,2.41055556,48.76361111,60.23,17
20251031,181597,0657_6852,2.41888889,48.76361111,51.09,38
20251031,182277,0631_6852,2.07416667,48.76388889,179.48,38
20251031,186810,0655_6852,2.39388889,48.76388889,81.14,17
20251031,95409,0657_6852,2.42083333,48.76388889,61.33,38
20251031,110567,0631_6852,2.06416667,48.76416667,184.71,38
20251031,40115,0645_6852,2.25333333,48.76416667,199.91,38
20251031,5557,0655_6852,2.39083333,48.76416667,81.15,17
20251031,93919,0656_6852,2.41083333,48.76416667,45.38,12
20251031,129496,0624_6853,1.97111111,48.76444444,190.91,23
20251031,46052,0635_6852,2.11638889,48.76444444,193.78,23
20251031,96349,0656_6852,2.40472222,48.76444444,66.52,38
20251031,127784,0638_6852,2.16305556,48.76472222,110.91,23
20251031,93289,0638_6852,2.16416667,48.76472222,101.26,23
20251031,49080,0645_6852,2.26000000,48.76472222,170.95,38
20251031,182815,0655_6852,2.39027778,48.76472222,86.48,38
20251031,139867,0659_6852,2.44250000,48.76472222,44.50,38
20251031,117878,0622_6853,1.94833333,48.76500000,203.12,38
20251031,176843,0658_6852,2.43305556,48.76500000,72.25,23
20251031,183276,0662_6852,2.48722222,48.76500000,62.44,38
20251031,169658,0677_6852,2.69111111,48.76500000,141.87,23
20251031,167115,0620_6853,1.91194444,48.76527778,204.29,48
20251031,30996,0621_6853,1.93472222,48.76527778,200.29,38
20251031,169837,0622_6853,1.94888889,48.76527778,202.07,38
20251031,50918,0646_6852,2.26527778,48.76527778,162.11,38
20251031,117538,0650_6852,2.32250000,48.76527778,79.87,38
20251031,49873,0656_6852,2.40277778,48.76527778,84.70,26
20251031,118534,0632_6853,2.07638889,48.76555556,183.51,38
20251031,55315,0642_6853,2.21611111,48.76555556,178.21,17
20251031,82101,0661_6852,2.47166667,48.76555556,65.58,17
20251031,95235,0663_6852,2.50222222,48.76555556,70.50,26
20251031,168736,0645_6853,2.26111111,48.76583333,172.04,38
20251031,36463,0646_6852,2.26611111,48.76583333,156.10,38
20251031,134037,0647_6852,2.28361111,48.76583333,115.58,38
20251031,2564,0650_6852,2.32388889,48.76583333,111.74,38
20251031,167014,0656_6852,2.40916667,48.76583333,95.19,38
20251031,89462,0626_6853,1.99722222,48.76611111,195.91,26
20251031,71605,0649_6853,2.30972222,48.76611111,78.83,38
20251031,37741,0665_6852,2.52944444,48.76611111,127.13,38
20251031,134351,0628_6853,2.02638889,48.76638889,187.83,26
20251031,180755,0663_6852,2.50583333,48.76638889,68.97,23
20251031,190455,0665_6852,2.52861111,48.76638889,134.50,38
20251031,189181,0626_6853,1.99722222,48.76666667,195.99,26
20251031,59881,0635_6853,2.11944444,48.76666667,179.29,17
20251031,168272,0653_6853,2.36861111,48.76666667,114.19,38
20251031,70553,0629_6853,2.03916667,48.76694444,180.91,38
20251031,172913,0645_6853,2.26472222,48.76694444,146.86,38
20251031,85580,0646_6853,2.27138889,48.76694444,150.89,17
20251031,4554,0651_6853,2.33444444,48.76694444,100.31,17
20251031,23664,0665_6852,2.52833333,48.76694444,133.23,38
20251031,38391,0629_6853,2.03916667,48.76722222,182.91,38
20251031,62773,0630_6853,2.05555556,48.76722222,182.73,17
20251031,72172,0660_6853,2.45888889,48.76722222,67.48,26
20251031,52882,0626_6853,2.00333333,48.76750000,219.13,26
20251031,168819,0628_6853,2.02666667,48.76750000,182.30,17
20251031,167131,0653_6853,2.36833333,48.76750000,118.86,17
20251031,95601,0654_6853,2.38194444,48.76750000,116.79,17
20251031,40312,0657_6853,2.42611111,48.76750000,57.56,26
20251031,5025,0657_6853,2.42694444,48.76750000,57.67,26
20251031,79758,0617_6853,1.88000000,48.76777778,167.53,23
20251031,156903,0622_6853,1.94000000,48.76777778,201.01,48
20251031,143497,0624_6853,1.97694444,48.76777778,192.63,26
20251031,144297,0630_6853,2.05583333,48.76777778,180.82,23
20251031,42361,0643_6853,2.22972222,48.76777778,164.12,23
20251031,37356,0657_6853,2.41777778,48.76777778,57.11,38
20251031,187774,0660_6853,2.46583333,48.76777778,67.35,17
20251031,188449,0624_6853,1.97888889,48.76805556,199.82,26
20251031,121139,0647_6853,2.28861111,48.76805556,94.44,38
20251031,179329,0654_6853,2.38194444,48.76805556,109.81,17
20251031,4545,0656_6853,2.40166667,48.76805556,59.91,17
20251031,6230,0661_6853,2.47361111,48.76805556,63.99,17
20251031,135275,0677_6853,2.69055556,48.76805556,156.06,4
20251031,53203,0622_6853,1.94916667,48.76833333,206.25,38
20251031,93282,0644_6853,2.25027778,48.76833333,197.78,38
20251031,172225,0650_6853,2.32388889,48.76833333,85.35,17
20251031,140383,0656_6853,2.40361111,48.76833333,61.15,38
20251031,40136,0657_6853,2.42666667,48.76833333,58.39,26
20251031,5600,0658_6853,2.44138889,48.76833333,44.10,17
20251031,64465,0677_6853,2.69111111,48.76833333,140.95,23
20251031,78058,0631_6853,2.06388889,48.76861111,184.51,26
20251031,189298,0647_6853,2.28638889,48.76861111,101.00,38
20251031,162654,0650_6853,2.32388889,48.76861111,84.35,38
20251031,23740,0661_6853,2.48194444,48.76861111,97.52,38
20251031,127600,0662_6853,2.48666667,48.76861111,59.70,38
20251031,78827,0663_6853,2.49694444,48.76861111,70.41,23
20251031,131128,0665_6853,2.53500000,48.76861111,118.73,17
20251031,84051,0676_6853,2.68277778,48.76861111,139.28,38
20251031,30992,0622_6853,1.93944444,48.76888889,200.44,26
20251031,186350,0643_6853,2.22777778,48.76888889,177.44,23
20251031,177661,0650_6853,2.32111111,48.76888889,66.21,38
20251031,119272,0651_6853,2.34305556,48.76888889,123.24,26
20251031,161652,0674_6853,2.65388889,48.76888889,143.66,23
20251031,175605,0623_6853,1.96472222,48.76916667,186.13,38
20251031,149295,0626_6853,1.99638889,48.76916667,195.54,38
20251031,92685,0653_6853,2.36750000,48.76916667,113.98,38
20251031,171602,0664_6853,2.51111111,48.76916667,62.89,38
20251031,52706,0623_6853,1.95444444,48.76944444,201.93,38
20251031,104968,0625_6853,1.98777778,48.76944444,205.22,23
20251031,152831,0656_6853,2.40250000,48.76944444,69.19,17
20251031,133493,0622_6853,1.94444444,48.76972222,198.93,17
20251031,87215,0656_6853,2.40944444,48.76972222,79.63,38
20251031,89521,0660_6853,2.46111111,48.76972222,61.30,17
20251031,99801,0629_6853,2.04388889,48.77000000,178.58,17
20251031,185290,0649_6853,2.31666667,48.77000000,70.41,38
20251031,81384,0652_6853,2.34722222,48.77000000,115.72,23
20251031,134237,0645_6853,2.25333333,48.77027778,173.99,20
20251031,49878,0652_6853,2.35083333,48.77027778,103.92,38
20251031,128174,0677_6853,2.69000000,48.77027778,135.31,23
20251031,86697,0649_6853,2.31027778,48.77055556,77.17,17
20251031,10600,0660_6853,2.45833333,48.77055556,59.95,38
20251031,42456,0664_6853,2.52111111,48.77055556,111.34,17
20251031,6517,0637_6853,2.14750000,48.77083333,118.14,17
20251031,170576,0656_6853,2.41388889,48.77083333,56.79,17
20251031,46855,0664_6853,2.51944444,48.77083333,104.50,17
20251031,4653,0629_6853,2.04361111,48.77111111,178.51,38
20251031,5010,0631_6853,2.07055556,48.77111111,172.85,38
20251031,162162,0639_6853,2.17055556,48.77111111,167.54,38
20251031,135809,0654_6853,2.38555556,48.77111111,113.87,38
20251031,20103,0656_6853,2.40861111,48.77111111,66.88,38
20251031,62640,0659_6853,2.44388889,48.77111111,64.33,26
20251031,181803,0643_6853,2.22583333,48.77138889,200.60,17
20251031,99745,0651_6853,2.33583333,48.77138889,128.69,38
20251031,193202,0656_6853,2.41444444,48.77138889,57.76,38
20251031,85982,0662_6853,2.48722222,48.77138889,98.62,38
20251031,106255,0661_6853,2.47861111,48.77166667,81.98,17
20251031,142231,0627_6853,2.01638889,48.77194444,192.21,26
20251031,89840,0642_6853,2.22250000,48.77194444,190.16,17
20251031,176358,0650_6853,2.32972222,48.77194444,97.14,20
20251031,79673,0651_6853,2.33444444,48.77194444,111.43,38
20251031,165990,0661_6853,2.48166667,48.77194444,98.39,38
20251031,167454,0625_6853,1.99138889,48.77222222,187.31,26
20251031,144801,0664_6853,2.52000000,48.77222222,121.65,38
20251031,188444,0626_6853,1.99583333,48.77250000,181.61,42
20251031,59336,0627_6853,2.01444444,48.77250000,205.89,38
20251031,128730,0630_6853,2.05888889,48.77250000,177.77,17
20251031,114904,0637_6853,2.14750000,48.77250000,120.70,23
20251031,191832,0647_6853,2.29055556,48.77250000,81.75,42
20251031,193384,0647_6853,2.29111111,48.77250000,81.55,42
20251031,57957,0649_6853,2.31305556,48.77250000,89.04,17
20251031,177355,0652_6853,2.35861111,48.77250000,106.90,17
20251031,62437,0655_6853,2.40055556,48.77250000,81.92,38
20251031,128206,0632_6853,2.07972222,48.77277778,187.75,38
20251031,45534,0635_6853,2.12833333,48.77277778,168.59,23
20251031,88046,0650_6853,2.33166667,48.77277778,96.91,38
20251031,179999,0644_6853,2.24277778,48.77305556,174.07,42
20251031,91312,0645_6853,2.25222222,48.77305556,189.52,38
20251031,88137,0652_6853,2.35916667,48.77305556,147.73,38
20251031,5315,0654_6853,2.38500000,48.77305556,108.44,17
20251031,3537,0662_6853,2.48722222,48.77305556,48.82,17
20251031,191890,0665_6853,2.52472222,48.77305556,120.88,38
20251031,132313,0631_6853,2.07166667,48.77333333,180.04,17
20251031,114428,0632_6853,2.08277778,48.77333333,186.28,38
20251031,93680,0637_6853,2.14833333,48.77333333,142.07,26
20251031,49876,0652_6853,2.35666667,48.77333333,105.35,38
20251031,183553,0657_6853,2.42222222,48.77333333,51.80,38
20251031,83273,0660_6853,2.46916667,48.77333333,131.84,4
20251031,79299,0662_6853,2.48944444,48.77333333,63.30,17
20251031,171171,0663_6853,2.49722222,48.77333333,58.51,26
20251031,4616,0667_6853,2.55166667,48.77333333,116.50,17
20251031,52277,0649_6853,2.31361111,48.77361111,89.30,38
20251031,34483,0651_6853,2.34527778,48.77361111,103.16,49
20251031,161665,0667_6853,2.55166667,48.77361111,119.00,26
20251031,188982,0667_6853,2.55194444,48.77361111,118.00,26
20251031,161312,0644_6853,2.25055556,48.77388889,189.94,38
20251031,51389,0653_6853,2.36638889,48.77388889,126.05,23
20251031,86637,0660_6853,2.46194444,48.77388889,57.82,26
20251031,187831,0663_6853,2.50111111,48.77388889,63.65,26
20251031,87294,0623_6854,1.95333333,48.77416667,199.47,23
20251031,92202,0630_6854,2.05027778,48.77416667,175.01,38
20251031,129964,0631_6854,2.07333333,48.77416667,187.24,38
20251031,167180,0644_6853,2.23861111,48.77416667,189.69,38
20251031,173409,0644_6853,2.24166667,48.77416667,193.96,12
20251031,54263,0644_6853,2.24861111,48.77416667,194.20,17
20251031,122749,0652_6853,2.35222222,48.77416667,109.21,17
20251031,78066,0664_6853,2.51888889,48.77416667,93.91,38
20251031,77385,0624_6854,1.97722222,48.77444444,195.64,38
20251031,185673,0630_6854,2.04972222,48.77444444,173.31,38
20251031,162013,0631_6854,2.07388889,48.77444444,183.38,17
20251031,52274,0645_6853,2.25583333,48.77444444,194.61,38
20251031,97602,0648_6853,2.30000000,48.77444444,121.28,17
20251031,136582,0655_6853,2.39944444,48.77444444,89.41,38
20251031,89906,0658_6853,2.44194444,48.77444444,65.92,38
20251031,155593,0659_6853,2.45472222,48.77444444,61.32,38
20251031,176772,0665_6853,2.52694444,48.77444444,111.55,38
20251031,91447,0671_6853,2.61611111,48.77444444,141.85,26
20251031,49373,0671_6853,2.61861111,48.77444444,141.55,26
20251031,34513,0676_6853,2.67388889,48.77444444,161.52,4
20251031,19160,0625_6854,1.98250000,48.77472222,205.56,38
20251031,191986,0648_6853,2.29777778,48.77472222,103.84,42
20251031,129466,0660_6853,2.45611111,48.77472222,66.58,38
20251031,91262,0664_6853,2.51972222,48.77472222,85.20,38
20251031,127648,0623_6854,1.96111111,48.77500000,192.38,26
20251031,91544,0658_6853,2.43750000,48.77500000,53.77,23
20251031,172755,0622_6854,1.94638889,48.77527778,194.56,38
20251031,136139,0622_6854,1.94722222,48.77527778,192.04,38
20251031,34390,0633_6854,2.09361111,48.77555556,186.14,26
20251031,140266,0645_6854,2.25861111,48.77555556,192.69,38
20251031,191048,0648_6854,2.29361111,48.77555556,99.74,38
20251031,184275,0630_6854,2.04777778,48.77583333,172.67,38
20251031,107285,0652_6854,2.35805556,48.77583333,110.13,38
20251031,142158,0658_6854,2.43166667,48.77583333,69.05,26
20251031,180124,0669_6853,2.59027778,48.77583333,118.02,17
20251031,118078,0626_6854,2.00083333,48.77611111,194.58,38
20251031,142959,0628_6854,2.02277778,48.77611111,172.18,26
20251031,89889,0653_6854,2.36694444,48.77611111,119.50,38
20251031,175734,0658_6854,2.43416667,48.77611111,50.58,42
20251031,61883,0643_6854,2.22833333,48.77638889,174.58,38
20251031,129537,0626_6854,2.00083333,48.77666667,191.92,38
20251031,121308,0626_6854,2.00138889,48.77666667,193.13,38
20251031,155230,0629_6854,2.03777778,48.77666667,178.74,48
20251031,84215,0643_6854,2.22750000,48.77666667,178.06,38
20251031,193716,0644_6854,2.25055556,48.77666667,191.82,38
20251031,188166,0649_6854,2.31444444,48.77666667,90.33,38
20251031,177958,0671_6854,2.61083333,48.77666667,140.91,23
20251031,78175,0657_6854,2.41944444,48.77694444,67.45,4
20251031,193784,0658_6854,2.43416667,48.77694444,76.12,26
20251031,90700,0660_6854,2.46694444,48.77694444,76.24,38
20251031,103955,0660_6854,2.46861111,48.77694444,99.07,38
20251031,46383,0671_6854,2.61166667,48.77694444,140.76,23
20251031,179487,0652_6854,2.34750000,48.77722222,139.78,38
20251031,87220,0655_6854,2.39694444,48.77722222,87.19,38
20251031,9640,0660_6854,2.45611111,48.77722222,65.84,38
20251031,91018,0669_6854,2.58833333,48.77722222,135.71,26
20251031,3323,0650_6854,2.32444444,48.77750000,74.28,26
20251031,77930,0650_6854,2.32555556,48.77750000,76.37,23
20251031,4296,0656_6854,2.40194444,48.77750000,73.24,17
20251031,81676,0660_6854,2.46861111,48.77750000,93.27,17
20251031,65092,0664_6854,2.51083333,48.77750000,64.60,38
20251031,79731,0642_6854,2.22250000,48.77777778,173.22,32
20251031,66501,0644_6854,2.24555556,48.77777778,198.24,38
20251031,127610,0645_6854,2.25388889,48.77777778,186.40,38
20251031,193717,0651_6854,2.34333333,48.77777778,146.43,38
20251031,76950,0651_6854,2.34527778,48.77777778,127.13,38
20251031,137170,0669_6854,2.58805556,48.77777778,120.40,17
20251031,166444,0618_6854,1.89444444,48.77805556,151.76,26
20251031,161101,0650_6854,2.32611111,48.77805556,75.41,26
20251031,161236,0654_6854,2.37638889,48.77805556,113.17,23
20251031,3186,0658_6854,2.44111111,48.77805556,44.40,32
20251031,65901,0659_6854,2.45500000,48.77805556,65.00,38
20251031,97635,0661_6854,2.47361111,48.77805556,110.05,38
20251031,193106,0670_6854,2.59722222,48.77805556,117.95,38
20251031,188447,0627_6854,2.01750000,48.77833333,175.83,42
20251031,77921,0645_6854,2.25527778,48.77833333,190.13,38
20251031,119128,0648_6854,2.30083333,48.77833333,108.16,17
20251031,132006,0650_6854,2.32444444,48.77833333,76.34,26
20251031,38454,0625_6854,1.99166667,48.77861111,214.09,38
20251031,161679,0644_6854,2.25055556,48.77861111,196.11,26
20251031,139813,0645_6854,2.26055556,48.77861111,191.32,38
20251031,49875,0653_6854,2.36138889,48.77861111,147.54,38
20251031,95079,0655_6854,2.39388889,48.77861111,152.16,38
20251031,79486,0641_6854,2.20750000,48.77888889,185.53,26
20251031,52266,0645_6854,2.26166667,48.77888889,188.73,38
20251031,77928,0647_6854,2.28972222,48.77888889,123.25,38
20251031,88055,0651_6854,2.34611111,48.77888889,103.05,49
20251031,188705,0653_6854,2.36361111,48.77888889,123.03,38
20251031,43612,0667_6854,2.56027778,48.77888889,159.30,33
20251031,166563,0671_6854,2.61166667,48.77888889,128.64,23
20251031,99909,0642_6854,2.21527778,48.77916667,200.78,38
20251031,6217,0642_6854,2.21916667,48.77916667,188.74,17
20251031,151950,0644_6854,2.25083333,48.77916667,193.43,26
20251031,110573,0645_6854,2.26138889,48.77916667,183.88,17
20251031,108809,0647_6854,2.29083333,48.77916667,127.58,38
20251031,90783,0647_6854,2.29194444,48.77916667,124.26,17
20251031,125357,0651_6854,2.33750000,48.77916667,113.25,17
20251031,165759,0624_6854,1.97833333,48.77944444,187.61,38
20251031,49375,0625_6854,1.98944444,48.77944444,208.34,38
20251031,89628,0640_6854,2.18888889,48.77944444,190.87,17
20251031,60152,0656_6854,2.40388889,48.77944444,75.89,38
20251031,168144,0676_6854,2.68000000,48.77944444,131.69,38
20251031,161427,0629_6854,2.04000000,48.77972222,172.29,17
20251031,124527,0639_6854,2.17222222,48.77972222,194.08,17
20251031,88240,0644_6854,2.23805556,48.77972222,194.19,17
20251031,52282,0651_6854,2.33750000,48.77972222,118.52,38
20251031,155055,0668_6854,2.57222222,48.77972222,128.64,26
20251031,172099,0629_6854,2.03527778,48.78000000,189.69,17
20251031,116618,0641_6854,2.20472222,48.78000000,197.60,17
20251031,66809,0646_6854,2.27055556,48.78000000,182.66,23
20251031,52193,0652_6854,2.35583333,48.78000000,123.40,38
20251031,89835,0660_6854,2.45722222,48.78000000,55.63,17
20251031,16283,0661_6854,2.47750000,48.78000000,70.89,26
20251031,15914,0668_6854,2.57277778,48.78000000,125.54,26
20251031,174089,0675_6854,2.66027778,48.78000000,142.19,23
20251031,4249,0675_6854,2.66083333,48.78000000,143.49,23
20251031,124629,0627_6854,2.01750000,48.78027778,174.12,17
20251031,57765,0629_6854,2.03555556,48.78027778,184.49,38
20251031,77386,0640_6854,2.18750000,48.78027778,202.91,17
20251031,106295,0641_6854,2.20750000,48.78027778,199.95,17
20251031,69841,0644_6854,2.23861111,48.78027778,187.75,38
20251031,49881,0651_6854,2.33555556,48.78027778,111.06,38
20251031,50338,0655_6854,2.39416667,48.78027778,88.66,38
20251031,81568,0659_6854,2.45472222,48.78027778,88.24,38
20251031,37981,0624_6854,1.96666667,48.78055556,165.88,17
20251031,21084,0647_6854,2.27944444,48.78055556,139.53,38
20251031,184311,0661_6854,2.47138889,48.78055556,77.52,38
20251031,138887,0625_6854,1.98027778,48.78083333,187.32,38
20251031,78202,0641_6854,2.19750000,48.78083333,206.80,38
20251031,172117,0642_6854,2.22111111,48.78083333,189.35,17
20251031,121411,0645_6854,2.25333333,48.78083333,221.73,38
20251031,79016,0646_6854,2.27583333,48.78083333,140.91,38
20251031,105534,0646_6854,2.27805556,48.78083333,135.68,38
20251031,149728,0659_6854,2.44750000,48.78083333,52.05,17
20251031,93362,0660_6854,2.45611111,48.78083333,59.94,17
20251031,72175,0660_6854,2.45861111,48.78083333,69.66,38
20251031,136061,0662_6854,2.48388889,48.78083333,54.95,17
20251031,2135,0640_6854,2.19638889,48.78111111,211.62,38
20251031,42458,0642_6854,2.22083333,48.78111111,189.45,17
20251031,168609,0645_6854,2.25305556,48.78111111,176.23,42
20251031,89710,0652_6854,2.35388889,48.78111111,114.53,17
20251031,168524,0655_6854,2.39638889,48.78111111,75.95,38
20251031,180148,0661_6854,2.47111111,48.78111111,72.52,38
20251031,92777,0628_6854,2.02916667,48.78138889,176.81,23
20251031,26669,0629_6854,2.04611111,48.78138889,189.81,38
20251031,116897,0634_6854,2.11000000,48.78138889,224.72,23
20251031,155034,0640_6854,2.19000000,48.78138889,196.55,38
20251031,86698,0648_6854,2.29722222,48.78138889,95.90,17
20251031,34131,0649_6854,2.31333333,48.78138889,102.49,38
20251031,163802,0653_6854,2.36666667,48.78138889,127.89,17
20251031,55201,0628_6854,2.02916667,48.78166667,234.31,4
20251031,29902,0637_6854,2.15055556,48.78166667,185.54,17
20251031,127118,0659_6854,2.45194444,48.78166667,87.74,17
20251031,176802,0660_6854,2.46500000,48.78166667,94.96,38
20251031,132568,0630_6854,2.05333333,48.78194444,176.76,38
20251031,58574,0647_6854,2.28472222,48.78194444,109.95,38
20251031,3380,0656_6854,2.41250000,48.78194444,66.54,4
20251031,121190,0659_6854,2.45138889,48.78194444,84.74,38
20251031,181211,0674_6854,2.65916667,48.78194444,118.88,17
20251031,100471,0630_6854,2.06055556,48.78222222,179.37,17
20251031,156159,0647_6854,2.28138889,48.78222222,110.90,38
20251031,76955,0652_6854,2.35027778,48.78222222,117.76,38
20251031,113008,0656_6854,2.40972222,48.78222222,41.47,23
20251031,99323,0665_6854,2.53333333,48.78222222,105.19,17
20251031,141165,0652_6854,2.35194444,48.78250000,120.57,17
20251031,129115,0665_6854,2.53416667,48.78250000,107.50,26
20251031,42273,0641_6854,2.20916667,48.78277778,184.13,17
20251031,134645,0644_6854,2.24583333,48.78277778,186.47,38
20251031,54342,0653_6854,2.36861111,48.78277778,102.36,17
20251031,163005,0625_6855,1.99194444,48.78305556,196.28,38
20251031,191912,0646_6854,2.26611111,48.78305556,151.09,17
20251031,166127,0646_6854,2.26916667,48.78305556,132.90,38
20251031,7645,0646_6854,2.27055556,48.78305556,137.57,38
20251031,112225,0648_6854,2.29972222,48.78305556,107.39,38
20251031,129297,0653_6854,2.37166667,48.78305556,121.67,23
20251031,2558,0654_6854,2.37916667,48.78305556,151.24,38
20251031,148340,0622_6855,1.94777778,48.78333333,181.52,26
20251031,145984,0622_6855,1.94833333,48.78333333,181.17,26
20251031,150050,0624_6855,1.97000000,48.78333333,201.40,26
20251031,116262,0649_6854,2.31500000,48.78333333,72.83,38
20251031,139842,0653_6854,2.36083333,48.78333333,125.25,17
20251031,112173,0656_6854,2.40916667,48.78333333,48.76,42
20251031,90300,0663_6854,2.50666667,48.78333333,69.63,26
20251031,85944,0676_6854,2.68277778,48.78333333,125.32,42
20251031,193101,0629_6855,2.04361111,48.78361111,198.88,38
20251031,55131,0638_6855,2.16944444,48.78361111,211.83,38
20251031,147663,0639_6855,2.17722222,48.78361111,204.65,38
20251031,182004,0655_6854,2.38833333,48.78361111,111.78,38
20251031,169031,0655_6854,2.40055556,48.78361111,61.32,26
20251031,180192,0659_6854,2.44527778,48.78361111,88.98,38
20251031,44760,0631_6855,2.06694444,48.78388889,174.73,38
20251031,95637,0631_6855,2.07305556,48.78388889,188.26,26
20251031,18655,0638_6855,2.16861111,48.78388889,210.02,38
20251031,156334,0641_6855,2.20805556,48.78388889,190.41,38
20251031,49113,0629_6855,2.04055556,48.78416667,194.81,38
20251031,115691,0629_6855,2.04194444,48.78416667,199.51,38
20251031,148494,0635_6855,2.11638889,48.78416667,202.54,38
20251031,101429,0638_6855,2.15638889,48.78416667,181.60,17
20251031,107138,0640_6855,2.18416667,48.78416667,209.76,38
20251031,61667,0640_6855,2.18583333,48.78416667,207.82,38
20251031,40118,0646_6855,2.27361111,48.78416667,129.01,38
20251031,134124,0650_6854,2.32611111,48.78416667,69.06,23
20251031,43249,0655_6854,2.39277778,48.78416667,82.98,38
20251031,168362,0676_6854,2.68250000,48.78416667,144.66,23
20251031,28537,0625_6855,1.98083333,48.78444444,200.11,38
20251031,131158,0633_6855,2.09638889,48.78444444,197.55,26
20251031,93504,0642_6855,2.21833333,48.78444444,204.71,38
20251031,192149,0643_6855,2.23027778,48.78444444,210.23,38
20251031,43149,0650_6855,2.32500000,48.78444444,80.91,23
20251031,76951,0655_6854,2.40000000,48.78444444,65.98,17
20251031,136935,0658_6854,2.43555556,48.78444444,55.84,17
20251031,172693,0630_6855,2.05750000,48.78472222,183.38,38
20251031,165477,0630_6855,2.05055556,48.78500000,185.31,38
20251031,101303,0631_6855,2.06527778,48.78500000,174.18,38
20251031,16775,0643_6855,2.23305556,48.78500000,228.80,38
20251031,168358,0646_6855,2.27583333,48.78500000,119.67,38
20251031,30627,0655_6855,2.39555556,48.78500000,73.16,38
20251031,153831,0656_6855,2.40666667,48.78500000,48.51,38
20251031,145694,0657_6855,2.41527778,48.78500000,65.72,17
20251031,120333,0659_6855,2.44250000,48.78500000,61.42,38
20251031,144891,0670_6854,2.59916667,48.78500000,113.35,12
20251031,164696,0671_6854,2.60583333,48.78500000,117.53,38
20251031,99238,0626_6855,1.99444444,48.78527778,170.22,17
20251031,49377,0631_6855,2.07250000,48.78527778,183.78,17
20251031,92476,0637_6855,2.15388889,48.78527778,181.74,26
20251031,143920,0651_6855,2.34527778,48.78527778,137.21,26
20251031,87324,0660_6855,2.46416667,48.78527778,76.54,38
20251031,52589,0643_6855,2.22472222,48.78555556,219.42,38
20251031,175121,0653_6855,2.36472222,48.78555556,130.85,38
20251031,75553,0657_6855,2.42694444,48.78555556,46.46,17
20251031,148760,0641_6855,2.20861111,48.78583333,195.09,38
20251031,174638,0650_6855,2.32972222,48.78611111,80.58,38
20251031,181800,0652_6855,2.34916667,48.78611111,124.32,38
20251031,76957,0657_6855,2.42555556,48.78611111,102.16,38
20251031,190454,0659_6855,2.45277778,48.78611111,90.10,38
20251031,183946,0659_6855,2.45388889,48.78611111,92.61,38
20251031,171081,0662_6855,2.48583333,48.78611111,49.23,38
20251031,181399,0632_6855,2.07472222,48.78638889,163.27,17
20251031,79487,0637_6855,2.15277778,48.78638889,162.81,26
20251031,19199,0637_6855,2.15333333,48.78638889,192.08,26
20251031,60567,0642_6855,2.22250000,48.78638889,180.77,32
20251031,50952,0648_6855,2.29861111,48.78638889,101.00,38
20251031,4782,0654_6855,2.37666667,48.78638889,115.42,17
20251031,35198,0660_6855,2.46333333,48.78638889,65.74,17
20251031,157270,0621_6855,1.93805556,48.78666667,146.02,26
20251031,117070,0629_6855,2.04472222,48.78666667,205.08,38
20251031,173391,0637_6855,2.14972222,48.78666667,178.06,26
20251031,39149,0642_6855,2.21861111,48.78666667,202.99,17
20251031,79297,0655_6855,2.38888889,48.78666667,85.61,38
20251031,175205,0663_6855,2.50722222,48.78666667,53.09,17
20251031,128294,0629_6855,2.04527778,48.78694444,205.49,17
20251031,78750,0651_6855,2.33388889,48.78694444,106.30,38
20251031,109593,0651_6855,2.34083333,48.78694444,160.24,38
20251031,114905,0637_6855,2.15166667,48.78722222,153.67,23
20251031,184854,0650_6855,2.32111111,48.78722222,73.90,38
20251031,111064,0654_6855,2.38583333,48.78722222,96.39,38
20251031,84641,0662_6855,2.49500000,48.78722222,59.74,38
20251031,44739,0630_6855,2.04916667,48.78750000,180.77,38
20251031,107875,0662_6855,2.49388889,48.78750000,67.86,26
20251031,190124,0663_6855,2.50305556,48.78750000,54.86,38
20251031,129493,0629_6855,2.04583333,48.78777778,173.23,23
20251031,83850,0642_6855,2.21916667,48.78777778,203.89,38
20251031,156763,0652_6855,2.34972222,48.78777778,137.89,26
20251031,173064,0653_6855,2.36111111,48.78777778,120.59,17
20251031,97310,0658_6855,2.43666667,48.78777778,53.24,38
20251031,162262,0629_6855,2.03500000,48.78805556,187.56,17
20251031,173811,0636_6855,2.14111111,48.78805556,180.59,42
20251031,41384,0643_6855,2.23138889,48.78805556,211.55,38
20251031,173106,0652_6855,2.34833333,48.78805556,152.22,26
20251031,135450,0653_6855,2.37222222,48.78805556,132.59,23
20251031,3760,0656_6855,2.40138889,48.78805556,48.36,999999999
20251031,87037,0657_6855,2.42027778,48.78805556,38.20,39
20251031,102137,0664_6855,2.52250000,48.78805556,59.60,12
20251031,20778,0635_6855,2.12472222,48.78833333,218.14,4
20251031,142406,0653_6855,2.36861111,48.78833333,118.98,38
20251031,42425,0653_6855,2.37333333,48.78833333,131.93,38
20251031,49082,0658_6855,2.43388889,48.78833333,65.50,38
20251031,90481,0659_6855,2.44861111,48.78833333,87.81,38
20251031,23409,0624_6855,1.97166667,48.78861111,250.31,23
20251031,168440,0643_6855,2.22888889,48.78861111,216.21,38
20251031,175362,0647_6855,2.28083333,48.78861111,148.22,17
20251031,15930,0649_6855,2.31111111,48.78861111,136.96,38
20251031,172453,0652_6855,2.34861111,48.78861111,154.23,26
20251031,53734,0658_6855,2.44111111,48.78861111,58.60,26
20251031,186964,0660_6855,2.46666667,48.78861111,70.17,38
20251031,162073,0629_6855,2.03500000,48.78888889,185.99,17
20251031,125671,0630_6855,2.05944444,48.78888889,187.81,23
20251031,119037,0643_6855,2.23027778,48.78888889,209.57,38
20251031,86948,0649_6855,2.30916667,48.78888889,132.42,38
20251031,40130,0651_6855,2.33638889,48.78888889,88.57,38
20251031,96662,0652_6855,2.35861111,48.78888889,132.78,17
20251031,130845,0663_6855,2.49638889,48.78888889,62.63,17
20251031,173399,0629_6855,2.04138889,48.78916667,204.07,17
20251031,104076,0630_6855,2.05583333,48.78916667,191.81,17
20251031,17698,0645_6855,2.25166667,48.78916667,206.42,17
20251031,177098,0648_6855,2.29888889,48.78916667,95.84,17
20251031,91742,0656_6855,2.40916667,48.78916667,53.92,23
20251031,52286,0668_6855,2.57527778,48.78916667,134.07,38
20251031,168607,0649_6855,2.31611111,48.78944444,72.38,17
20251031,176881,0642_6855,2.21138889,48.78972222,198.23,38
20251031,168608,0645_6855,2.25277778,48.78972222,179.49,42
20251031,167531,0654_6855,2.38694444,48.78972222,60.68,17
20251031,39949,0645_6855,2.26277778,48.79000000,184.53,38
20251031,182016,0653_6855,2.36805556,48.79000000,125.95,38
20251031,184207,0653_6855,2.37250000,48.79000000,120.80,38
20251031,175184,0658_6855,2.42888889,48.79000000,73.54,38
20251031,130397,0664_6855,2.52250000,48.79000000,54.92,38
20251031,121567,0634_6855,2.10722222,48.79027778,200.53,26
20251031,192798,0636_6855,2.13527778,48.79027778,188.61,26
20251031,164405,0637_6855,2.14722222,48.79027778,163.33,38
20251031,160653,0651_6855,2.34472222,48.79027778,126.70,49
20251031,193257,0653_6855,2.37055556,48.79027778,128.38,38
20251031,162633,0655_6855,2.39222222,48.79027778,67.60,17
20251031,126251,0655_6855,2.39333333,48.79027778,72.07,17
20251031,63244,0656_6855,2.40722222,48.79027778,53.32,23
20251031,167101,0662_6855,2.48694444,48.79027778,56.95,38
20251031,76960,0666_6855,2.54500000,48.79027778,128.28,26
20251031,38511,0666_6855,2.54666667,48.79027778,159.28,4
20251031,132835,0671_6855,2.60916667,48.79027778,117.46,38
20251031,106801,0631_6855,2.06138889,48.79055556,205.87,23
20251031,43762,0645_6855,2.25805556,48.79055556,190.13,38
20251031,95316,0648_6855,2.29222222,48.79055556,125.89,38
20251031,140388,0650_6855,2.33111111,48.79055556,68.77,17
20251031,40128,0652_6855,2.35750000,48.79055556,126.99,38
20251031,39167,0654_6855,2.37944444,48.79055556,97.82,38
20251031,191682,0654_6855,2.38583333,48.79055556,77.99,38
20251031,16475,0658_6855,2.43027778,48.79055556,84.36,38
20251031,113741,0659_6855,2.44805556,48.79055556,86.94,17
20251031,72173,0659_6855,2.45416667,48.79055556,66.51,38
20251031,81090,0668_6855,2.57472222,48.79055556,137.52,38
20251031,158548,0668_6855,2.57750000,48.79055556,122.03,38
20251031,188053,0624_6856,1.96722222,48.79083333,190.68,26
20251031,150187,0645_6855,2.25861111,48.79083333,183.01,38
20251031,36694,0647_6855,2.28861111,48.79083333,142.97,38
20251031,158982,0650_6855,2.32250000,48.79083333,88.13,17
20251031,18779,0674_6855,2.65861111,48.79083333,162.69,4
20251031,89369,0629_6855,2.04333333,48.79111111,198.00,17
20251031,155886,0649_6855,2.31833333,48.79111111,99.14,17
20251031,52728,0660_6855,2.46083333,48.79111111,74.98,38
20251031,183326,0664_6855,2.51444444,48.79111111,58.39,17
20251031,191445,0648_6855,2.30527778,48.79138889,139.58,38
20251031,137665,0661_6855,2.47833333,48.79138889,53.00,38
20251031,49109,0671_6855,2.61777778,48.79138889,131.60,38
20251031,151401,0623_6856,1.96500000,48.79166667,190.80,38
20251031,2676,0637_6855,2.14638889,48.79166667,160.02,38
20251031,130879,0646_6855,2.26722222,48.79166667,185.75,38
20251031,178032,0653_6855,2.36916667,48.79166667,139.48,38
20251031,97691,0655_6855,2.38805556,48.79166667,100.16,38
20251031,187173,0660_6855,2.46444444,48.79166667,69.67,38
20251031,136209,0661_6855,2.47444444,48.79166667,55.17,38
20251031,93250,0661_6855,2.47888889,48.79166667,54.63,38
20251031,109588,0665_6855,2.52527778,48.79166667,57.69,42
20251031,25993,0629_6856,2.04388889,48.79194444,196.87,38
20251031,140298,0649_6855,2.31277778,48.79194444,113.23,38
20251031,186453,0658_6855,2.43694444,48.79194444,55.92,38
20251031,154486,0663_6855,2.49972222,48.79194444,58.58,38
20251031,138217,0668_6855,2.57666667,48.79194444,140.27,17
20251031,78062,0670_6855,2.59388889,48.79194444,132.17,26
20251031,142956,0630_6856,2.05333333,48.79222222,190.91,48
20251031,174435,0647_6855,2.28111111,48.79222222,169.16,38
20251031,169135,0653_6855,2.36250000,48.79222222,123.09,17
20251031,158547,0667_6855,2.55416667,48.79222222,113.40,38
20251031,164782,0667_6855,2.55944444,48.79222222,130.73,23
20251031,57452,0630_6856,2.05583333,48.79250000,212.74,23
20251031,92901,0635_6856,2.11555556,48.79250000,152.52,23
20251031,118573,0624_6856,1.97277778,48.79277778,183.95,17
20251031,168024,0624_6856,1.97583333,48.79277778,176.68,17
20251031,39395,0636_6856,2.13277778,48.79277778,208.86,4
20251031,150911,0647_6855,2.28833333,48.79277778,156.00,38
20251031,160294,0656_6855,2.40222222,48.79277778,62.87,38
20251031,153757,0665_6855,2.53500000,48.79277778,129.70,48
20251031,164610,0670_6855,2.59333333,48.79277778,132.68,48
20251031,136728,0672_6855,2.62777778,48.79277778,134.79,23
20251031,100729,0629_6856,2.03583333,48.79305556,189.40,38
20251031,171328,0648_6856,2.29444444,48.79305556,113.50,38
20251031,89708,0650_6855,2.32027778,48.79305556,94.75,38
20251031,180697,0654_6855,2.38194444,48.79305556,74.35,38
20251031,42429,0662_6855,2.48694444,48.79305556,63.46,20
20251031,175021,0669_6855,2.58944444,48.79305556,130.93,26
20251031,124526,0635_6856,2.11861111,48.79333333,157.94,17
20251031,86701,0650_6856,2.32111111,48.79333333,78.76,17
20251031,187289,0669_6855,2.58527778,48.79333333,124.08,48
20251031,44755,0632_6856,2.07527778,48.79361111,178.33,26
20251031,49384,0632_6856,2.07555556,48.79361111,175.33,26
20251031,85084,0650_6856,2.32055556,48.79361111,96.67,38
20251031,167443,0652_6856,2.34750000,48.79361111,189.60,17
20251031,58558,0652_6856,2.35944444,48.79361111,149.28,38
20251031,167100,0658_6855,2.43166667,48.79361111,70.37,38
20251031,158841,0667_6855,2.55361111,48.79361111,125.40,26
20251031,170633,0675_6855,2.66055556,48.79361111,154.97,38
20251031,166243,0675_6855,2.66111111,48.79361111,157.34,38
20251031,146752,0624_6856,1.97444444,48.79388889,182.15,38
20251031,24410,0652_6856,2.34805556,48.79388889,186.90,17
20251031,127752,0659_6856,2.44638889,48.79388889,56.03,17
20251031,132744,0659_6856,2.45333333,48.79388889,54.94,38
20251031,106884,0662_6855,2.48972222,48.79388889,59.95,38
20251031,101560,0646_6856,2.27138889,48.79416667,183.74,17
20251031,181544,0649_6856,2.31777778,48.79416667,111.44,38
20251031,111431,0655_6856,2.39166667,48.79416667,87.54,38
20251031,147437,0659_6856,2.45277778,48.79416667,56.94,38
20251031,87945,0661_6856,2.47722222,48.79416667,48.76,38
20251031,139972,0661_6856,2.47805556,48.79416667,68.01,48
20251031,87557,0662_6856,2.48555556,48.79416667,50.16,38
20251031,59606,0635_6856,2.12305556,48.79444444,148.64,38
20251031,129476,0636_6856,2.13472222,48.79444444,148.54,17
20251031,126399,0636_6856,2.13805556,48.79444444,141.72,17
20251031,15712,0658_6856,2.43055556,48.79444444,71.31,38
20251031,173197,0629_6856,2.04138889,48.79472222,175.92,32
20251031,79749,0635_6856,2.12611111,48.79472222,155.69,38
20251031,17664,0646_6856,2.27555556,48.79472222,206.41,38
20251031,4785,0646_6856,2.27638889,48.79472222,193.47,38
20251031,66677,0651_6856,2.33638889,48.79472222,69.02,17
20251031,32730,0654_6856,2.38333333,48.79472222,85.84,38
20251031,115064,0654_6856,2.38416667,48.79472222,76.31,17
20251031,4726,0655_6856,2.38750000,48.79472222,95.11,38
20251031,109340,0656_6856,2.41194444,48.79472222,55.95,17
20251031,24244,0664_6856,2.51166667,48.79472222,58.95,38
20251031,143359,0624_6856,1.97333333,48.79500000,181.81,17
20251031,92681,0629_6856,2.03527778,48.79500000,193.56,26
20251031,3255,0629_6856,2.04666667,48.79500000,193.62,26
20251031,94202,0635_6856,2.12111111,48.79500000,153.71,38
20251031,123679,0637_6856,2.14750000,48.79500000,142.88,38
20251031,183159,0638_6856,2.15638889,48.79500000,141.54,38
20251031,173015,0652_6856,2.36000000,48.79500000,133.60,38
20251031,42075,0658_6856,2.42861111,48.79500000,75.64,38
20251031,81798,0658_6856,2.43416667,48.79500000,57.78,38
20251031,91458,0630_6856,2.05750000,48.79527778,192.35,23
20251031,101103,0633_6856,2.09250000,48.79527778,168.91,23
20251031,147179,0633_6856,2.09305556,48.79527778,163.66,26
20251031,122353,0633_6856,2.09944444,48.79527778,166.80,23
20251031,178273,0653_6856,2.36694444,48.79527778,111.03,38
20251031,96162,0665_6856,2.52611111,48.79527778,61.77,23
20251031,193850,0665_6856,2.53361111,48.79527778,118.88,38
20251031,57449,0673_6856,2.64277778,48.79527778,125.78,38
20251031,181795,0647_6856,2.28833333,48.79555556,150.72,38
20251031,4768,0650_6856,2.32111111,48.79555556,119.50,38
20251031,134503,0650_6856,2.32888889,48.79555556,83.85,38
20251031,188607,0663_6856,2.49916667,48.79555556,57.20,38
20251031,56000,0664_6856,2.51388889,48.79555556,58.72,26
20251031,128173,0674_6856,2.65027778,48.79555556,128.61,23
20251031,64464,0674_6856,2.65055556,48.79555556,139.04,23
20251031,54644,0639_6856,2.17638889,48.79583333,184.21,23
20251031,87282,0646_6856,2.27666667,48.79583333,189.07,23
20251031,94426,0648_6856,2.29444444,48.79583333,113.61,42
20251031,79023,0650_6856,2.32500000,48.79583333,93.51,38
20251031,156356,0655_6856,2.39861111,48.79583333,57.08,17
20251031,174152,0657_6856,2.42277778,48.79583333,66.93,38
20251031,139656,0670_6856,2.60472222,48.79583333,122.74,38
20251031,99078,0673_6856,2.64277778,48.79583333,121.95,17
20251031,189498,0634_6856,2.10277778,48.79611111,168.34,23
20251031,79679,0637_6856,2.14361111,48.79611111,141.05,38
20251031,97599,0637_6856,2.14500000,48.79611111,143.14,17
20251031,117741,0658_6856,2.42833333,48.79611111,56.49,38
20251031,3507,0659_6856,2.45166667,48.79611111,53.48,17
20251031,130621,0660_6856,2.46555556,48.79611111,69.86,17
20251031,158315,0667_6856,2.55416667,48.79611111,130.14,26
20251031,95247,0636_6856,2.14000000,48.79638889,140.40,38
20251031,177179,0652_6856,2.35583333,48.79638889,135.76,17
20251031,51832,0656_6856,2.41444444,48.79638889,55.91,48
20251031,184404,0633_6856,2.09972222,48.79666667,167.10,23
20251031,19462,0633_6856,2.10027778,48.79666667,165.38,23
20251031,86545,0654_6856,2.38222222,48.79666667,94.13,17
20251031,189026,0661_6856,2.48222222,48.79666667,57.88,38
20251031,65612,0665_6856,2.53194444,48.79666667,120.29,38
20251031,183134,0674_6856,2.65138889,48.79666667,130.91,38
20251031,163172,0674_6856,2.65222222,48.79666667,130.98,17
20251031,188846,0623_6856,1.96250000,48.79694444,202.03,23
20251031,157244,0631_6856,2.06472222,48.79694444,179.41,38
20251031,20306,0636_6856,2.13638889,48.79694444,161.97,38
20251031,45053,0647_6856,2.28194444,48.79694444,180.83,38
20251031,46400,0649_6856,2.30750000,48.79694444,139.07,38
20251031,93596,0652_6856,2.35027778,48.79694444,137.38,38
20251031,143785,0656_6856,2.41388889,48.79694444,59.99,26
20251031,151168,0662_6856,2.48611111,48.79694444,63.92,38
20251031,134106,0666_6856,2.53833333,48.79694444,128.90,26
20251031,127676,0666_6856,2.54416667,48.79694444,125.30,23
20251031,112625,0673_6856,2.64277778,48.79694444,129.66,17
20251031,164783,0674_6856,2.65222222,48.79694444,123.78,38
20251031,36312,0627_6856,2.01083333,48.79722222,200.89,26
20251031,172538,0647_6856,2.28277778,48.79722222,176.63,17
20251031,189133,0660_6856,2.46222222,48.79722222,66.93,17
20251031,124631,0621_6856,1.92833333,48.79750000,174.60,17
20251031,79736,0622_6856,1.95111111,48.79750000,194.53,26
20251031,133885,0627_6856,2.01166667,48.79750000,201.94,26
20251031,34801,0631_6856,2.06750000,48.79750000,184.51,38
20251031,84199,0635_6856,2.12333333,48.79750000,144.18,38
20251031,149043,0636_6856,2.13000000,48.79750000,149.95,38
20251031,172537,0647_6856,2.28222222,48.79750000,136.40,17
20251031,98314,0652_6856,2.34777778,48.79750000,121.74,38
20251031,132375,0659_6856,2.44555556,48.79750000,68.24,17
20251031,186963,0659_6856,2.45055556,48.79750000,76.26,38
20251031,112235,0666_6856,2.54111111,48.79750000,120.36,26
20251031,89705,0672_6856,2.62777778,48.79750000,147.97,26
20251031,102525,0624_6856,1.97111111,48.79777778,183.43,12
20251031,140725,0635_6856,2.12833333,48.79777778,149.53,38
20251031,151880,0636_6856,2.13416667,48.79777778,162.98,38
20251031,81198,0647_6856,2.28333333,48.79777778,152.50,38
20251031,7015,0651_6856,2.34388889,48.79777778,108.78,49
20251031,68474,0658_6856,2.44055556,48.79777778,82.87,38
20251031,65402,0662_6856,2.49111111,48.79777778,61.72,38
20251031,155392,0663_6856,2.50277778,48.79777778,45.21,49
20251031,101486,0685_6856,2.79888889,48.79777778,149.80,23
20251031,6931,0624_6856,1.97111111,48.79805556,187.09,38
20251031,37575,0631_6856,2.06611111,48.79805556,169.91,38
20251031,93437,0635_6856,2.12500000,48.79805556,147.30,38
20251031,18286,0648_6856,2.29527778,48.79805556,136.39,38
20251031,54471,0653_6856,2.36888889,48.79805556,125.20,38
20251031,81646,0655_6856,2.40083333,48.79805556,58.42,38
20251031,138344,0660_6856,2.45972222,48.79805556,58.79,38
20251031,39169,0662_6856,2.48888889,48.79805556,67.60,17
20251031,77899,0672_6856,2.62888889,48.79805556,143.18,26
20251031,9141,0678_6856,2.70583333,48.79805556,157.95,4
20251031,137376,0624_6856,1.97027778,48.79833333,199.07,17
20251031,37560,0640_6856,2.18611111,48.79833333,131.18,23
20251031,162875,0646_6856,2.26666667,48.79833333,156.55,38
20251031,191940,0648_6856,2.29916667,48.79833333,115.69,17
20251031,127834,0650_6856,2.32333333,48.79833333,113.13,17
20251031,133182,0650_6856,2.32833333,48.79833333,83.93,38
20251031,49879,0651_6856,2.34444444,48.79833333,112.64,38
20251031,76956,0652_6856,2.35833333,48.79833333,142.69,38
20251031,111633,0659_6856,2.45305556,48.79833333,67.64,38
20251031,155436,0672_6856,2.62805556,48.79833333,139.71,26
20251031,53303,0685_6856,2.79833333,48.79833333,157.01,23
20251031,173812,0621_6856,1.93027778,48.79861111,173.15,42
20251031,122354,0631_6856,2.07194444,48.79861111,161.54,23
20251031,125137,0644_6856,2.23888889,48.79861111,141.66,26
20251031,142775,0648_6856,2.29916667,48.79861111,114.44,17
20251031,163548,0650_6856,2.33166667,48.79861111,67.55,38
20251031,172281,0659_6856,2.44861111,48.79861111,91.36,38
20251031,147178,0631_6856,2.07388889,48.79888889,177.83,42
20251031,127703,0635_6856,2.12722222,48.79888889,142.86,17
20251031,71105,0649_6856,2.31500000,48.79888889,122.22,38
20251031,17606,0671_6856,2.60861111,48.79888889,135.29,38
20251031,146014,0671_6856,2.61111111,48.79888889,137.80,38
20251031,189234,0685_6856,2.79833333,48.79888889,156.63,23
20251031,140712,0623_6856,1.96361111,48.79916667,199.82,26
20251031,162310,0625_6856,1.97916667,48.79916667,191.30,26
20251031,82318,0629_6856,2.03833333,48.79916667,175.37,17
20251031,79484,0631_6856,2.07194444,48.79916667,174.14,38
20251031,90131,0638_6856,2.16388889,48.79916667,126.80,17
20251031,98184,0641_6856,2.19750000,48.79916667,120.75,12
20251031,6193,0625_6856,1.99055556,48.79944444,192.81,26
20251031,181134,0629_6856,2.04333333,48.79944444,207.74,23
20251031,89887,0635_6856,2.12444444,48.79944444,140.88,38
20251031,27479,0637_6856,2.15111111,48.79944444,155.84,38
20251031,86700,0650_6856,2.32833333,48.79944444,72.07,17
20251031,160803,0658_6856,2.43944444,48.79944444,58.47,38
20251031,72167,0660_6856,2.45694444,48.79944444,78.61,17
20251031,106167,0662_6856,2.48555556,48.79944444,59.71,38
20251031,87151,0665_6856,2.52500000,48.79944444,50.91,17
20251031,53725,0671_6856,2.61000000,48.79944444,137.67,38
20251031,100538,0622_6857,1.94722222,48.79972222,182.76,17
20251031,188686,0636_6856,2.14194444,48.79972222,151.02,38
20251031,131591,0638_6856,2.16083333,48.79972222,135.95,38
20251031,121198,0640_6856,2.18750000,48.79972222,119.12,38
20251031,133797,0642_6856,2.21583333,48.79972222,181.80,26
20251031,125816,0646_6856,2.27777778,48.79972222,143.43,38
20251031,172047,0652_6856,2.35861111,48.79972222,142.55,26
20251031,180226,0663_6856,2.49777778,48.79972222,62.99,38
20251031,138934,0663_6856,2.50777778,48.79972222,55.50,17
20251031,37999,0619_6857,1.90944444,48.80000000,160.53,4
20251031,48994,0623_6857,1.96388889,48.80000000,191.19,26
20251031,146397,0635_6856,2.12861111,48.80000000,141.63,17
20251031,171807,0636_6856,2.13444444,48.80000000,153.06,17
20251031,64392,0638_6856,2.16500000,48.80000000,130.23,38
20251031,64523,0642_6856,2.21555556,48.80000000,176.15,49
20251031,37312,0642_6856,2.21583333,48.80000000,181.75,26
20251031,132163,0648_6856,2.29444444,48.80000000,124.76,17
20251031,160565,0648_6856,2.29472222,48.80000000,116.46,17
20251031,90973,0649_6856,2.31833333,48.80000000,117.10,38
20251031,186654,0653_6856,2.36027778,48.80000000,123.68,38
20251031,90738,0663_6856,2.50555556,48.80000000,68.77,26
20251031,102866,0623_6857,1.95194444,48.80027778,192.17,26
20251031,174657,0628_6857,2.02055556,48.80027778,186.12,38
20251031,147226,0647_6856,2.29166667,48.80027778,130.31,38
20251031,146090,0650_6856,2.32694444,48.80027778,96.55,17
20251031,79290,0657_6856,2.42638889,48.80027778,63.65,38
20251031,49374,0673_6856,2.63416667,48.80027778,125.72,38
20251031,53162,0640_6856,2.18666667,48.80055556,123.71,38
20251031,49883,0667_6856,2.55361111,48.80055556,134.28,38
20251031,99012,0667_6856,2.56000000,48.80055556,127.85,26
20251031,96193,0639_6856,2.18027778,48.80083333,126.21,17
20251031,133292,0646_6856,2.27833333,48.80083333,135.43,38
20251031,92498,0650_6856,2.32138889,48.80083333,126.90,38
20251031,182305,0654_6856,2.38527778,48.80083333,85.60,38
20251031,187954,0628_6857,2.02277778,48.80111111,179.05,38
20251031,49382,0635_6857,2.12388889,48.80111111,146.91,38
20251031,51069,0637_6857,2.15305556,48.80111111,148.29,38
20251031,52284,0651_6856,2.33750000,48.80111111,95.95,38
20251031,165139,0662_6856,2.49555556,48.80111111,64.18,38
20251031,127609,0636_6857,2.13944444,48.80138889,169.06,17
20251031,140162,0653_6856,2.36555556,48.80138889,124.90,38
20251031,27453,0653_6856,2.37138889,48.80138889,121.64,38
20251031,2559,0654_6856,2.38027778,48.80138889,91.75,38
20251031,126890,0655_6856,2.40083333,48.80138889,56.61,17
20251031,34481,0622_6857,1.94944444,48.80166667,192.26,26
20251031,125327,0625_6857,1.98388889,48.80166667,174.97,17
20251031,191949,0627_6857,2.00722222,48.80166667,191.20,26
20251031,4993,0635_6857,2.12861111,48.80166667,148.49,38
20251031,132623,0645_6856,2.26166667,48.80166667,130.68,38
20251031,170477,0652_6856,2.35611111,48.80166667,133.83,38
20251031,160802,0666_6856,2.54666667,48.80166667,123.05,17
20251031,149276,0628_6857,2.02527778,48.80194444,183.54,17
20251031,132991,0631_6857,2.07194444,48.80194444,152.39,38
20251031,119276,0631_6857,2.07250000,48.80194444,151.43,38
20251031,184027,0637_6857,2.14750000,48.80194444,146.04,38
20251031,121344,0644_6857,2.24000000,48.80194444,126.10,38
20251031,55062,0656_6856,2.40277778,48.80194444,61.97,38
20251031,76964,0657_6856,2.41611111,48.80194444,72.16,38
20251031,123576,0657_6856,2.42694444,48.80194444,55.70,23
20251031,164694,0666_6856,2.54833333,48.80194444,120.21,38
20251031,151982,0625_6857,1.98055556,48.80222222,181.92,26
20251031,101229,0625_6857,1.98083333,48.80222222,180.92,26
20251031,68386,0647_6857,2.28861111,48.80222222,137.93,38
20251031,180944,0651_6856,2.34305556,48.80222222,101.14,17
20251031,99851,0658_6856,2.44111111,48.80222222,85.58,38
20251031,24400,0661_6856,2.47000000,48.80222222,84.69,38
20251031,106291,0624_6857,1.97277778,48.80250000,188.78,26
20251031,9761,0641_6857,2.20444444,48.80250000,280.65,33
20251031,38570,0643_6857,2.23638889,48.80250000,124.73,17
20251031,43825,0645_6857,2.26333333,48.80250000,135.23,38
20251031,73400,0654_6857,2.38305556,48.80250000,104.12,38
20251031,47579,0662_6856,2.49111111,48.80250000,59.96,38
20251031,51960,0669_6856,2.57805556,48.80250000,140.05,26
20251031,97164,0635_6857,2.11944444,48.80277778,147.58,19
20251031,187579,0635_6857,2.12333333,48.80277778,149.38,19
20251031,155999,0636_6857,2.13194444,48.80277778,142.71,38
20251031,190890,0649_6857,2.31194444,48.80277778,117.55,38
20251031,94899,0652_6857,2.35444444,48.80277778,145.52,38
20251031,158258,0669_6856,2.58805556,48.80277778,124.75,38
20251031,184067,0630_6857,2.05250000,48.80305556,159.54,38
20251031,185271,0636_6857,2.13416667,48.80305556,163.11,38
20251031,136146,0645_6857,2.26416667,48.80305556,137.04,17
20251031,100351,0648_6857,2.29916667,48.80305556,117.64,23
20251031,114309,0654_6857,2.38250000,48.80305556,92.28,38
20251031,178262,0660_6857,2.45555556,48.80305556,66.69,17
20251031,187045,0662_6857,2.48916667,48.80305556,64.61,38
20251031,90122,0670_6856,2.60250000,48.80305556,149.23,4
20251031,37504,0638_6857,2.16583333,48.80333333,134.36,38
20251031,190513,0653_6857,2.36416667,48.80333333,100.75,17
20251031,78167,0658_6857,2.44000000,48.80333333,98.49,38
20251031,39950,0649_6857,2.31305556,48.80361111,131.81,38
20251031,46463,0658_6857,2.43277778,48.80361111,65.42,38
20251031,172162,0618_6857,1.89277778,48.80388889,117.33,26
20251031,55249,0630_6857,2.05111111,48.80388889,160.36,17
20251031,49380,0636_6857,2.14166667,48.80388889,174.28,17
20251031,40113,0648_6857,2.29833333,48.80388889,113.82,4
20251031,161602,0650_6857,2.32111111,48.80388889,111.77,38
20251031,124762,0650_6857,2.32611111,48.80388889,106.60,38
20251031,37470,0653_6857,2.36361111,48.80388889,105.54,17
20251031,87974,0654_6857,2.37777778,48.80388889,101.36,17
20251031,141119,0659_6857,2.44361111,48.80388889,79.74,38
20251031,163659,0618_6857,1.89305556,48.80416667,105.01,17
20251031,138952,0638_6857,2.16250000,48.80416667,126.49,38
20251031,69887,0639_6857,2.17138889,48.80416667,127.45,17
20251031,161501,0646_6857,2.26500000,48.80416667,122.47,38
20251031,145637,0650_6857,2.32444444,48.80416667,118.95,17
20251031,40126,0651_6857,2.34638889,48.80416667,121.94,38
20251031,52313,0652_6857,2.34833333,48.80416667,129.25,38
20251031,185221,0656_6857,2.40500000,48.80416667,54.60,17
20251031,41807,0658_6857,2.44111111,48.80416667,96.43,38
20251031,167488,0667_6857,2.56138889,48.80416667,131.20,26
20251031,79289,0652_6857,2.35805556,48.80444444,121.20,38
20251031,172077,0629_6857,2.03722222,48.80472222,207.21,23
20251031,132814,0636_6857,2.13194444,48.80472222,157.79,38
20251031,186383,0647_6857,2.28833333,48.80472222,117.06,38
20251031,94900,0653_6857,2.36416667,48.80472222,96.52,38
20251031,65258,0655_6857,2.39388889,48.80472222,75.48,38
20251031,51714,0656_6857,2.41194444,48.80472222,74.96,38
20251031,63028,0659_6857,2.45333333,48.80472222,77.31,38
20251031,161770,0662_6857,2.48472222,48.80472222,61.15,38
20251031,14626,0665_6857,2.53305556,48.80472222,233.43,33
20251031,140948,0637_6857,2.14416667,48.80500000,148.68,17
20251031,176033,0643_6857,2.23583333,48.80500000,133.79,38
20251031,166355,0647_6857,2.28666667,48.80500000,99.18,17
20251031,56552,0657_6857,2.42138889,48.80500000,60.59,38
20251031,2560,0657_6857,2.42583333,48.80500000,65.60,38
20251031,86709,0662_6857,2.48583333,48.80500000,46.18,17
20251031,173557,0665_6857,2.52361111,48.80500000,49.77,38
20251031,188760,0631_6857,2.06194444,48.80527778,155.70,48
20251031,5675,0637_6857,2.14222222,48.80527778,154.49,38
20251031,106657,0638_6857,2.15666667,48.80527778,145.09,12
20251031,89985,0652_6857,2.35777778,48.80527778,136.06,38
20251031,152450,0652_6857,2.35805556,48.80527778,135.35,38
20251031,158334,0623_6857,1.96138889,48.80555556,175.62,26
20251031,101435,0638_6857,2.16333333,48.80555556,129.49,26
20251031,126096,0638_6857,2.16861111,48.80555556,121.02,23
20251031,168399,0640_6857,2.18944444,48.80555556,121.37,17
20251031,158719,0640_6857,2.19027778,48.80555556,133.83,23
20251031,179312,0653_6857,2.36861111,48.80555556,76.78,17
20251031,81778,0657_6857,2.42444444,48.80555556,79.02,38
20251031,67597,0623_6857,1.96194444,48.80583333,174.56,17
20251031,179427,0636_6857,2.12944444,48.80583333,162.93,17
20251031,51319,0636_6857,2.13277778,48.80583333,146.37,38
20251031,106654,0639_6857,2.17805556,48.80583333,124.11,12
20251031,157815,0640_6857,2.18388889,48.80583333,125.19,38
20251031,175351,0654_6857,2.37972222,48.80583333,121.00,17
20251031,161055,0658_6857,2.43833333,48.80583333,53.95,38
20251031,9255,0661_6857,2.48111111,48.80583333,66.39,17
20251031,172449,0637_6857,2.15361111,48.80611111,155.90,38
20251031,86710,0661_6857,2.47277778,48.80611111,50.49,23
20251031,168475,0666_6857,2.54583333,48.80611111,158.06,38
20251031,60304,0666_6857,2.54611111,48.80611111,162.57,38
20251031,115849,0628_6857,2.03055556,48.80638889,183.04,17
20251031,115848,0628_6857,2.03111111,48.80638889,181.08,17
20251031,115476,0645_6857,2.25138889,48.80638889,141.90,38
20251031,190940,0651_6857,2.33388889,48.80638889,87.78,38
20251031,38526,0653_6857,2.37194444,48.80638889,92.39,38
20251031,163997,0656_6857,2.40444444,48.80638889,62.26,26
20251031,155393,0661_6857,2.47111111,48.80638889,46.54,49
20251031,179431,0661_6857,2.47722222,48.80638889,63.83,38
20251031,135440,0663_6857,2.50861111,48.80638889,71.16,38
20251031,174210,0664_6857,2.51083333,48.80638889,64.54,17
20251031,126097,0637_6857,2.15111111,48.80666667,136.36,23
20251031,102790,0644_6857,2.24027778,48.80666667,86.43,12
20251031,188521,0654_6857,2.37583333,48.80666667,91.13,38
20251031,24243,0662_6857,2.49388889,48.80666667,85.57,42
20251031,37433,0672_6857,2.61888889,48.80666667,139.41,26
20251031,112295,0637_6857,2.14722222,48.80694444,152.75,38
20251031,141665,0652_6857,2.34694444,48.80694444,120.91,17
20251031,12248,0652_6857,2.35916667,48.80694444,133.06,38
20251031,147954,0659_6857,2.44555556,48.80694444,58.06,38
20251031,2561,0662_6857,2.49555556,48.80694444,86.54,26
20251031,93290,0629_6857,2.04083333,48.80722222,166.59,17
20251031,44749,0637_6857,2.15555556,48.80722222,148.17,38
20251031,39951,0640_6857,2.18638889,48.80722222,119.25,17
20251031,46461,0648_6857,2.29583333,48.80722222,140.16,38
20251031,79298,0652_6857,2.35472222,48.80722222,124.89,38
20251031,159170,0618_6857,1.88416667,48.80750000,100.19,26
20251031,134143,0644_6857,2.24138889,48.80750000,101.08,38
20251031,52262,0644_6857,2.24194444,48.80750000,105.57,38
20251031,152461,0646_6857,2.27694444,48.80750000,112.21,38
20251031,12063,0648_6857,2.29555556,48.80750000,151.80,38
20251031,106815,0652_6857,2.35250000,48.80750000,150.74,38
20251031,95766,0653_6857,2.36333333,48.80750000,101.81,38
20251031,86705,0654_6857,2.38027778,48.80750000,74.14,17
20251031,171132,0659_6857,2.44222222,48.80750000,68.05,20
20251031,90750,0666_6857,2.55055556,48.80750000,159.00,38
20251031,86707,0651_6857,2.33305556,48.80777778,76.48,17
20251031,116645,0652_6857,2.35277778,48.80777778,118.24,38
20251031,42424,0653_6857,2.36250000,48.80777778,104.81,38
20251031,54874,0657_6857,2.42277778,48.80777778,67.81,38
20251031,89422,0657_6857,2.42388889,48.80777778,61.15,23
20251031,86703,0664_6857,2.51027778,48.80777778,47.92,17
20251031,29868,0665_6857,2.53000000,48.80777778,112.40,17
20251031,85484,0629_6857,2.03583333,48.80805556,171.27,48
20251031,147842,0629_6857,2.03888889,48.80805556,195.93,26
20251031,29746,0629_6857,2.04611111,48.80805556,152.23,17
20251031,78056,0635_6857,2.12500000,48.80805556,151.63,38
20251031,56117,0637_6857,2.15138889,48.80805556,162.73,38
20251031,165303,0650_6857,2.33166667,48.80805556,111.08,38
20251031,125057,0653_6857,2.37138889,48.80805556,81.55,38
20251031,40133,0657_6857,2.42166667,48.80805556,59.19,38
20251031,186962,0640_6857,2.18750000,48.80833333,108.70,17
20251031,84213,0640_6857,2.19194444,48.80833333,121.80,38
20251031,81142,0642_6857,2.21194444,48.80833333,176.01,49
20251031,45739,0646_6857,2.26777778,48.80833333,124.80,20
20251031,88050,0651_6857,2.34000000,48.80833333,64.45,49
20251031,145485,0651_6857,2.34500000,48.80833333,96.01,17
20251031,90474,0635_6857,2.12472222,48.80861111,143.58,38
20251031,132507,0644_6857,2.24750000,48.80861111,134.83,38
20251031,164298,0646_6857,2.27138889,48.80861111,107.74,38
20251031,31917,0647_6857,2.28666667,48.80861111,127.86,38
20251031,186729,0648_6857,2.30027778,48.80861111,118.32,23
20251031,122469,0653_6857,2.36222222,48.80861111,105.76,38
20251031,175108,0656_6857,2.40250000,48.80861111,60.46,17
20251031,124765,0661_6857,2.48138889,48.80861111,73.28,38
20251031,43822,0663_6857,2.49750000,48.80861111,99.34,4
20251031,83226,0637_6857,2.15166667,48.80888889,171.25,38
20251031,59040,0644_6857,2.24666667,48.80888889,132.45,38
20251031,137096,0648_6857,2.29500000,48.80888889,133.86,38
20251031,47305,0655_6857,2.39638889,48.80888889,59.07,23
20251031,96055,0664_6857,2.52305556,48.80888889,77.66,12
20251031,118750,0666_6857,2.54166667,48.80888889,120.83,38
20251031,24291,0668_6857,2.57305556,48.80888889,122.31,17
20251031,115970,0653_6857,2.36277778,48.80916667,71.84,49
20251031,42427,0659_6857,2.44333333,48.80916667,69.98,38
20251031,166690,0666_6857,2.53833333,48.80916667,140.37,17
20251031,190265,0634_6857,2.11000000,48.80944444,135.17,26
20251031,88264,0640_6857,2.18833333,48.80944444,107.16,17
20251031,135710,0642_6857,2.21472222,48.80944444,194.45,26
20251031,59144,0649_6857,2.31833333,48.80944444,121.74,38
20251031,93513,0655_6857,2.38972222,48.80944444,77.29,38
20251031,52283,0660_6857,2.45805556,48.80944444,68.27,38
20251031,95395,0636_6857,2.13361111,48.80972222,141.52,17
20251031,96334,0636_6857,2.13500000,48.80972222,131.73,17
20251031,113089,0641_6857,2.20777778,48.80972222,202.89,26
20251031,61009,0644_6857,2.23750000,48.80972222,122.98,38
20251031,79010,0647_6857,2.28138889,48.80972222,112.19,38
20251031,120252,0649_6857,2.30638889,48.80972222,115.93,17
20251031,185681,0652_6857,2.34861111,48.80972222,88.53,38
20251031,115887,0653_6857,2.36138889,48.80972222,69.90,49
20251031,74938,0654_6857,2.37888889,48.80972222,87.41,38
20251031,39168,0659_6857,2.44250000,48.80972222,64.15,17
20251031,173013,0636_6858,2.14194444,48.81000000,143.86,38
20251031,99251,0640_6857,2.18833333,48.81000000,117.75,17
20251031,67147,0646_6857,2.27583333,48.81000000,109.66,38
20251031,173547,0650_6857,2.32805556,48.81000000,104.84,38
20251031,49877,0666_6857,2.54138889,48.81000000,135.14,38
20251031,54321,0669_6857,2.57916667,48.81000000,137.85,38
20251031,128484,0630_6858,2.05416667,48.81027778,167.11,26
20251031,81527,0640_6857,2.19333333,48.81027778,141.36,38
20251031,144079,0648_6857,2.29472222,48.81027778,122.70,38
20251031,86963,0649_6857,2.31416667,48.81027778,126.21,17
20251031,186039,0654_6857,2.37916667,48.81027778,87.69,17
20251031,10037,0656_6857,2.41416667,48.81027778,54.87,38
20251031,179946,0657_6857,2.41583333,48.81027778,49.97,38
20251031,173819,0659_6857,2.44944444,48.81027778,47.09,42
20251031,122807,0662_6857,2.48388889,48.81027778,81.79,48
20251031,91741,0655_6857,2.39750000,48.81055556,52.32,23
20251031,116095,0664_6857,2.52083333,48.81055556,89.69,48
20251031,172452,0667_6857,2.56305556,48.81055556,119.60,38
20251031,151325,0667_6857,2.56361111,48.81055556,117.50,38
20251031,4995,0671_6857,2.60555556,48.81055556,127.60,23
20251031,82627,0629_6858,2.04555556,48.81083333,145.10,17
20251031,42430,0651_6857,2.33277778,48.81083333,101.95,38
20251031,144546,0651_6857,2.34527778,48.81083333,62.01,17
20251031,110684,0652_6857,2.35250000,48.81083333,113.51,17
20251031,118468,0661_6857,2.47361111,48.81083333,71.71,17
20251031,173333,0637_6858,2.14555556,48.81111111,149.25,38
20251031,32565,0640_6858,2.19000000,48.81111111,125.16,38
20251031,99322,0653_6857,2.36305556,48.81111111,97.45,17
20251031,129966,0659_6857,2.45444444,48.81111111,49.78,38
20251031,88049,0664_6857,2.51972222,48.81111111,86.46,17
20251031,52511,0636_6858,2.13527778,48.81138889,151.92,38
20251031,171372,0650_6858,2.33111111,48.81138889,102.65,17
20251031,19164,0654_6857,2.38194444,48.81138889,95.20,38
20251031,82909,0656_6857,2.41388889,48.81138889,57.65,17
20251031,46471,0665_6857,2.53583333,48.81138889,127.76,38
20251031,71376,0642_6858,2.21305556,48.81166667,170.81,32
20251031,61995,0643_6858,2.22861111,48.81166667,185.16,19
20251031,45827,0653_6858,2.36277778,48.81166667,100.92,17
20251031,176161,0667_6857,2.55250000,48.81166667,124.50,38
20251031,63855,0645_6858,2.25777778,48.81194444,116.08,38
20251031,133859,0649_6858,2.31194444,48.81194444,100.26,38
20251031,178891,0650_6858,2.32666667,48.81194444,108.97,17
20251031,193438,0659_6858,2.45416667,48.81194444,52.03,17
20251031,55656,0664_6857,2.51888889,48.81194444,82.01,17
20251031,136059,0665_6857,2.53000000,48.81194444,121.38,17
20251031,87221,0666_6857,2.54111111,48.81194444,114.65,38
20251031,160300,0637_6858,2.15527778,48.81222222,188.70,38
20251031,96608,0640_6858,2.18777778,48.81222222,132.59,12
20251031,188749,0648_6858,2.30527778,48.81222222,112.06,38
20251031,170951,0650_6858,2.32833333,48.81222222,112.27,38
20251031,52101,0651_6858,2.33861111,48.81222222,115.55,38
20251031,114615,0654_6858,2.38222222,48.81222222,75.65,38
20251031,172864,0658_6858,2.43055556,48.81222222,53.52,38
20251031,179673,0663_6858,2.49833333,48.81222222,54.69,38
20251031,31024,0646_6858,2.27333333,48.81250000,112.22,38
20251031,39720,0649_6858,2.31055556,48.81250000,118.57,38
20251031,115886,0653_6858,2.36138889,48.81250000,67.91,49
20251031,55409,0655_6858,2.39638889,48.81250000,49.97,38
20251031,76963,0657_6858,2.41833333,48.81250000,60.81,38
20251031,155118,0661_6858,2.48138889,48.81250000,56.16,38
20251031,183564,0663_6858,2.49888889,48.81250000,54.37,38
20251031,79474,0630_6858,2.05861111,48.81277778,128.99,32
20251031,159409,0636_6858,2.13166667,48.81277778,147.22,38
20251031,126095,0640_6858,2.18861111,48.81277778,131.22,23
20251031,6819,0645_6858,2.25111111,48.81277778,100.86,17
20251031,31614,0650_6858,2.32805556,48.81277778,109.27,38
20251031,192745,0653_6858,2.37083333,48.81277778,104.84,38
20251031,82144,0635_6858,2.12472222,48.81305556,141.51,38
20251031,102617,0645_6858,2.25361111,48.81305556,111.93,38
20251031,179461,0653_6858,2.36166667,48.81305556,87.72,38
20251031,51829,0658_6858,2.43166667,48.81305556,60.32,38
20251031,138313,0660_6858,2.46833333,48.81305556,69.50,17
20251031,118013,0664_6858,2.51250000,48.81305556,61.09,38
20251031,63861,0664_6858,2.51805556,48.81305556,98.07,38
20251031,4469,0667_6858,2.55861111,48.81305556,116.24,17
20251031,77469,0641_6858,2.19750000,48.81333333,130.88,26
20251031,102608,0646_6858,2.26694444,48.81333333,92.27,12
20251031,100910,0646_6858,2.27250000,48.81333333,97.83,38
20251031,109864,0648_6858,2.30055556,48.81333333,97.08,17
20251031,87497,0653_6858,2.36083333,48.81333333,94.43,17
20251031,89528,0655_6858,2.39000000,48.81333333,57.51,17
20251031,79671,0663_6858,2.50944444,48.81333333,62.00,38
20251031,122811,0617_6858,1.87527778,48.81361111,95.96,23
20251031,49154,0619_6858,1.89944444,48.81361111,193.01,20
20251031,109989,0644_6858,2.24722222,48.81361111,87.32,32
20251031,192519,0647_6858,2.28083333,48.81361111,99.58,17
20251031,118743,0648_6858,2.29666667,48.81361111,99.66,38
20251031,155916,0653_6858,2.36000000,48.81361111,86.86,17
20251031,53793,0653_6858,2.36083333,48.81361111,92.93,38
20251031,56194,0658_6858,2.44083333,48.81361111,58.35,38
20251031,165304,0660_6858,2.46444444,48.81361111,86.16,38
20251031,148318,0667_6858,2.55833333,48.81361111,115.57,38
20251031,180632,0632_6858,2.07750000,48.81388889,151.42,26
20251031,155675,0634_6858,2.10444444,48.81388889,130.38,17
20251031,77929,0649_6858,2.31750000,48.81388889,104.76,38
20251031,45326,0652_6858,2.35277778,48.81388889,79.59,38
20251031,87347,0652_6858,2.35361111,48.81388889,74.80,38
20251031,9906,0659_6858,2.45194444,48.81388889,51.95,38
20251031,180331,0665_6858,2.52777778,48.81388889,117.18,17
20251031,22726,0636_6858,2.14111111,48.81416667,148.54,20
20251031,146862,0640_6858,2.19333333,48.81416667,114.30,38
20251031,57873,0640_6858,2.19416667,48.81416667,121.12,38
20251031,52269,0642_6858,2.21194444,48.81416667,181.05,38
20251031,122224,0646_6858,2.27277778,48.81416667,91.47,23
20251031,189834,0648_6858,2.29305556,48.81416667,111.93,38
20251031,49860,0648_6858,2.30027778,48.81416667,99.56,38
20251031,138540,0649_6858,2.31000000,48.81416667,106.99,38
20251031,52281,0651_6858,2.33861111,48.81416667,95.44,38
20251031,49884,0651_6858,2.34111111,48.81416667,91.69,38
20251031,190207,0653_6858,2.36138889,48.81416667,89.24,17
20251031,113007,0655_6858,2.39194444,48.81416667,48.89,17
20251031,32429,0655_6858,2.39250000,48.81416667,55.45,17
20251031,95793,0665_6858,2.53277778,48.81416667,149.68,23
20251031,161185,0667_6858,2.55777778,48.81416667,115.68,38
20251031,46060,0637_6858,2.15027778,48.81444444,204.07,38
20251031,134349,0646_6858,2.26472222,48.81444444,111.94,17
20251031,92830,0652_6858,2.35944444,48.81444444,89.92,38
20251031,98374,0655_6858,2.39638889,48.81444444,55.51,38
20251031,160298,0656_6858,2.40777778,48.81444444,54.45,17
20251031,68370,0663_6858,2.50694444,48.81444444,71.42,38
20251031,92396,0647_6858,2.28638889,48.81472222,112.15,38
20251031,165274,0649_6858,2.31305556,48.81472222,106.32,17
20251031,133920,0651_6858,2.34444444,48.81472222,83.69,38
20251031,124926,0652_6858,2.34777778,48.81472222,73.68,38
20251031,4468,0653_6858,2.36416667,48.81472222,85.40,17
20251031,193170,0657_6858,2.42333333,48.81472222,67.38,38
20251031,176357,0663_6858,2.50666667,48.81472222,67.64,38
20251031,124169,0668_6858,2.56888889,48.81472222,122.03,38
20251031,20589,0643_6858,2.23444444,48.81500000,135.32,38
20251031,122225,0644_6858,2.24027778,48.81500000,114.50,23
20251031,94010,0644_6858,2.24083333,48.81500000,105.18,17
20251031,104801,0647_6858,2.28111111,48.81500000,83.58,12
20251031,43043,0649_6858,2.31027778,48.81500000,118.49,38
20251031,184272,0652_6858,2.35000000,48.81500000,67.69,17
20251031,69459,0656_6858,2.40277778,48.81500000,44.60,17
20251031,75531,0657_6858,2.42361111,48.81500000,65.98,38
20251031,84634,0646_6858,2.26888889,48.81527778,129.71,17
20251031,179350,0648_6858,2.30416667,48.81527778,95.18,38
20251031,140790,0648_6858,2.30500000,48.81527778,103.52,17
20251031,132760,0649_6858,2.31861111,48.81527778,101.55,38
20251031,128021,0654_6858,2.38388889,48.81527778,54.89,17
20251031,153847,0655_6858,2.38972222,48.81527778,57.64,23
20251031,183714,0657_6858,2.42166667,48.81527778,55.67,17
20251031,2565,0663_6858,2.50361111,48.81527778,68.41,38
20251031,39166,0666_6858,2.53777778,48.81527778,96.72,17
20251031,94168,0617_6858,1.87750000,48.81555556,96.81,23
20251031,183741,0642_6858,2.21527778,48.81555556,165.42,38
20251031,66580,0642_6858,2.22166667,48.81555556,137.95,38
20251031,139156,0650_6858,2.32972222,48.81555556,100.21,38
20251031,144633,0653_6858,2.36361111,48.81555556,90.15,38
20251031,79022,0653_6858,2.37166667,48.81555556,83.29,17
20251031,188181,0654_6858,2.38333333,48.81555556,63.23,38
20251031,138515,0660_6858,2.46305556,48.81555556,73.74,17
20251031,149934,0672_6858,2.62083333,48.81555556,125.81,17
20251031,167508,0644_6858,2.24750000,48.81583333,64.61,17
20251031,113783,0645_6858,2.25888889,48.81583333,113.76,38
20251031,38722,0647_6858,2.28722222,48.81583333,115.44,38
20251031,39717,0647_6858,2.28944444,48.81583333,114.80,17
20251031,32175,0650_6858,2.32055556,48.81583333,103.98,38
20251031,77119,0656_6858,2.41194444,48.81583333,69.99,38
20251031,179060,0660_6858,2.45944444,48.81583333,61.67,38
20251031,144719,0672_6858,2.62083333,48.81583333,133.29,26
20251031,43859,0684_6858,2.79027778,48.81583333,164.27,4
20251031,162543,0647_6858,2.28111111,48.81611111,88.97,17
20251031,142296,0647_6858,2.28277778,48.81611111,100.28,38
20251031,132378,0649_6858,2.31194444,48.81611111,93.21,38
20251031,155154,0651_6858,2.33833333,48.81611111,96.55,17
20251031,86704,0651_6858,2.34055556,48.81611111,73.56,17
20251031,46409,0642_6858,2.22361111,48.81638889,125.15,38
20251031,20698,0645_6858,2.25888889,48.81638889,117.93,38
20251031,101984,0651_6858,2.34527778,48.81638889,67.97,49
20251031,79285,0662_6858,2.48666667,48.81638889,65.60,17
20251031,115045,0648_6858,2.30416667,48.81666667,104.88,38
20251031,118585,0650_6858,2.33083333,48.81666667,107.04,38
20251031,149093,0620_6858,1.91888889,48.81694444,175.89,23
20251031,46033,0630_6858,2.04861111,48.81694444,136.15,31
20251031,26975,0642_6858,2.21555556,48.81694444,147.65,32
20251031,62981,0644_6858,2.24805556,48.81694444,64.90,38
20251031,165385,0650_6858,2.33055556,48.81694444,96.64,38
20251031,49723,0652_6858,2.35111111,48.81694444,89.46,38
20251031,76959,0653_6858,2.36833333,48.81694444,103.05,38
20251031,175855,0653_6858,2.37083333,48.81694444,93.28,17
20251031,23037,0657_6858,2.42416667,48.81694444,63.23,23
20251031,42585,0637_6858,2.14888889,48.81722222,188.67,38
20251031,96588,0642_6858,2.21388889,48.81722222,149.04,48
20251031,50224,0648_6858,2.29777778,48.81722222,106.17,38
20251031,110373,0653_6858,2.36666667,48.81722222,61.84,11
20251031,6196,0653_6858,2.37250000,48.81722222,86.78,38
20251031,157172,0657_6858,2.42416667,48.81722222,40.82,42
20251031,13370,0660_6858,2.46500000,48.81722222,103.12,17
20251031,188331,0663_6858,2.49638889,48.81722222,66.49,38
20251031,135643,0665_6858,2.53250000,48.81722222,114.10,26
20251031,100325,0645_6858,2.26055556,48.81750000,137.54,38
20251031,79014,0645_6858,2.26305556,48.81750000,112.44,38
20251031,46961,0646_6858,2.27472222,48.81750000,98.70,38
20251031,55760,0650_6858,2.32944444,48.81750000,116.63,38
20251031,178662,0653_6858,2.36027778,48.81750000,97.46,38
20251031,57605,0654_6858,2.37722222,48.81750000,70.43,38
20251031,4988,0655_6858,2.39305556,48.81750000,51.61,38
20251031,189993,0659_6858,2.44611111,48.81750000,73.35,17
20251031,90562,0644_6858,2.24861111,48.81777778,59.01,38
20251031,178686,0648_6858,2.29666667,48.81777778,105.40,38
20251031,193155,0649_6858,2.31750000,48.81777778,99.18,38
20251031,46398,0650_6858,2.32472222,48.81777778,110.88,38
20251031,112221,0652_6858,2.35222222,48.81777778,53.31,49
20251031,67875,0653_6858,2.36555556,48.81777778,100.57,38
20251031,155584,0655_6858,2.39722222,48.81777778,60.41,38
20251031,42194,0660_6858,2.45638889,48.81777778,72.06,32
20251031,163092,0662_6858,2.49500000,48.81777778,61.74,38
20251031,155974,0655_6858,2.39861111,48.81805556,60.15,38
20251031,74218,0656_6858,2.40111111,48.81805556,70.06,38
20251031,87154,0663_6858,2.50666667,48.81805556,61.98,38
20251031,14182,0619_6859,1.90361111,48.81833333,196.12,26
20251031,42581,0623_6859,1.95388889,48.81833333,153.50,26
20251031,106881,0623_6859,1.95527778,48.81833333,155.99,26
20251031,70386,0636_6858,2.13083333,48.81833333,189.66,20
20251031,54481,0645_6858,2.25972222,48.81833333,136.74,38
20251031,106646,0647_6858,2.29138889,48.81833333,74.01,17
20251031,106634,0650_6858,2.32500000,48.81833333,108.37,17
20251031,101880,0651_6858,2.33416667,48.81833333,107.52,38
20251031,169350,0654_6858,2.37805556,48.81833333,53.38,38
20251031,37365,0657_6858,2.42194444,48.81833333,79.40,38
20251031,169536,0657_6858,2.42416667,48.81833333,66.23,38
20251031,113792,0661_6858,2.47722222,48.81833333,67.32,38
20251031,40112,0642_6858,2.21472222,48.81861111,143.14,48
20251031,129470,0644_6858,2.24472222,48.81861111,55.07,38
20251031,161278,0657_6858,2.41611111,48.81861111,66.02,38
20251031,135028,0657_6858,2.42472222,48.81861111,67.17,17
20251031,82145,0619_6859,1.90361111,48.81888889,197.29,23
20251031,171525,0624_6859,1.96638889,48.81888889,146.24,38
20251031,102513,0641_6858,2.19805556,48.81888889,93.02,17
20251031,114532,0619_6859,1.90250000,48.81916667,196.13,26
20251031,49385,0623_6859,1.95388889,48.81916667,154.11,26
20251031,51075,0623_6859,1.95555556,48.81916667,152.22,26
20251031,162596,0644_6858,2.24361111,48.81916667,61.42,38
20251031,91448,0649_6858,2.30888889,48.81916667,95.05,38
20251031,59598,0653_6858,2.36250000,48.81916667,83.78,38
20251031,186104,0653_6858,2.36361111,48.81916667,96.52,17
20251031,142473,0656_6858,2.40861111,48.81916667,115.29,38
20251031,4753,0660_6858,2.46555556,48.81916667,83.75,38
20251031,9563,0662_6858,2.48694444,48.81916667,70.53,38
20251031,80982,0635_6859,2.12166667,48.81944444,132.60,17
20251031,120183,0639_6859,2.16944444,48.81944444,150.15,38
20251031,103619,0642_6858,2.21833333,48.81944444,132.32,38
20251031,93759,0643_6858,2.23000000,48.81944444,115.67,38
20251031,120230,0643_6858,2.23722222,48.81944444,62.33,38
20251031,182186,0644_6858,2.23833333,48.81944444,57.37,38
20251031,6667,0644_6858,2.24305556,48.81944444,55.99,38
20251031,11097,0647_6858,2.28500000,48.81944444,89.05,38
20251031,49859,0648_6858,2.30083333,48.81944444,95.80,38
20251031,52265,0650_6858,2.32666667,48.81944444,113.83,38
20251031,67083,0652_6858,2.35888889,48.81944444,92.79,38
20251031,128777,0654_6858,2.37444444,48.81944444,83.87,38
20251031,153898,0656_6858,2.41222222,48.81944444,89.76,38
20251031,90830,0656_6858,2.41333333,48.81944444,58.71,26
20251031,155915,0632_6859,2.07888889,48.81972222,111.49,17
20251031,60667,0641_6859,2.20027778,48.81972222,109.99,38
20251031,140095,0645_6858,2.25611111,48.81972222,70.26,38
20251031,52885,0648_6858,2.29388889,48.81972222,101.56,38
20251031,160004,0649_6858,2.31027778,48.81972222,91.92,38
20251031,143673,0649_6858,2.31361111,48.81972222,100.30,38
20251031,77927,0649_6858,2.31805556,48.81972222,106.43,38
20251031,108802,0651_6858,2.34500000,48.81972222,94.81,38
20251031,142961,0652_6858,2.35527778,48.81972222,75.16,38
20251031,162181,0653_6858,2.37194444,48.81972222,94.54,17
20251031,190596,0661_6858,2.47555556,48.81972222,67.78,38
20251031,144077,0661_6858,2.47583333,48.81972222,67.38,38
20251031,138343,0661_6858,2.47666667,48.81972222,53.93,17
20251031,52904,0667_6858,2.56277778,48.81972222,118.14,38
20251031,39144,0643_6859,2.22583333,48.82000000,115.32,17
20251031,118419,0647_6859,2.28555556,48.82000000,80.88,38
20251031,71356,0649_6858,2.31638889,48.82000000,107.61,38
20251031,66394,0651_6858,2.33750000,48.82000000,95.94,38
20251031,191542,0652_6858,2.35944444,48.82000000,90.58,38
20251031,134995,0654_6858,2.37611111,48.82000000,72.35,17
20251031,62068,0655_6858,2.39527778,48.82000000,64.00,17
20251031,86706,0660_6858,2.46361111,48.82000000,57.54,17
20251031,156851,0662_6858,2.48555556,48.82000000,61.74,17
20251031,79303,0664_6858,2.52194444,48.82000000,97.86,26
20251031,164273,0641_6859,2.20027778,48.82027778,108.75,38
20251031,192571,0652_6858,2.34944444,48.82027778,75.69,38
20251031,52487,0652_6858,2.35861111,48.82027778,96.64,38
20251031,166753,0653_6858,2.36166667,48.82027778,81.33,38
20251031,67328,0653_6858,2.36861111,48.82027778,86.44,17
20251031,67701,0655_6858,2.39555556,48.82027778,67.50,17
20251031,39164,0658_6858,2.42972222,48.82027778,91.68,4
20251031,117067,0663_6858,2.50000000,48.82027778,60.50,38
20251031,79755,0626_6859,1.99944444,48.82055556,141.77,48
20251031,68369,0641_6859,2.20194444,48.82055556,104.37,38
20251031,2563,0645_6859,2.25222222,48.82055556,45.28,17
20251031,85076,0649_6859,2.31805556,48.82055556,106.23,38
20251031,137597,0651_6859,2.34611111,48.82055556,80.31,38
20251031,123406,0654_6859,2.37472222,48.82055556,78.27,32
20251031,127957,0654_6859,2.37611111,48.82055556,56.92,49
20251031,124793,0654_6859,2.38055556,48.82055556,46.61,17
20251031,22705,0660_6858,2.46083333,48.82055556,57.82,32
20251031,129905,0663_6858,2.50666667,48.82055556,70.33,17
20251031,117242,0664_6858,2.52222222,48.82055556,92.34,26
20251031,39150,0639_6859,2.17638889,48.82083333,147.46,38
20251031,42230,0646_6859,2.26750000,48.82083333,87.37,38
20251031,169383,0653_6859,2.37305556,48.82083333,87.11,38
20251031,183358,0654_6859,2.37972222,48.82083333,79.72,38
20251031,21153,0659_6859,2.45055556,48.82083333,106.53,17
20251031,181745,0640_6859,2.19138889,48.82111111,179.67,38
20251031,122226,0642_6859,2.21444444,48.82111111,111.30,23
20251031,93279,0645_6859,2.25222222,48.82111111,74.69,38
20251031,78314,0647_6859,2.27861111,48.82111111,91.73,38
20251031,85513,0651_6859,2.34361111,48.82111111,96.31,38
20251031,56528,0651_6859,2.34555556,48.82111111,99.19,38
20251031,5002,0653_6859,2.36638889,48.82111111,157.38,38
20251031,115969,0655_6859,2.39111111,48.82111111,86.48,38
20251031,189992,0656_6859,2.40194444,48.82111111,73.27,17
20251031,165277,0661_6859,2.48138889,48.82111111,65.70,38
20251031,91229,0642_6859,2.21472222,48.82138889,104.21,12
20251031,187899,0645_6859,2.26111111,48.82138889,65.28,38
20251031,110096,0648_6859,2.29638889,48.82138889,74.73,32
20251031,109865,0649_6859,2.31444444,48.82138889,87.57,17
20251031,173860,0655_6859,2.39111111,48.82138889,77.24,17
20251031,88057,0655_6859,2.39944444,48.82138889,43.69,17
20251031,89235,0659_6859,2.45222222,48.82138889,92.73,17
20251031,135277,0662_6859,2.48805556,48.82138889,63.63,38
20251031,116501,0637_6859,2.14194444,48.82166667,158.80,20
20251031,140165,0641_6859,2.20527778,48.82166667,94.80,38
20251031,79012,0641_6859,2.20694444,48.82166667,86.27,38
20251031,177297,0644_6859,2.24388889,48.82166667,48.27,17
20251031,65091,0646_6859,2.26527778,48.82166667,66.02,38
20251031,110095,0648_6859,2.29638889,48.82166667,79.73,12
20251031,61101,0648_6859,2.30416667,48.82166667,97.44,38
20251031,93178,0649_6859,2.30777778,48.82166667,122.37,38
20251031,165158,0650_6859,2.32916667,48.82166667,107.97,38
20251031,99709,0651_6859,2.33388889,48.82166667,107.86,38
20251031,164556,0653_6859,2.36416667,48.82166667,117.09,17
20251031,89449,0654_6859,2.37527778,48.82166667,94.15,38
20251031,156853,0664_6859,2.51361111,48.82166667,88.78,38
20251031,96601,0624_6859,1.97250000,48.82194444,144.52,38
20251031,159589,0642_6859,2.22305556,48.82194444,100.06,17
20251031,90075,0652_6859,2.35305556,48.82194444,84.79,38
20251031,12568,0653_6859,2.36027778,48.82194444,95.96,38
20251031,136743,0653_6859,2.36166667,48.82194444,92.41,38
20251031,162441,0653_6859,2.36472222,48.82194444,115.39,17
20251031,131270,0657_6859,2.42305556,48.82194444,81.21,20
20251031,114924,0664_6859,2.52111111,48.82194444,74.16,42
20251031,42391,0673_6859,2.64083333,48.82194444,129.50,17
20251031,39955,0640_6859,2.18333333,48.82222222,144.05,17
20251031,106658,0641_6859,2.19944444,48.82222222,105.20,12
20251031,63935,0642_6859,2.22166667,48.82222222,102.64,38
20251031,172740,0645_6859,2.25777778,48.82222222,56.51,17
20251031,121408,0647_6859,2.27944444,48.82222222,83.80,38
20251031,126920,0649_6859,2.31333333,48.82222222,107.63,38
20251031,15128,0651_6859,2.33388889,48.82222222,104.70,38
20251031,101452,0653_6859,2.36305556,48.82222222,82.98,17
20251031,172066,0662_6859,2.49055556,48.82222222,60.13,38
20251031,153052,0664_6859,2.51055556,48.82222222,72.84,38
20251031,7529,0667_6859,2.55972222,48.82222222,114.45,38
20251031,187773,0647_6859,2.28916667,48.82250000,92.89,17
20251031,144706,0665_6859,2.52361111,48.82250000,86.14,38
20251031,111853,0665_6859,2.52805556,48.82250000,80.73,32
20251031,9562,0626_6859,1.99472222,48.82277778,137.72,17
20251031,64716,0642_6859,2.21222222,48.82277778,102.35,38
20251031,168360,0644_6859,2.24777778,48.82277778,54.54,38
20251031,115556,0644_6859,2.25000000,48.82277778,58.96,38
20251031,21618,0646_6859,2.27388889,48.82277778,83.75,38
20251031,52720,0648_6859,2.30250000,48.82277778,109.54,38
20251031,40453,0649_6859,2.31000000,48.82277778,97.39,38
20251031,117737,0651_6859,2.34388889,48.82277778,72.50,38
20251031,132971,0656_6859,2.40777778,48.82277778,77.10,38
20251031,188221,0667_6859,2.55583333,48.82277778,109.13,38
20251031,83852,0642_6859,2.21277778,48.82305556,97.02,38
20251031,134941,0646_6859,2.26972222,48.82305556,59.97,38
20251031,148808,0651_6859,2.33305556,48.82305556,114.48,38
20251031,127677,0651_6859,2.34138889,48.82305556,83.50,38
20251031,193748,0652_6859,2.34888889,48.82305556,70.35,17
20251031,183387,0653_6859,2.37305556,48.82305556,81.59,38
20251031,141162,0656_6859,2.40638889,48.82305556,83.77,38
20251031,70222,0656_6859,2.41083333,48.82305556,84.66,38
20251031,131987,0660_6859,2.46555556,48.82305556,70.78,17
20251031,131259,0667_6859,2.55527778,48.82305556,111.85,38
20251031,9202,0668_6859,2.57583333,48.82305556,116.03,38
20251031,131759,0669_6859,2.58138889,48.82305556,126.35,26
20251031,90270,0626_6859,1.99388889,48.82333333,138.97,23
20251031,122547,0645_6859,2.26305556,48.82333333,68.85,38
20251031,91636,0649_6859,2.30750000,48.82333333,124.12,38
20251031,116975,0656_6859,2.40555556,48.82333333,72.02,38
20251031,165769,0657_6859,2.42027778,48.82333333,75.62,38
20251031,187019,0665_6859,2.52777778,48.82333333,86.78,32
20251031,128172,0669_6859,2.57916667,48.82333333,124.19,23
20251031,120686,0626_6859,1.99361111,48.82361111,135.97,23
20251031,135741,0640_6859,2.18555556,48.82361111,149.53,38
20251031,52276,0648_6859,2.29222222,48.82361111,90.63,38
20251031,38178,0650_6859,2.32611111,48.82361111,108.61,38
20251031,19214,0652_6859,2.35361111,48.82361111,74.41,38
20251031,191931,0653_6859,2.36222222,48.82361111,88.25,38
20251031,153882,0653_6859,2.36555556,48.82361111,86.30,17
20251031,177642,0653_6859,2.37138889,48.82361111,84.64,17
20251031,166537,0654_6859,2.37472222,48.82361111,79.12,38
20251031,88466,0669_6859,2.58194444,48.82361111,131.61,26
20251031,164207,0645_6859,2.26000000,48.82388889,61.69,38
20251031,154371,0645_6859,2.26305556,48.82388889,66.85,38
20251031,185885,0650_6859,2.32083333,48.82388889,99.43,17
20251031,139442,0652_6859,2.34638889,48.82388889,75.57,38
20251031,123961,0652_6859,2.35722222,48.82388889,82.91,38
20251031,57800,0653_6859,2.36388889,48.82388889,89.72,38
20251031,171062,0653_6859,2.36500000,48.82388889,91.58,38
20251031,89649,0653_6859,2.36833333,48.82388889,105.78,38
20251031,106591,0654_6859,2.37361111,48.82388889,79.90,17
20251031,7257,0655_6859,2.40000000,48.82388889,54.22,17
20251031,106204,0657_6859,2.41527778,48.82388889,78.23,38
20251031,187018,0664_6859,2.52166667,48.82388889,83.06,12
20251031,54986,0666_6859,2.54027778,48.82388889,102.88,38
20251031,184886,0677_6859,2.69277778,48.82388889,139.37,23
20251031,137004,0642_6859,2.21638889,48.82416667,70.54,38
20251031,65084,0644_6859,2.24388889,48.82416667,52.88,38
20251031,162651,0649_6859,2.31611111,48.82416667,92.37,38
20251031,167060,0663_6859,2.49722222,48.82416667,78.47,38
20251031,79296,0664_6859,2.51555556,48.82416667,86.70,38
20251031,2556,0665_6859,2.53361111,48.82416667,106.54,38
20251031,136062,0645_6859,2.26111111,48.82444444,57.20,17
20251031,117000,0648_6859,2.29694444,48.82444444,106.09,38
20251031,36223,0650_6859,2.32972222,48.82444444,103.34,38
20251031,63940,0651_6859,2.34194444,48.82444444,84.56,38
20251031,68422,0652_6859,2.34916667,48.82444444,83.12,38
20251031,169136,0652_6859,2.35194444,48.82444444,75.36,38
20251031,151616,0655_6859,2.39750000,48.82444444,73.56,38
20251031,76948,0663_6859,2.50055556,48.82444444,86.33,38
20251031,5175,0664_6859,2.51361111,48.82444444,85.31,23
20251031,173012,0624_6859,1.97194444,48.82472222,163.24,38
20251031,165208,0644_6859,2.24500000,48.82472222,58.06,17
20251031,54009,0649_6859,2.31388889,48.82472222,91.89,38
20251031,132848,0654_6859,2.37611111,48.82472222,65.46,38
20251031,36901,0618_6859,1.89416667,48.82500000,167.20,23
20251031,117522,0637_6859,2.14361111,48.82500000,158.78,38
20251031,86404,0642_6859,2.22083333,48.82500000,69.64,11
20251031,169839,0646_6859,2.26638889,48.82500000,55.37,38
20251031,74655,0647_6859,2.28750000,48.82500000,90.42,38
20251031,135191,0648_6859,2.29833333,48.82500000,114.05,38
20251031,99660,0650_6859,2.32555556,48.82500000,105.37,38
20251031,60599,0650_6859,2.32888889,48.82500000,97.82,38
20251031,132966,0653_6859,2.36527778,48.82500000,108.61,17
20251031,129018,0653_6859,2.36638889,48.82500000,165.33,38
20251031,177957,0654_6859,2.37750000,48.82500000,54.74,38
20251031,106907,0654_6859,2.38055556,48.82500000,44.27,32
20251031,12511,0654_6859,2.38694444,48.82500000,67.57,17
20251031,136171,0655_6859,2.38777778,48.82500000,58.43,17
20251031,193494,0663_6859,2.50138889,48.82500000,81.29,38
20251031,67681,0663_6859,2.50194444,48.82500000,84.31,38
20251031,56747,0625_6859,1.98500000,48.82527778,149.30,38
20251031,156344,0654_6859,2.37444444,48.82527778,70.73,17
20251031,129429,0654_6859,2.37472222,48.82527778,73.33,38
20251031,189129,0654_6859,2.37888889,48.82527778,74.38,38
20251031,20204,0661_6859,2.47222222,48.82527778,53.01,38
20251031,4714,0666_6859,2.55000000,48.82527778,98.84,17
20251031,117505,0643_6859,2.23055556,48.82555556,61.72,17
20251031,125551,0646_6859,2.26750000,48.82555556,60.67,17
20251031,190854,0648_6859,2.30277778,48.82555556,100.81,38
20251031,137710,0651_6859,2.33722222,48.82555556,91.61,17
20251031,180626,0653_6859,2.36972222,48.82555556,84.66,38
20251031,68428,0653_6859,2.37222222,48.82555556,97.33,38
20251031,144529,0654_6859,2.37972222,48.82555556,63.00,38
20251031,78179,0655_6859,2.39388889,48.82555556,75.00,38
20251031,100604,0663_6859,2.50472222,48.82555556,77.59,38
20251031,126712,0641_6859,2.19638889,48.82583333,115.53,38
20251031,77285,0642_6859,2.21916667,48.82583333,74.96,38
20251031,139625,0643_6859,2.23527778,48.82583333,58.31,38
20251031,165342,0644_6859,2.23888889,48.82583333,68.81,38
20251031,59989,0648_6859,2.29277778,48.82583333,116.34,38
20251031,66381,0649_6859,2.31416667,48.82583333,112.62,38
20251031,134034,0649_6859,2.31527778,48.82583333,102.00,17
20251031,151351,0650_6859,2.31916667,48.82583333,99.44,38
20251031,90071,0651_6859,2.34444444,48.82583333,89.21,38
20251031,99685,0652_6859,2.35250000,48.82583333,81.04,38
20251031,128171,0663_6859,2.50555556,48.82583333,87.32,23
20251031,37759,0664_6859,2.51555556,48.82583333,114.79,38
20251031,121277,0665_6859,2.52333333,48.82583333,114.33,23
20251031,5900,0671_6859,2.60805556,48.82583333,132.97,26
20251031,164136,0671_6859,2.60888889,48.82583333,140.17,26
20251031,144901,0623_6859,1.96027778,48.82611111,133.20,38
20251031,190734,0623_6859,1.96166667,48.82611111,135.53,38
20251031,172862,0635_6859,2.11555556,48.82611111,155.22,17
20251031,84585,0641_6859,2.20083333,48.82611111,108.79,26
20251031,64569,0644_6859,2.24777778,48.82611111,67.21,38
20251031,166353,0646_6859,2.27500000,48.82611111,56.47,17
20251031,106900,0649_6859,2.31611111,48.82611111,101.39,38
20251031,65437,0650_6859,2.32222222,48.82611111,104.19,38
20251031,15728,0651_6859,2.34555556,48.82611111,97.20,38
20251031,12157,0653_6859,2.36083333,48.82611111,86.36,38
20251031,183231,0653_6859,2.37194444,48.82611111,77.54,38
20251031,144298,0656_6859,2.40555556,48.82611111,81.68,38
20251031,156040,0664_6859,2.51055556,48.82611111,96.01,38
20251031,16554,0635_6859,2.12500000,48.82638889,158.56,38
20251031,182893,0644_6859,2.23944444,48.82638889,60.95,38
20251031,102151,0647_6859,2.28111111,48.82638889,74.26,38
20251031,152808,0649_6859,2.31166667,48.82638889,102.05,38
20251031,62596,0652_6859,2.35277778,48.82638889,91.07,38
20251031,80751,0652_6859,2.35833333,48.82638889,81.62,17
20251031,56291,0655_6859,2.39444444,48.82638889,55.29,17
20251031,96771,0660_6859,2.46500000,48.82638889,63.66,32
20251031,134195,0622_6860,1.94583333,48.82666667,133.89,38
20251031,135767,0625_6859,1.98805556,48.82666667,150.43,38
20251031,107283,0643_6859,2.22361111,48.82666667,83.33,38
20251031,55157,0643_6859,2.22444444,48.82666667,77.96,38
20251031,54093,0650_6859,2.32055556,48.82666667,105.96,38
20251031,96853,0652_6859,2.35666667,48.82666667,87.39,38
20251031,44652,0656_6859,2.40500000,48.82666667,82.78,38
20251031,168170,0665_6859,2.52833333,48.82666667,118.69,17
20251031,145377,0672_6859,2.63111111,48.82666667,128.16,24
20251031,60608,0679_6859,2.71444444,48.82666667,156.77,26
20251031,173045,0623_6860,1.95750000,48.82694444,133.71,17
20251031,116871,0637_6859,2.15166667,48.82694444,193.89,38
20251031,100205,0644_6859,2.24694444,48.82694444,59.95,38
20251031,131468,0647_6859,2.28833333,48.82694444,92.24,17
20251031,39716,0647_6859,2.28916667,48.82694444,103.25,38
20251031,166263,0648_6859,2.29972222,48.82694444,100.33,26
20251031,159508,0651_6859,2.33638889,48.82694444,82.79,38
20251031,156095,0652_6859,2.35583333,48.82694444,93.76,38
20251031,180328,0653_6859,2.37222222,48.82694444,79.38,38
20251031,190850,0654_6859,2.37444444,48.82694444,69.74,38
20251031,157007,0660_6859,2.46750000,48.82694444,53.59,42
20251031,82920,0664_6859,2.52027778,48.82694444,106.40,26
20251031,193425,0676_6859,2.67888889,48.82694444,144.06,26
20251031,120688,0617_6860,1.88000000,48.82722222,97.18,23
20251031,154125,0624_6860,1.97194444,48.82722222,142.04,17
20251031,92165,0648_6859,2.30055556,48.82722222,100.67,38
20251031,66391,0649_6859,2.30833333,48.82722222,104.23,38
20251031,185661,0652_6859,2.35416667,48.82722222,93.07,17
20251031,149045,0653_6859,2.36972222,48.82722222,83.78,38
20251031,77104,0622_6860,1.95111111,48.82750000,147.72,38
20251031,190040,0647_6859,2.28805556,48.82750000,98.30,17
20251031,137711,0648_6859,2.30444444,48.82750000,96.78,17
20251031,179874,0649_6859,2.30861111,48.82750000,110.87,38
20251031,97687,0649_6859,2.31444444,48.82750000,83.24,38
20251031,182001,0650_6859,2.32416667,48.82750000,96.11,17
20251031,186752,0650_6859,2.32694444,48.82750000,81.00,38
20251031,65445,0651_6859,2.33583333,48.82750000,89.22,38
20251031,54187,0653_6859,2.36777778,48.82750000,95.27,38
20251031,116846,0655_6859,2.38972222,48.82750000,44.46,49
20251031,89709,0664_6859,2.51611111,48.82750000,87.16,38
20251031,22110,0665_6859,2.52583333,48.82750000,106.25,26
20251031,21836,0624_6860,1.97555556,48.82777778,147.93,26
20251031,8144,0646_6859,2.26694444,48.82777778,72.73,38
20251031,64257,0648_6859,2.30250000,48.82777778,108.32,38
20251031,105726,0649_6859,2.31388889,48.82777778,80.22,38
20251031,99462,0652_6859,2.35638889,48.82777778,91.08,38
20251031,124632,0655_6859,2.39972222,48.82777778,60.24,23
20251031,191026,0662_6859,2.49444444,48.82777778,67.65,38
20251031,12099,0668_6859,2.56833333,48.82777778,110.04,17
20251031,37820,0644_6859,2.24055556,48.82805556,64.76,38
20251031,66623,0646_6859,2.27166667,48.82805556,73.31,38
20251031,68426,0652_6859,2.35083333,48.82805556,92.45,38
20251031,92812,0653_6859,2.36777778,48.82805556,95.48,38
20251031,185881,0654_6859,2.37638889,48.82805556,70.43,17
20251031,5176,0667_6859,2.55638889,48.82805556,106.17,23
20251031,38127,0626_6860,1.99777778,48.82833333,140.28,17
20251031,136596,0645_6859,2.26166667,48.82833333,73.55,38
20251031,190703,0646_6859,2.26638889,48.82833333,65.73,17
20251031,149044,0646_6859,2.27166667,48.82833333,73.01,17
20251031,175902,0650_6859,2.33250000,48.82833333,96.82,38
20251031,128621,0654_6859,2.38055556,48.82833333,80.97,38
20251031,37645,0661_6859,2.47722222,48.82833333,59.02,23
20251031,154398,0661_6859,2.47916667,48.82833333,80.52,26
20251031,114252,0666_6859,2.54666667,48.82833333,116.34,17
20251031,107147,0678_6859,2.70416667,48.82833333,148.97,23
20251031,57872,0622_6860,1.94861111,48.82861111,153.40,38
20251031,39957,0639_6860,2.17472222,48.82861111,171.49,38
20251031,164504,0640_6860,2.18944444,48.82861111,133.14,17
20251031,179219,0643_6860,2.23388889,48.82861111,87.63,38
20251031,95165,0643_6859,2.23638889,48.82861111,67.36,17
20251031,97860,0649_6859,2.31527778,48.82861111,93.98,38
20251031,66386,0650_6859,2.32611111,48.82861111,107.31,38
20251031,147783,0651_6859,2.34416667,48.82861111,94.99,38
20251031,90183,0653_6859,2.36333333,48.82861111,93.12,38
20251031,7227,0663_6859,2.50388889,48.82861111,72.14,38
20251031,131012,0673_6859,2.64416667,48.82861111,126.42,23
20251031,110736,0641_6860,2.20111111,48.82888889,122.65,32
20251031,9502,0643_6860,2.23194444,48.82888889,117.68,17
20251031,137567,0649_6859,2.31027778,48.82888889,85.91,17
20251031,66395,0649_6859,2.31666667,48.82888889,97.59,38
20251031,66382,0650_6859,2.32305556,48.82888889,98.56,38
20251031,9905,0667_6859,2.55888889,48.82888889,111.96,38
20251031,20870,0681_6859,2.74694444,48.82888889,157.50,23
20251031,175385,0644_6860,2.24361111,48.82916667,56.83,38
20251031,62648,0646_6860,2.26500000,48.82916667,69.14,38
20251031,90282,0646_6860,2.27194444,48.82916667,86.82,38
20251031,104379,0647_6860,2.28888889,48.82916667,68.92,17
20251031,177313,0648_6860,2.29166667,48.82916667,77.07,17
20251031,86251,0648_6860,2.29611111,48.82916667,111.20,38
20251031,114691,0649_6860,2.30583333,48.82916667,86.16,23
20251031,104387,0649_6860,2.31555556,48.82916667,90.08,17
20251031,163830,0650_6860,2.32777778,48.82916667,83.06,17
20251031,67281,0652_6859,2.34944444,48.82916667,95.81,38
20251031,32634,0652_6859,2.35555556,48.82916667,87.02,38
20251031,67877,0654_6859,2.37361111,48.82916667,83.31,38
20251031,2557,0656_6859,2.40222222,48.82916667,74.67,38
20251031,115692,0668_6859,2.56944444,48.82916667,114.75,17
20251031,180360,0683_6859,2.77750000,48.82916667,148.92,23
20251031,165339,0644_6860,2.24305556,48.82944444,59.88,38
20251031,6409,0647_6860,2.28861111,48.82944444,74.54,17
20251031,86756,0647_6860,2.28972222,48.82944444,69.89,17
20251031,133552,0647_6860,2.29055556,48.82944444,69.73,38
20251031,97930,0649_6860,2.30638889,48.82944444,79.12,26
20251031,77014,0650_6860,2.33000000,48.82944444,91.07,38
20251031,105028,0651_6860,2.33638889,48.82944444,90.40,38
20251031,132505,0652_6860,2.35305556,48.82944444,84.54,17
20251031,135439,0652_6860,2.35666667,48.82944444,90.80,17
20251031,13442,0653_6860,2.36388889,48.82944444,98.10,38
20251031,161988,0659_6859,2.45222222,48.82944444,75.67,26
20251031,9691,0671_6859,2.61583333,48.82944444,152.37,23
20251031,99291,0623_6860,1.95527778,48.82972222,139.86,26
20251031,111000,0624_6860,1.97777778,48.82972222,160.53,26
20251031,179762,0626_6860,1.99277778,48.82972222,139.85,38
20251031,172116,0626_6860,1.99361111,48.82972222,139.66,17
20251031,193775,0639_6860,2.17416667,48.82972222,158.72,38
20251031,110603,0645_6860,2.26333333,48.82972222,45.44,17
20251031,53291,0647_6860,2.27972222,48.82972222,69.81,38
20251031,164533,0648_6860,2.30222222,48.82972222,86.31,38
20251031,54792,0648_6860,2.30333333,48.82972222,99.75,38
20251031,184803,0653_6860,2.36527778,48.82972222,92.46,38
20251031,165191,0653_6860,2.37000000,48.82972222,82.08,17
20251031,82051,0665_6859,2.53361111,48.82972222,105.17,17
20251031,166011,0667_6859,2.56166667,48.82972222,111.85,17
20251031,126402,0643_6860,2.23611111,48.83000000,83.80,17
20251031,99077,0647_6860,2.28694444,48.83000000,55.77,38
20251031,66086,0648_6860,2.29694444,48.83000000,111.92,17
20251031,104627,0654_6860,2.37472222,48.83000000,89.44,38
20251031,25935,0654_6860,2.38111111,48.83000000,47.80,17
20251031,59439,0662_6860,2.48638889,48.83000000,51.14,49
20251031,157006,0662_6860,2.48972222,48.83000000,49.01,42
20251031,189365,0622_6860,1.93861111,48.83027778,118.78,38
20251031,163990,0625_6860,1.97861111,48.83027778,154.82,26
20251031,144792,0639_6860,2.17777778,48.83027778,155.65,20
20251031,124897,0646_6860,2.26472222,48.83027778,65.84,38
20251031,173135,0646_6860,2.26500000,48.83027778,66.14,17
20251031,151692,0646_6860,2.27000000,48.83027778,64.36,26
20251031,2096,0649_6860,2.31722222,48.83027778,108.82,38
20251031,171608,0652_6860,2.35500000,48.83027778,93.26,17
20251031,142155,0653_6860,2.37027778,48.83027778,74.64,38
20251031,128226,0654_6860,2.37888889,48.83027778,71.06,38
20251031,52483,0673_6859,2.63833333,48.83027778,134.62,23
20251031,120068,0675_6859,2.66916667,48.83027778,136.11,23
20251031,170016,0639_6860,2.17833333,48.83055556,149.49,38
20251031,111704,0647_6860,2.28027778,48.83055556,56.24,38
20251031,114969,0648_6860,2.29277778,48.83055556,93.67,38
20251031,64265,0648_6860,2.29500000,48.83055556,106.88,38
20251031,91044,0648_6860,2.29833333,48.83055556,110.22,38
20251031,165296,0649_6860,2.30861111,48.83055556,114.56,17
20251031,65439,0649_6860,2.31305556,48.83055556,111.94,38
20251031,146806,0649_6860,2.31638889,48.83055556,93.53,17
20251031,66385,0649_6860,2.31805556,48.83055556,106.13,38
20251031,130523,0650_6860,2.32388889,48.83055556,98.03,38
20251031,14169,0651_6860,2.33833333,48.83055556,84.60,38
20251031,180452,0651_6860,2.34111111,48.83055556,90.10,38
20251031,191078,0652_6860,2.35527778,48.83055556,98.07,17
20251031,15149,0655_6860,2.38750000,48.83055556,72.94,38
20251031,51822,0667_6860,2.55305556,48.83055556,121.65,23
20251031,86433,0635_6860,2.12638889,48.83083333,181.44,38
20251031,179483,0637_6860,2.14805556,48.83083333,189.33,17
20251031,155083,0644_6860,2.24027778,48.83083333,261.56,38
20251031,169500,0652_6860,2.35027778,48.83083333,81.24,38
20251031,68423,0653_6860,2.36611111,48.83083333,84.42,38
20251031,189538,0654_6860,2.37972222,48.83083333,70.71,17
20251031,138021,0647_6860,2.29027778,48.83111111,71.70,17
20251031,40066,0649_6860,2.31111111,48.83111111,93.85,38
20251031,164884,0649_6860,2.31777778,48.83111111,84.30,17
20251031,66331,0650_6860,2.32500000,48.83111111,102.72,38
20251031,66390,0651_6860,2.33444444,48.83111111,86.42,38
20251031,15732,0653_6860,2.36500000,48.83111111,78.28,38
20251031,101738,0659_6860,2.45000000,48.83111111,81.47,17
20251031,140104,0666_6860,2.54333333,48.83111111,111.09,38
20251031,166129,0680_6860,2.73555556,48.83111111,152.36,26
20251031,23297,0616_6860,1.86833333,48.83138889,121.56,48
20251031,120985,0622_6860,1.94305556,48.83138889,110.88,17
20251031,2520,0642_6860,2.22250000,48.83138889,38.47,26
20251031,34545,0643_6860,2.23500000,48.83138889,69.63,38
20251031,62037,0644_6860,2.24500000,48.83138889,69.37,38
20251031,82662,0645_6860,2.26277778,48.83138889,43.42,17
20251031,180817,0647_6860,2.28916667,48.83138889,67.14,17
20251031,10008,0651_6860,2.34583333,48.83138889,77.90,38
20251031,150729,0652_6860,2.35388889,48.83138889,97.04,17
20251031,67084,0653_6860,2.36083333,48.83138889,101.73,38
20251031,155437,0655_6860,2.38750000,48.83138889,73.21,17
20251031,125319,0655_6860,2.38861111,48.83138889,78.49,38
20251031,184069,0664_6860,2.51250000,48.83138889,58.17,38
20251031,115805,0666_6860,2.53972222,48.83138889,143.63,17
20251031,95959,0626_6860,2.00111111,48.83166667,133.59,23
20251031,178879,0647_6860,2.28083333,48.83166667,57.70,17
20251031,87903,0647_6860,2.28166667,48.83166667,34.37,17
20251031,97694,0647_6860,2.28805556,48.83166667,60.68,17
20251031,109509,0647_6860,2.28944444,48.83166667,71.62,17
20251031,182207,0650_6860,2.32027778,48.83166667,101.03,38
20251031,167816,0650_6860,2.32500000,48.83166667,91.95,17
20251031,92136,0651_6860,2.33944444,48.83166667,119.33,17
20251031,111487,0652_6860,2.35750000,48.83166667,88.00,38
20251031,15150,0653_6860,2.37222222,48.83166667,65.10,38
20251031,72631,0654_6860,2.38583333,48.83166667,64.16,38
20251031,191326,0664_6860,2.51138889,48.83166667,55.79,38
20251031,100603,0665_6860,2.53611111,48.83166667,123.56,38
20251031,2179,0669_6860,2.59055556,48.83166667,110.77,38
20251031,102780,0643_6860,2.23222222,48.83194444,68.79,38
20251031,184346,0647_6860,2.28444444,48.83194444,64.58,17
20251031,109691,0647_6860,2.28777778,48.83194444,44.39,17
20251031,60708,0649_6860,2.30583333,48.83194444,88.03,38
20251031,121776,0650_6860,2.32055556,48.83194444,100.43,38
20251031,94526,0650_6860,2.32111111,48.83194444,92.16,38
20251031,25368,0650_6860,2.32972222,48.83194444,98.68,38
20251031,12576,0652_6860,2.35277778,48.83194444,93.41,38
20251031,58762,0653_6860,2.37194444,48.83194444,65.70,38
20251031,179941,0654_6860,2.38361111,48.83194444,41.19,17
20251031,120687,0622_6860,1.94388889,48.83222222,120.02,23
20251031,26941,0637_6860,2.15305556,48.83222222,179.77,32
20251031,59283,0645_6860,2.25083333,48.83222222,66.38,38
20251031,89507,0647_6860,2.27944444,48.83222222,58.04,38
20251031,177294,0647_6860,2.28250000,48.83222222,64.01,38
20251031,52488,0653_6860,2.36527778,48.83222222,82.31,38
20251031,122616,0653_6860,2.37027778,48.83222222,63.02,17
20251031,100183,0654_6860,2.37777778,48.83222222,74.32,38
20251031,115847,0657_6860,2.42000000,48.83222222,61.57,17
20251031,59638,0662_6860,2.49000000,48.83222222,76.08,38
20251031,64206,0666_6860,2.54277778,48.83222222,108.04,38
20251031,179489,0670_6860,2.59638889,48.83222222,113.70,26
20251031,3198,0675_6860,2.65972222,48.83222222,110.98,26
20251031,89454,0677_6860,2.69888889,48.83222222,137.87,26
20251031,98805,0679_6860,2.72722222,48.83222222,132.91,38
20251031,5278,0643_6860,2.22916667,48.83250000,65.10,17
20251031,144131,0644_6860,2.24638889,48.83250000,61.60,38
20251031,79194,0645_6860,2.25888889,48.83250000,68.04,17
20251031,66077,0647_6860,2.28194444,48.83250000,67.09,17
20251031,138889,0648_6860,2.30166667,48.83250000,81.13,38
20251031,116764,0650_6860,2.32944444,48.83250000,95.45,38
20251031,89631,0652_6860,2.34666667,48.83250000,66.01,17
20251031,86740,0652_6860,2.35555556,48.83250000,82.50,38
20251031,16620,0652_6860,2.35916667,48.83250000,90.92,38
20251031,138993,0654_6860,2.37444444,48.83250000,54.79,38
20251031,12555,0655_6860,2.39916667,48.83250000,73.21,38
20251031,119682,0682_6860,2.75527778,48.83250000,159.72,26
20251031,65593,0647_6860,2.28972222,48.83277778,78.71,38
20251031,180359,0649_6860,2.31666667,48.83277778,88.42,17
20251031,66065,0650_6860,2.32916667,48.83277778,97.95,38
20251031,66396,0651_6860,2.33944444,48.83277778,86.24,38
20251031,127534,0653_6860,2.37138889,48.83277778,66.46,38
20251031,106176,0654_6860,2.37361111,48.83277778,77.79,12
20251031,121257,0644_6860,2.24611111,48.83305556,65.10,38
20251031,82457,0646_6860,2.26750000,48.83305556,68.92,38
20251031,64259,0648_6860,2.30111111,48.83305556,85.16,38
20251031,90776,0649_6860,2.31305556,48.83305556,120.75,38
20251031,61031,0649_6860,2.31583333,48.83305556,94.26,38
20251031,187087,0649_6860,2.31694444,48.83305556,89.00,38
20251031,21493,0650_6860,2.32694444,48.83305556,88.33,38
20251031,136253,0651_6860,2.33444444,48.83305556,88.22,38
20251031,134795,0651_6860,2.33472222,48.83305556,90.83,17
20251031,106160,0653_6860,2.36833333,48.83305556,77.35,17
20251031,106174,0653_6860,2.37333333,48.83305556,41.19,32
20251031,106182,0654_6860,2.37388889,48.83305556,47.17,12
20251031,106180,0654_6860,2.37416667,48.83305556,49.17,32
20251031,158084,0656_6860,2.40444444,48.83305556,75.27,38
20251031,114586,0621_6860,1.92861111,48.83333333,137.89,26
20251031,191588,0637_6860,2.15222222,48.83333333,186.47,38
20251031,129474,0641_6860,2.20166667,48.83333333,117.40,42
20251031,98889,0641_6860,2.20194444,48.83333333,118.90,32
20251031,81193,0646_6860,2.26583333,48.83333333,56.25,38
20251031,56886,0647_6860,2.28777778,48.83333333,75.52,38
20251031,182778,0648_6860,2.29750000,48.83333333,84.72,38
20251031,35274,0650_6860,2.32083333,48.83333333,102.06,38
20251031,91949,0651_6860,2.34166667,48.83333333,80.71,38
20251031,101277,0652_6860,2.35361111,48.83333333,72.10,17
20251031,177244,0675_6860,2.66277778,48.83333333,122.54,23
20251031,177118,0677_6860,2.70000000,48.83333333,140.57,48
20251031,99036,0627_6860,2.01222222,48.83361111,124.13,20
20251031,64568,0645_6860,2.25972222,48.83361111,69.08,38
20251031,119190,0647_6860,2.27805556,48.83361111,55.69,49
20251031,186585,0648_6860,2.29472222,48.83361111,81.13,17
20251031,182829,0650_6860,2.31888889,48.83361111,86.21,38
20251031,174924,0650_6860,2.32250000,48.83361111,84.85,38
20251031,180093,0652_6860,2.35666667,48.83361111,83.28,38
20251031,168998,0655_6860,2.39972222,48.83361111,78.44,38
20251031,103270,0661_6860,2.47250000,48.83361111,82.52,38
20251031,28160,0665_6860,2.52666667,48.83361111,133.37,17
20251031,109854,0674_6860,2.65027778,48.83361111,126.68,26
20251031,89742,0644_6860,2.24000000,48.83388889,62.29,38
20251031,4460,0645_6860,2.25972222,48.83388889,67.08,38
20251031,92113,0646_6860,2.26555556,48.83388889,71.81,38
20251031,37764,0648_6860,2.29472222,48.83388889,73.93,38
20251031,179288,0648_6860,2.29944444,48.83388889,83.52,17
20251031,96208,0653_6860,2.36194444,48.83388889,91.30,38
20251031,113006,0653_6860,2.37277778,48.83388889,39.44,23
20251031,42426,0666_6860,2.54083333,48.83388889,123.92,38
20251031,84869,0669_6860,2.58750000,48.83388889,129.39,23
20251031,141533,0621_6860,1.93027778,48.83416667,127.63,17
20251031,173810,0632_6860,2.08666667,48.83416667,137.57,42
20251031,77923,0638_6860,2.16555556,48.83416667,149.59,49
20251031,113999,0645_6860,2.25750000,48.83416667,73.70,38
20251031,13536,0647_6860,2.29027778,48.83416667,71.91,38
20251031,172655,0649_6860,2.30944444,48.83416667,138.58,17
20251031,66384,0649_6860,2.31388889,48.83416667,105.84,38
20251031,58859,0650_6860,2.31888889,48.83416667,94.61,38
20251031,106506,0650_6860,2.32388889,48.83416667,93.82,38
20251031,92138,0651_6860,2.33361111,48.83416667,87.64,38
20251031,81413,0651_6860,2.34583333,48.83416667,73.97,38
20251031,67165,0652_6860,2.34777778,48.83416667,69.72,38
20251031,129014,0653_6860,2.36805556,48.83416667,70.82,17
20251031,159553,0653_6860,2.36888889,48.83416667,71.85,17
20251031,147394,0655_6860,2.39388889,48.83416667,58.64,38
20251031,189785,0656_6860,2.40333333,48.83416667,54.79,38
20251031,91760,0656_6860,2.40611111,48.83416667,76.99,38
20251031,132515,0661_6860,2.47166667,48.83416667,74.02,17
20251031,78065,0661_6860,2.48166667,48.83416667,71.79,38
20251031,82236,0662_6860,2.49361111,48.83416667,61.20,38
20251031,97889,0664_6860,2.51583333,48.83416667,52.14,17
20251031,178700,0645_6860,2.25194444,48.83444444,68.43,17
20251031,130165,0647_6860,2.27888889,48.83444444,92.06,38
20251031,84900,0649_6860,2.31027778,48.83444444,75.61,38
20251031,97653,0650_6860,2.32388889,48.83444444,92.27,38
20251031,68425,0652_6860,2.35722222,48.83444444,98.84,38
20251031,190477,0653_6860,2.36555556,48.83444444,66.84,38
20251031,171921,0655_6860,2.39666667,48.83444444,67.02,38
20251031,179759,0659_6860,2.44583333,48.83444444,73.65,26
20251031,86708,0661_6860,2.47166667,48.83444444,70.25,17
20251031,166602,0664_6860,2.51388889,48.83444444,61.07,17
20251031,143332,0684_6860,2.79222222,48.83444444,176.22,26
20251031,185172,0622_6860,1.94305556,48.83472222,129.48,23
20251031,156094,0626_6860,1.99500000,48.83472222,132.15,38
20251031,32171,0637_6860,2.14500000,48.83472222,248.31,4
20251031,153074,0643_6860,2.23250000,48.83472222,60.07,38
20251031,37511,0645_6860,2.25166667,48.83472222,68.43,17
20251031,66643,0647_6860,2.28361111,48.83472222,70.74,38
20251031,65588,0649_6860,2.30611111,48.83472222,95.26,38
20251031,163170,0649_6860,2.31555556,48.83472222,90.03,17
20251031,13434,0652_6860,2.35555556,48.83472222,110.72,38
20251031,97901,0653_6860,2.36583333,48.83472222,69.44,38
20251031,106186,0653_6860,2.37166667,48.83472222,45.08,12
20251031,175927,0655_6860,2.38833333,48.83472222,66.39,38
20251031,72013,0655_6860,2.39388889,48.83472222,90.93,38
20251031,71899,0655_6860,2.39444444,48.83472222,87.78,38
20251031,140188,0661_6860,2.47277778,48.83472222,104.05,17
20251031,149912,0668_6860,2.56777778,48.83472222,118.65,23
20251031,96247,0674_6860,2.64888889,48.83472222,128.19,26
20251031,46390,0675_6860,2.66750000,48.83472222,137.59,4
20251031,10343,0637_6860,2.14500000,48.83500000,220.99,4
20251031,110788,0638_6860,2.15555556,48.83500000,167.69,32
20251031,110787,0639_6860,2.17027778,48.83500000,138.06,32
20251031,29841,0644_6860,2.24055556,48.83500000,59.51,38
20251031,64565,0644_6860,2.24694444,48.83500000,60.95,38
20251031,65082,0644_6860,2.24861111,48.83500000,68.87,38
20251031,120242,0645_6860,2.26138889,48.83500000,40.97,49
20251031,105236,0646_6860,2.27138889,48.83500000,41.70,49
20251031,117739,0647_6860,2.28777778,48.83500000,70.60,17
20251031,112615,0648_6860,2.29888889,48.83500000,79.74,17
20251031,117738,0649_6860,2.30555556,48.83500000,81.84,38
20251031,66088,0649_6860,2.30722222,48.83500000,87.72,38
20251031,23365,0649_6860,2.31361111,48.83500000,96.56,38
20251031,164705,0652_6860,2.35333333,48.83500000,70.87,17
20251031,169498,0653_6860,2.36222222,48.83500000,78.80,38
20251031,192012,0653_6860,2.36750000,48.83500000,63.79,38
20251031,56945,0653_6860,2.36944444,48.83500000,69.26,38
20251031,191035,0655_6860,2.39833333,48.83500000,70.56,38
20251031,85069,0656_6860,2.40611111,48.83500000,69.92,38
20251031,20453,0658_6860,2.43277778,48.83500000,78.24,38
20251031,132334,0658_6860,2.43944444,48.83500000,65.28,26
20251031,70058,0658_6860,2.44083333,48.83500000,64.67,26
20251031,39279,0662_6860,2.49416667,48.83500000,73.88,38
20251031,21626,0663_6860,2.50444444,48.83500000,59.06,38
20251031,154742,0674_6860,2.65000000,48.83500000,122.02,26
20251031,160347,0678_6860,2.70722222,48.83500000,137.25,17
20251031,192860,0622_6860,1.94305556,48.83527778,137.76,26
20251031,64530,0644_6860,2.23972222,48.83527778,67.54,17
20251031,97937,0645_6860,2.25305556,48.83527778,61.42,17
20251031,169510,0645_6860,2.25611111,48.83527778,52.11,17
20251031,130166,0646_6860,2.27611111,48.83527778,64.74,38
20251031,168675,0648_6860,2.29472222,48.83527778,69.24,38
20251031,137327,0649_6860,2.31527778,48.83527778,88.19,38
20251031,178459,0650_6860,2.32194444,48.83527778,86.22,38
20251031,99432,0652_6860,2.35333333,48.83527778,74.17,38
20251031,125609,0657_6860,2.41666667,48.83527778,83.59,17
20251031,62932,0658_6860,2.44027778,48.83527778,68.81,26
20251031,186258,0664_6860,2.51194444,48.83527778,57.92,38
20251031,182625,0643_6860,2.23638889,48.83555556,58.22,38
20251031,160710,0644_6860,2.24361111,48.83555556,58.91,38
20251031,43017,0645_6860,2.26138889,48.83555556,65.97,38
20251031,130167,0646_6860,2.27444444,48.83555556,64.64,38
20251031,110915,0648_6860,2.29361111,48.83555556,73.48,38
20251031,189629,0653_6860,2.36694444,48.83555556,64.39,17
20251031,118443,0654_6860,2.37416667,48.83555556,76.55,38
20251031,30338,0666_6860,2.54805556,48.83555556,121.71,17
20251031,185373,0667_6860,2.55527778,48.83555556,135.82,26
20251031,65081,0644_6860,2.24361111,48.83583333,62.19,38
20251031,130168,0646_6860,2.27666667,48.83583333,64.38,38
20251031,169874,0647_6860,2.28805556,48.83583333,67.59,38
20251031,8035,0650_6860,2.33222222,48.83583333,94.04,17
20251031,98979,0656_6860,2.40305556,48.83583333,68.55,17
20251031,168301,0656_6860,2.40861111,48.83583333,75.90,38
20251031,136879,0661_6860,2.48194444,48.83583333,94.32,17
20251031,139579,0665_6860,2.53444444,48.83583333,117.16,17
20251031,184772,0667_6860,2.55583333,48.83583333,133.31,26
20251031,21820,0633_6860,2.08861111,48.83611111,145.64,32
20251031,55151,0643_6860,2.23194444,48.83611111,72.15,38
20251031,136974,0647_6860,2.27916667,48.83611111,65.29,38
20251031,160971,0649_6860,2.31111111,48.83611111,98.26,17
20251031,58204,0650_6860,2.33222222,48.83611111,90.54,38
20251031,96063,0653_6860,2.37111111,48.83611111,47.02,32
20251031,180785,0656_6860,2.40250000,48.83611111,70.22,38
20251031,40132,0656_6860,2.41277778,48.83611111,79.00,38
20251031,100819,0669_6860,2.58555556,48.83611111,116.54,17
20251031,56689,0669_6860,2.59055556,48.83611111,109.41,17
20251031,97630,0618_6861,1.88305556,48.83638889,125.25,23
20251031,122414,0632_6860,2.08361111,48.83638889,145.57,26
20251031,118125,0632_6860,2.08388889,48.83638889,147.07,26
20251031,115478,0637_6860,2.15361111,48.83638889,150.51,23
20251031,10561,0640_6860,2.18500000,48.83638889,117.74,32
20251031,190304,0645_6860,2.26222222,48.83638889,67.38,38
20251031,134009,0646_6860,2.27194444,48.83638889,66.12,17
20251031,130169,0646_6860,2.27472222,48.83638889,64.35,38
20251031,182773,0648_6860,2.30027778,48.83638889,77.08,17
20251031,60969,0649_6860,2.31194444,48.83638889,99.61,38
20251031,94872,0650_6860,2.31944444,48.83638889,90.66,38
20251031,133486,0651_6860,2.34000000,48.83638889,88.25,17
20251031,164887,0654_6860,2.38638889,48.83638889,59.01,17
20251031,124633,0655_6860,2.39027778,48.83638889,51.99,23
20251031,189395,0655_6860,2.39305556,48.83638889,62.00,38
20251031,167442,0661_6860,2.47972222,48.83638889,86.33,17
20251031,59470,0662_6860,2.48444444,48.83638889,102.45,38
20251031,167451,0644_6860,2.23833333,48.83666667,67.85,17
20251031,61191,0645_6860,2.25277778,48.83666667,60.60,38
20251031,114385,0646_6860,2.27361111,48.83666667,69.25,17
20251031,144560,0647_6860,2.27972222,48.83666667,63.77,38
20251031,189045,0648_6860,2.29888889,48.83666667,85.72,38
20251031,103358,0654_6860,2.37333333,48.83666667,70.46,17
20251031,70059,0654_6860,2.38666667,48.83666667,60.01,38
20251031,70066,0656_6860,2.40833333,48.83666667,78.77,38
20251031,109855,0672_6860,2.62444444,48.83666667,122.78,26
20251031,4775,0674_6860,2.65777778,48.83666667,120.18,38
20251031,98191,0678_6860,2.71000000,48.83666667,125.63,17
20251031,55870,0635_6861,2.12722222,48.83694444,185.80,49
20251031,79750,0636_6861,2.12916667,48.83694444,198.29,26
20251031,116847,0646_6860,2.27194444,48.83694444,67.02,17
20251031,174999,0648_6860,2.29583333,48.83694444,65.31,38
20251031,186969,0648_6860,2.30416667,48.83694444,80.21,38
20251031,158928,0649_6860,2.31138889,48.83694444,100.89,38
20251031,65442,0650_6860,2.32194444,48.83694444,93.02,38
20251031,183232,0652_6860,2.35555556,48.83694444,71.13,38
20251031,140711,0652_6860,2.35583333,48.83694444,71.73,17
20251031,136319,0652_6860,2.35833333,48.83694444,88.76,38
20251031,191136,0653_6860,2.36027778,48.83694444,85.27,38
20251031,179310,0653_6860,2.36583333,48.83694444,70.77,17
20251031,81081,0666_6860,2.54333333,48.83694444,100.93,32
20251031,131760,0666_6860,2.54805556,48.83694444,134.71,23
20251031,95470,0637_6861,2.15166667,48.83722222,155.21,23
20251031,159563,0637_6861,2.15416667,48.83722222,156.80,38
20251031,64563,0643_6860,2.23388889,48.83722222,67.69,20
20251031,121133,0644_6860,2.24111111,48.83722222,51.18,17
20251031,133737,0645_6860,2.26111111,48.83722222,61.54,38
20251031,7883,0646_6860,2.27194444,48.83722222,35.92,17
20251031,82729,0649_6860,2.30722222,48.83722222,81.97,38
20251031,163061,0650_6860,2.32333333,48.83722222,91.15,38
20251031,165675,0652_6860,2.35111111,48.83722222,64.78,38
20251031,121765,0653_6860,2.37055556,48.83722222,68.15,17
20251031,160169,0655_6860,2.39638889,48.83722222,87.51,38
20251031,15769,0662_6860,2.48555556,48.83722222,98.63,38
20251031,87147,0664_6860,2.51194444,48.83722222,57.57,38
20251031,148094,0636_6861,2.12916667,48.83750000,193.58,38
20251031,83119,0645_6860,2.26277778,48.83750000,67.73,38
20251031,187526,0646_6860,2.27527778,48.83750000,56.20,38
20251031,169611,0648_6860,2.29361111,48.83750000,66.65,38
20251031,87374,0648_6860,2.29472222,48.83750000,74.76,38
20251031,23343,0651_6860,2.34527778,48.83750000,75.35,38
20251031,39623,0652_6860,2.34805556,48.83750000,73.14,38
20251031,185243,0652_6860,2.34944444,48.83750000,70.01,38
20251031,190961,0652_6860,2.35333333,48.83750000,69.47,38
20251031,92825,0653_6860,2.37277778,48.83750000,63.73,38
20251031,82310,0654_6860,2.38361111,48.83750000,40.39,17
20251031,188800,0656_6860,2.40361111,48.83750000,71.87,38
20251031,76965,0664_6860,2.51083333,48.83750000,61.01,38
20251031,118027,0666_6860,2.54138889,48.83750000,134.08,38
20251031,16084,0619_6861,1.90055556,48.83777778,119.00,23
20251031,9457,0633_6861,2.10055556,48.83777778,158.22,17
20251031,109047,0639_6861,2.17972222,48.83777778,133.90,17
20251031,188831,0643_6861,2.22833333,48.83777778,69.30,38
20251031,140320,0647_6860,2.28000000,48.83777778,61.62,17
20251031,66383,0649_6860,2.31861111,48.83777778,88.08,17
20251031,65443,0651_6860,2.33861111,48.83777778,87.88,38
20251031,55740,0652_6860,2.35861111,48.83777778,107.52,17
20251031,98945,0653_6860,2.36111111,48.83777778,81.46,38
20251031,10782,0655_6860,2.39583333,48.83777778,94.65,38
20251031,91299,0662_6860,2.48361111,48.83777778,103.67,38
20251031,142885,0644_6861,2.23833333,48.83805556,48.54,17
20251031,106645,0646_6861,2.26972222,48.83805556,42.74,17
20251031,165743,0647_6861,2.28666667,48.83805556,59.35,17
20251031,65594,0647_6861,2.28805556,48.83805556,74.91,38
20251031,37167,0648_6861,2.30277778,48.83805556,89.06,38
20251031,54094,0649_6860,2.30833333,48.83805556,82.47,17
20251031,96836,0649_6860,2.31583333,48.83805556,69.48,17
20251031,105673,0650_6860,2.33138889,48.83805556,93.37,38
20251031,155365,0653_6860,2.36972222,48.83805556,74.78,38
20251031,190087,0661_6860,2.47750000,48.83805556,95.55,17
20251031,48630,0668_6860,2.57361111,48.83805556,134.15,38
20251031,117485,0640_6861,2.18694444,48.83833333,120.62,23
20251031,111614,0644_6861,2.24555556,48.83833333,46.81,17
20251031,93089,0645_6861,2.25166667,48.83833333,73.74,38
20251031,55393,0647_6861,2.27972222,48.83833333,66.32,38
20251031,190900,0647_6861,2.28638889,48.83833333,58.49,38
20251031,109887,0649_6861,2.31277778,48.83833333,88.99,38
20251031,126400,0649_6861,2.31583333,48.83833333,95.45,17
20251031,176255,0650_6861,2.32055556,48.83833333,77.84,17
20251031,184166,0650_6861,2.32194444,48.83833333,91.94,17
20251031,130233,0652_6861,2.34944444,48.83833333,60.18,38
20251031,133775,0653_6860,2.36972222,48.83833333,75.78,38
20251031,130173,0654_6860,2.38111111,48.83833333,69.85,38
20251031,138312,0665_6860,2.52361111,48.83833333,75.55,38
20251031,66486,0666_6860,2.54138889,48.83833333,136.01,38
20251031,97127,0668_6860,2.57638889,48.83833333,138.00,38
20251031,174912,0675_6860,2.66194444,48.83833333,132.98,17
20251031,133437,0643_6861,2.23444444,48.83861111,68.30,38
20251031,98365,0644_6861,2.24555556,48.83861111,52.44,38
20251031,100614,0644_6861,2.24916667,48.83861111,75.51,38
20251031,61192,0645_6861,2.25805556,48.83861111,73.61,38
20251031,66078,0646_6861,2.27166667,48.83861111,74.86,38
20251031,100958,0647_6861,2.29027778,48.83861111,77.19,38
20251031,59792,0648_6861,2.29388889,48.83861111,63.47,38
20251031,125973,0648_6861,2.30027778,48.83861111,72.30,38
20251031,139117,0648_6861,2.30055556,48.83861111,73.70,17
20251031,64263,0649_6861,2.30611111,48.83861111,89.07,38
20251031,93581,0654_6861,2.37861111,48.83861111,67.55,17
20251031,90967,0656_6861,2.40583333,48.83861111,85.12,38
20251031,160035,0656_6861,2.41138889,48.83861111,61.39,17
20251031,146526,0665_6860,2.53361111,48.83861111,107.16,38
20251031,42789,0668_6860,2.57583333,48.83861111,134.75,38
20251031,32221,0671_6860,2.61555556,48.83861111,178.27,4
20251031,4951,0672_6860,2.63138889,48.83861111,101.32,17
20251031,58835,0674_6860,2.65750000,48.83861111,123.16,38
20251031,100202,0684_6860,2.78833333,48.83861111,139.75,38
20251031,110789,0637_6861,2.14472222,48.83888889,157.72,32
20251031,97998,0640_6861,2.18833333,48.83888889,129.87,26
20251031,114523,0641_6861,2.20305556,48.83888889,101.77,38
20251031,187333,0645_6861,2.25166667,48.83888889,71.33,38
20251031,51709,0645_6861,2.26250000,48.83888889,71.40,38
20251031,90309,0646_6861,2.27527778,48.83888889,65.21,17
20251031,191889,0646_6861,2.27750000,48.83888889,50.49,38
20251031,176572,0647_6861,2.28277778,48.83888889,74.80,17
20251031,43948,0647_6861,2.28694444,48.83888889,64.03,38
20251031,164699,0649_6861,2.30972222,48.83888889,88.69,38
20251031,66637,0649_6861,2.31333333,48.83888889,101.95,38
20251031,106213,0649_6861,2.31750000,48.83888889,102.18,17
20251031,155911,0650_6861,2.32055556,48.83888889,79.30,17
20251031,91545,0654_6861,2.38611111,48.83888889,69.60,23
20251031,72008,0655_6861,2.40000000,48.83888889,71.74,38
20251031,76962,0663_6860,2.49916667,48.83888889,65.52,38
20251031,129952,0666_6860,2.54972222,48.83888889,126.36,38
20251031,178894,0667_6860,2.55638889,48.83888889,151.09,17
20251031,130996,0672_6860,2.63027778,48.83888889,117.64,38
20251031,99229,0673_6860,2.63250000,48.83888889,98.60,17
20251031,86639,0673_6860,2.63388889,48.83888889,90.98,17
20251031,126094,0641_6861,2.20638889,48.83916667,96.08,42
20251031,179764,0643_6861,2.23111111,48.83916667,64.74,38
20251031,130595,0644_6861,2.24000000,48.83916667,61.97,38
20251031,122748,0645_6861,2.26027778,48.83916667,64.39,17
20251031,190912,0646_6861,2.27583333,48.83916667,56.87,38
20251031,57478,0647_6861,2.27805556,48.83916667,65.72,38
20251031,64262,0647_6861,2.27916667,48.83916667,59.52,38
20251031,146442,0649_6861,2.30583333,48.83916667,76.53,38
20251031,93218,0652_6861,2.35583333,48.83916667,43.29,39
20251031,90181,0655_6861,2.39583333,48.83916667,82.80,17
20251031,43767,0662_6861,2.48305556,48.83916667,106.37,38
20251031,87149,0662_6861,2.49138889,48.83916667,92.54,17
20251031,168614,0666_6860,2.54805556,48.83916667,104.02,17
20251031,168615,0666_6860,2.54833333,48.83916667,129.50,17
20251031,76947,0667_6860,2.56111111,48.83916667,124.67,38
20251031,181213,0669_6860,2.58805556,48.83916667,122.51,17
20251031,87165,0631_6861,2.06583333,48.83944444,160.28,26
20251031,84411,0631_6861,2.06666667,48.83944444,161.21,26
20251031,22706,0640_6861,2.19583333,48.83944444,109.21,32
20251031,173818,0641_6861,2.20500000,48.83944444,95.90,49
20251031,110423,0645_6861,2.25583333,48.83944444,69.22,17
20251031,43018,0646_6861,2.26444444,48.83944444,70.19,38
20251031,173332,0647_6861,2.28888889,48.83944444,67.48,38
20251031,178460,0648_6861,2.30277778,48.83944444,76.75,38
20251031,174197,0649_6861,2.30833333,48.83944444,73.09,17
20251031,65587,0649_6861,2.31138889,48.83944444,82.19,38
20251031,66393,0650_6861,2.32277778,48.83944444,90.20,38
20251031,91285,0654_6861,2.38194444,48.83944444,65.30,38
20251031,106395,0655_6861,2.38916667,48.83944444,71.59,17
20251031,70068,0656_6861,2.40527778,48.83944444,72.60,38
20251031,124590,0666_6861,2.54527778,48.83944444,119.47,17
20251031,86640,0674_6860,2.65416667,48.83944444,98.75,17
20251031,185008,0675_6860,2.66194444,48.83944444,124.45,26
20251031,124528,0634_6861,2.11000000,48.83972222,182.26,17
20251031,145972,0635_6861,2.12277778,48.83972222,191.17,38
20251031,119855,0639_6861,2.16972222,48.83972222,161.67,17
20251031,31508,0642_6861,2.21222222,48.83972222,129.20,39
20251031,110845,0643_6861,2.23194444,48.83972222,58.80,38
20251031,192013,0644_6861,2.24888889,48.83972222,61.14,38
20251031,135985,0645_6861,2.26111111,48.83972222,65.38,38
20251031,144136,0649_6861,2.30722222,48.83972222,74.59,38
20251031,66609,0649_6861,2.31694444,48.83972222,125.48,38
20251031,93229,0652_6861,2.35555556,48.83972222,69.50,38
20251031,39877,0667_6861,2.56027778,48.83972222,124.33,38
20251031,28971,0679_6861,2.71638889,48.83972222,157.48,20
20251031,22811,0634_6861,2.10972222,48.84000000,213.26,23
20251031,100953,0641_6861,2.20777778,48.84000000,114.37,23
20251031,170674,0641_6861,2.20805556,48.84000000,114.37,23
20251031,126972,0643_6861,2.22500000,48.84000000,60.41,17
20251031,104895,0644_6861,2.23750000,48.84000000,62.68,38
20251031,181643,0644_6861,2.24333333,48.84000000,59.35,17
20251031,170475,0646_6861,2.26583333,48.84000000,64.77,38
20251031,77841,0654_6861,2.37527778,48.84000000,52.61,17
20251031,90965,0656_6861,2.40083333,48.84000000,92.81,38
20251031,161056,0657_6861,2.41583333,48.84000000,69.57,38
20251031,117822,0661_6861,2.47333333,48.84000000,93.19,38
20251031,60791,0664_6861,2.52222222,48.84000000,59.82,38
20251031,110898,0666_6861,2.54666667,48.84000000,124.25,17
20251031,137684,0645_6861,2.25611111,48.84027778,67.99,38
20251031,152952,0646_6861,2.26750000,48.84027778,91.72,17
20251031,115010,0648_6861,2.29444444,48.84027778,66.03,38
20251031,190261,0648_6861,2.29777778,48.84027778,58.65,17
20251031,99754,0648_6861,2.29861111,48.84027778,69.11,38
20251031,92196,0648_6861,2.30277778,48.84027778,71.08,17
20251031,133469,0649_6861,2.31555556,48.84027778,85.51,17
20251031,131986,0650_6861,2.32416667,48.84027778,85.98,17
20251031,184230,0652_6861,2.35833333,48.84027778,64.60,38
20251031,101119,0654_6861,2.38333333,48.84027778,43.99,32
20251031,112051,0655_6861,2.39416667,48.84027778,77.38,38
20251031,125545,0666_6861,2.54916667,48.84027778,124.57,38
20251031,102059,0667_6861,2.56083333,48.84027778,121.31,38
20251031,34528,0667_6861,2.56194444,48.84027778,123.86,38
20251031,189299,0638_6861,2.16111111,48.84055556,166.15,17
20251031,96596,0639_6861,2.16916667,48.84055556,160.27,38
20251031,184849,0645_6861,2.25083333,48.84055556,64.18,38
20251031,56809,0645_6861,2.25638889,48.84055556,72.06,38
20251031,97495,0647_6861,2.28055556,48.84055556,81.53,38
20251031,139766,0654_6861,2.38611111,48.84055556,68.37,17
20251031,179757,0655_6861,2.39638889,48.84055556,74.06,38
20251031,188397,0656_6861,2.40111111,48.84055556,88.15,38
20251031,178900,0656_6861,2.40722222,48.84055556,68.18,38
20251031,124589,0666_6861,2.54694444,48.84055556,119.38,17
20251031,152508,0673_6861,2.63277778,48.84055556,110.67,38
20251031,7770,0641_6861,2.20583333,48.84083333,111.09,38
20251031,177801,0645_6861,2.25222222,48.84083333,76.18,17
20251031,186115,0645_6861,2.25638889,48.84083333,71.16,38
20251031,101383,0646_6861,2.27138889,48.84083333,35.56,12
20251031,64276,0647_6861,2.28083333,48.84083333,74.03,38
20251031,127933,0649_6861,2.31500000,48.84083333,86.42,38
20251031,189151,0650_6861,2.32027778,48.84083333,119.26,17
20251031,190476,0652_6861,2.35361111,48.84083333,64.04,17
20251031,93950,0653_6861,2.36083333,48.84083333,73.72,38
20251031,141997,0654_6861,2.37916667,48.84083333,73.39,17
20251031,21492,0655_6861,2.38833333,48.84083333,65.51,38
20251031,172018,0655_6861,2.39138889,48.84083333,79.75,38
20251031,86645,0666_6861,2.54722222,48.84083333,101.64,17
20251031,94493,0617_6861,1.87277778,48.84111111,105.52,17
20251031,110790,0636_6861,2.14055556,48.84111111,159.92,32
20251031,155645,0639_6861,2.18166667,48.84111111,148.62,38
20251031,61623,0644_6861,2.24472222,48.84111111,72.05,38
20251031,177534,0645_6861,2.25388889,48.84111111,76.19,17
20251031,116792,0646_6861,2.26805556,48.84111111,59.35,17
20251031,64275,0648_6861,2.29694444,48.84111111,67.19,38
20251031,30698,0649_6861,2.30777778,48.84111111,73.24,38
20251031,112696,0650_6861,2.32027778,48.84111111,97.60,17
20251031,159840,0650_6861,2.32944444,48.84111111,76.85,17
20251031,150302,0651_6861,2.33861111,48.84111111,81.44,38
20251031,55666,0651_6861,2.34583333,48.84111111,82.94,38
20251031,152805,0654_6861,2.37916667,48.84111111,78.25,17
20251031,173936,0655_6861,2.38944444,48.84111111,80.50,38
20251031,141889,0655_6861,2.39055556,48.84111111,80.63,17
20251031,79033,0656_6861,2.41111111,48.84111111,79.82,38
20251031,146525,0665_6861,2.52638889,48.84111111,70.30,38
20251031,3178,0646_6861,2.26888889,48.84138889,66.76,38
20251031,182776,0647_6861,2.28083333,48.84138889,65.13,38
20251031,83177,0648_6861,2.30027778,48.84138889,61.84,17
20251031,34437,0649_6861,2.31527778,48.84138889,79.83,38
20251031,145047,0649_6861,2.31722222,48.84138889,94.78,17
20251031,132739,0650_6861,2.33000000,48.84138889,84.76,38
20251031,188764,0650_6861,2.33222222,48.84138889,83.14,38
20251031,174977,0653_6861,2.36138889,48.84138889,70.95,38
20251031,183831,0654_6861,2.37611111,48.84138889,77.48,38
20251031,72460,0655_6861,2.38861111,48.84138889,85.19,38
20251031,87850,0662_6861,2.49416667,48.84138889,77.05,17
20251031,155815,0663_6861,2.49777778,48.84138889,71.41,38
20251031,111442,0642_6861,2.21972222,48.84166667,92.34,38
20251031,82420,0645_6861,2.25805556,48.84166667,71.22,38
20251031,162728,0647_6861,2.28611111,48.84166667,61.96,38
20251031,66082,0647_6861,2.28750000,48.84166667,70.58,38
20251031,65595,0648_6861,2.29500000,48.84166667,62.47,38
20251031,66343,0648_6861,2.30166667,48.84166667,77.46,38
20251031,108100,0649_6861,2.30777778,48.84166667,70.34,38
20251031,102641,0652_6861,2.34861111,48.84166667,83.23,17
20251031,122536,0653_6861,2.36277778,48.84166667,67.66,38
20251031,70064,0654_6861,2.38500000,48.84166667,70.41,38
20251031,71900,0656_6861,2.41027778,48.84166667,84.97,38
20251031,4756,0656_6861,2.41222222,48.84166667,75.36,38
20251031,49874,0662_6861,2.48250000,48.84166667,124.91,38
20251031,76674,0663_6861,2.49861111,48.84166667,70.49,38
20251031,102227,0666_6861,2.54555556,48.84166667,114.61,17
20251031,110490,0666_6861,2.54611111,48.84166667,124.94,38
20251031,32840,0666_6861,2.54666667,48.84166667,139.94,38
20251031,118194,0668_6861,2.57750000,48.84166667,123.02,38
20251031,182068,0672_6861,2.61916667,48.84166667,116.47,38
20251031,158775,0639_6861,2.17277778,48.84194444,189.68,17
20251031,123163,0641_6861,2.20583333,48.84194444,116.93,38
20251031,177805,0645_6861,2.25222222,48.84194444,74.91,17
20251031,94018,0648_6861,2.30000000,48.84194444,62.69,38
20251031,157394,0649_6861,2.31750000,48.84194444,82.19,17
20251031,97933,0650_6861,2.31944444,48.84194444,89.32,38
20251031,191267,0650_6861,2.32333333,48.84194444,89.23,17
20251031,191596,0650_6861,2.32472222,48.84194444,77.72,38
20251031,100089,0650_6861,2.32583333,48.84194444,84.55,38
20251031,111955,0651_6861,2.33361111,48.84194444,79.68,38
20251031,92334,0651_6861,2.34083333,48.84194444,89.37,38
20251031,120729,0653_6861,2.36000000,48.84194444,64.79,17
20251031,171019,0655_6861,2.39583333,48.84194444,74.26,38
20251031,72632,0655_6861,2.39722222,48.84194444,87.07,38
20251031,47581,0665_6861,2.52694444,48.84194444,65.42,38
20251031,134165,0669_6861,2.58444444,48.84194444,126.54,17
20251031,86097,0671_6861,2.60500000,48.84194444,110.53,38
20251031,185251,0671_6861,2.60555556,48.84194444,113.61,38
20251031,136312,0671_6861,2.60583333,48.84194444,113.64,38
20251031,25414,0633_6861,2.09361111,48.84222222,207.23,26
20251031,129348,0643_6861,2.23361111,48.84222222,62.84,38
20251031,178153,0645_6861,2.25388889,48.84222222,76.12,17
20251031,21465,0646_6861,2.26472222,48.84222222,76.40,38
20251031,95465,0646_6861,2.27555556,48.84222222,55.32,38
20251031,147904,0646_6861,2.27722222,48.84222222,60.58,17
20251031,25734,0650_6861,2.32194444,48.84222222,275.56,38
20251031,164789,0650_6861,2.33027778,48.84222222,74.04,17
20251031,124519,0653_6861,2.36388889,48.84222222,37.86,17
20251031,84091,0656_6861,2.41194444,48.84222222,98.81,38
20251031,141012,0657_6861,2.41611111,48.84222222,76.93,38
20251031,81093,0657_6861,2.41722222,48.84222222,78.98,38
20251031,69119,0666_6861,2.54361111,48.84222222,138.58,38
20251031,150318,0630_6861,2.05916667,48.84250000,151.44,42
20251031,165278,0634_6861,2.11305556,48.84250000,198.99,26
20251031,175601,0637_6861,2.14722222,48.84250000,186.64,38
20251031,35120,0638_6861,2.16694444,48.84250000,199.14,4
20251031,129473,0642_6861,2.21500000,48.84250000,100.59,42
20251031,89632,0645_6861,2.25722222,48.84250000,70.97,17
20251031,112714,0645_6861,2.26194444,48.84250000,68.43,38
20251031,66089,0647_6861,2.28805556,48.84250000,72.96,38
20251031,64261,0649_6861,2.31166667,48.84250000,82.28,38
20251031,91439,0651_6861,2.34166667,48.84250000,82.23,38
20251031,110978,0652_6861,2.35194444,48.84250000,71.29,17
20251031,81025,0652_6861,2.35222222,48.84250000,71.69,38
20251031,46163,0653_6861,2.37222222,48.84250000,80.03,38
20251031,100854,0653_6861,2.37305556,48.84250000,89.65,38
20251031,70067,0655_6861,2.39722222,48.84250000,79.78,38
20251031,138808,0656_6861,2.40694444,48.84250000,91.08,38
20251031,89280,0657_6861,2.42611111,48.84250000,67.63,17
20251031,21230,0662_6861,2.48416667,48.84250000,131.77,38
20251031,34589,0663_6861,2.50416667,48.84250000,72.57,38
20251031,82307,0669_6861,2.57805556,48.84250000,103.78,17
20251031,89524,0669_6861,2.58472222,48.84250000,122.50,38
20251031,99232,0684_6861,2.78611111,48.84250000,150.97,4
20251031,174360,0639_6861,2.17777778,48.84277778,169.66,17
20251031,4784,0642_6861,2.21305556,48.84277778,123.39,38
20251031,135367,0642_6861,2.21333333,48.84277778,122.35,38
20251031,98884,0642_6861,2.21527778,48.84277778,103.79,32
20251031,64567,0643_6861,2.23166667,48.84277778,89.30,38
20251031,90702,0645_6861,2.25888889,48.84277778,67.00,38
20251031,45850,0647_6861,2.28444444,48.84277778,62.94,38
20251031,164790,0649_6861,2.31611111,48.84277778,71.99,17
20251031,184757,0650_6861,2.31916667,48.84277778,82.33,17
20251031,187548,0650_6861,2.33000000,48.84277778,73.95,17
20251031,123026,0654_6861,2.37583333,48.84277778,84.62,38
20251031,171420,0654_6861,2.37611111,48.84277778,47.60,17
20251031,85148,0655_6861,2.39305556,48.84277778,95.70,38
20251031,163484,0656_6861,2.40111111,48.84277778,73.91,38
20251031,59690,0658_6861,2.42944444,48.84277778,77.64,38
20251031,32388,0634_6861,2.10388889,48.84305556,209.86,23
20251031,187531,0644_6861,2.24305556,48.84305556,66.80,38
20251031,97381,0645_6861,2.25555556,48.84305556,67.56,38
20251031,121499,0645_6861,2.25583333,48.84305556,68.77,17
20251031,36026,0645_6861,2.25972222,48.84305556,67.82,38
20251031,142836,0647_6861,2.27888889,48.84305556,57.99,38
20251031,170036,0647_6861,2.28277778,48.84305556,59.03,38
20251031,137740,0648_6861,2.29361111,48.84305556,57.40,17
20251031,94397,0648_6861,2.30166667,48.84305556,68.67,38
20251031,189002,0649_6861,2.31527778,48.84305556,73.72,38
20251031,97188,0650_6861,2.32305556,48.84305556,64.69,17
20251031,85211,0650_6861,2.33000000,48.84305556,82.85,17
20251031,49029,0651_6861,2.33361111,48.84305556,86.12,38
20251031,70057,0654_6861,2.37333333,48.84305556,92.86,38
20251031,99073,0654_6861,2.37388889,48.84305556,115.09,17
20251031,191117,0654_6861,2.38666667,48.84305556,67.82,38
20251031,166348,0655_6861,2.39111111,48.84305556,82.19,39
20251031,71802,0656_6861,2.40250000,48.84305556,73.36,38
20251031,88442,0656_6861,2.40888889,48.84305556,87.93,38
20251031,180546,0657_6861,2.41555556,48.84305556,78.54,17
20251031,76949,0657_6861,2.41694444,48.84305556,80.09,38
20251031,167762,0658_6861,2.43111111,48.84305556,73.30,38
20251031,118347,0667_6861,2.55138889,48.84305556,130.22,38
20251031,138810,0668_6861,2.57694444,48.84305556,142.48,17
20251031,152857,0671_6861,2.61694444,48.84305556,118.24,38
20251031,176575,0675_6861,2.66527778,48.84305556,130.92,26
20251031,184904,0627_6861,2.01527778,48.84333333,116.06,26
20251031,52732,0644_6861,2.24361111,48.84333333,66.68,38
20251031,142357,0645_6861,2.25305556,48.84333333,57.11,17
20251031,64272,0649_6861,2.30666667,48.84333333,61.78,38
20251031,154188,0652_6861,2.35250000,48.84333333,70.48,38
20251031,150546,0656_6861,2.40138889,48.84333333,83.97,17
20251031,112959,0659_6861,2.44500000,48.84333333,81.81,23
20251031,70081,0660_6861,2.46638889,48.84333333,89.27,38
20251031,112896,0661_6861,2.46916667,48.84333333,84.72,38
20251031,188220,0666_6861,2.54861111,48.84333333,119.74,38
20251031,97264,0674_6861,2.65361111,48.84333333,126.01,38
20251031,181677,0647_6861,2.28138889,48.84361111,56.54,38
20251031,154922,0648_6861,2.29944444,48.84361111,75.76,17
20251031,93463,0650_6861,2.32194444,48.84361111,83.24,38
20251031,60614,0650_6861,2.32333333,48.84361111,100.20,38
20251031,188970,0651_6861,2.33305556,48.84361111,80.33,38
20251031,189637,0655_6861,2.38916667,48.84361111,78.13,38
20251031,183826,0656_6861,2.40111111,48.84361111,86.09,38
20251031,142703,0668_6861,2.57722222,48.84361111,124.58,38
20251031,102938,0671_6861,2.61638889,48.84361111,104.72,17
20251031,177816,0672_6861,2.62277778,48.84361111,110.27,38
20251031,116304,0673_6861,2.63388889,48.84361111,106.17,38
20251031,52268,0640_6861,2.18500000,48.84388889,143.76,38
20251031,190106,0640_6861,2.19388889,48.84388889,133.26,38
20251031,52842,0641_6861,2.20944444,48.84388889,141.95,38
20251031,64566,0644_6861,2.24166667,48.84388889,67.37,38
20251031,114776,0645_6861,2.26055556,48.84388889,73.77,38
20251031,83118,0645_6861,2.26361111,48.84388889,66.21,38
20251031,64273,0646_6861,2.27694444,48.84388889,82.95,17
20251031,155376,0650_6861,2.32472222,48.84388889,72.71,17
20251031,167850,0650_6861,2.32527778,48.84388889,77.43,17
20251031,12485,0651_6861,2.34555556,48.84388889,90.78,20
20251031,141937,0652_6861,2.35305556,48.84388889,79.04,17
20251031,99072,0653_6861,2.37111111,48.84388889,41.52,17
20251031,91323,0654_6861,2.38000000,48.84388889,65.39,38
20251031,170527,0655_6861,2.39111111,48.84388889,76.14,38
20251031,147204,0664_6861,2.52166667,48.84388889,55.00,38
20251031,174193,0665_6861,2.53027778,48.84388889,64.94,17
20251031,99225,0671_6861,2.61500000,48.84388889,103.41,17
20251031,115690,0636_6861,2.13750000,48.84416667,151.96,38
20251031,191490,0641_6861,2.20055556,48.84416667,122.92,38
20251031,192389,0642_6861,2.21666667,48.84416667,99.05,32
20251031,185319,0645_6861,2.25638889,48.84416667,69.10,17
20251031,121305,0647_6861,2.28805556,48.84416667,61.37,38
20251031,175903,0650_6861,2.32916667,48.84416667,75.77,38
20251031,119004,0650_6861,2.32944444,48.84416667,77.77,38
20251031,143517,0651_6861,2.34527778,48.84416667,87.78,38
20251031,87993,0653_6861,2.37222222,48.84416667,38.71,17
20251031,87456,0654_6861,2.37444444,48.84416667,59.25,17
20251031,91825,0655_6861,2.38944444,48.84416667,79.77,38
20251031,71600,0660_6861,2.46361111,48.84416667,91.07,38
20251031,99221,0671_6861,2.61555556,48.84416667,120.40,38
20251031,126425,0684_6861,2.78833333,48.84416667,140.04,17
20251031,38820,0684_6861,2.79138889,48.84416667,158.83,23
20251031,126610,0642_6861,2.21722222,48.84444444,94.86,17
20251031,40117,0642_6861,2.21972222,48.84444444,93.01,38
20251031,65591,0647_6861,2.27972222,48.84444444,65.77,38
20251031,57248,0648_6861,2.30416667,48.84444444,78.96,38
20251031,166888,0652_6861,2.35055556,48.84444444,85.47,38
20251031,179307,0653_6861,2.37250000,48.84444444,44.46,17
20251031,72002,0653_6861,2.37305556,48.84444444,78.84,38
20251031,86702,0665_6861,2.52666667,48.84444444,53.84,23
20251031,57250,0665_6861,2.53000000,48.84444444,62.84,17
20251031,172109,0665_6861,2.53250000,48.84444444,68.81,17
20251031,187052,0644_6861,2.24777778,48.84472222,54.71,38
20251031,84545,0646_6861,2.27750000,48.84472222,63.54,17
20251031,59363,0648_6861,2.29166667,48.84472222,64.34,38
20251031,64274,0650_6861,2.32055556,48.84472222,73.39,38
20251031,39624,0651_6861,2.34027778,48.84472222,93.40,17
20251031,9657,0655_6861,2.39916667,48.84472222,89.31,38
20251031,170745,0656_6861,2.40888889,48.84472222,80.41,17
20251031,91452,0666_6861,2.54361111,48.84472222,96.21,17
20251031,182434,0669_6861,2.57777778,48.84472222,137.51,38
20251031,8190,0617_6862,1.87277778,48.84500000,133.65,23
20251031,174304,0633_6861,2.08722222,48.84500000,184.43,49
20251031,185105,0645_6861,2.25277778,48.84500000,55.19,17
20251031,174998,0647_6861,2.28611111,48.84500000,56.98,38
20251031,181735,0647_6861,2.28972222,48.84500000,54.32,38
20251031,91286,0648_6861,2.29361111,48.84500000,74.18,38
20251031,104764,0649_6861,2.30972222,48.84500000,72.43,17
20251031,118901,0649_6861,2.31027778,48.84500000,65.64,38
20251031,55896,0650_6861,2.32472222,48.84500000,73.17,38
20251031,87925,0653_6861,2.37111111,48.84500000,133.89,17
20251031,9081,0654_6861,2.38472222,48.84500000,94.56,38
20251031,72630,0655_6861,2.38805556,48.84500000,83.65,38
20251031,92463,0656_6861,2.41000000,48.84500000,91.77,17
20251031,186624,0662_6861,2.48833333,48.84500000,116.74,17
20251031,4880,0668_6861,2.56888889,48.84500000,102.83,17
20251031,54029,0642_6861,2.21916667,48.84527778,100.80,38
20251031,65083,0644_6861,2.23694444,48.84527778,71.88,38
20251031,78192,0646_6861,2.27250000,48.84527778,70.45,38
20251031,65586,0647_6861,2.28472222,48.84527778,69.99,38
20251031,124924,0648_6861,2.29805556,48.84527778,67.46,38
20251031,176261,0648_6861,2.30305556,48.84527778,77.90,17
20251031,189902,0649_6861,2.30972222,48.84527778,56.28,38
20251031,165767,0649_6861,2.31000000,48.84527778,66.06,38
20251031,164698,0649_6861,2.31305556,48.84527778,74.04,38
20251031,168263,0649_6861,2.31833333,48.84527778,75.25,17
20251031,126822,0651_6861,2.34222222,48.84527778,84.66,38
20251031,82908,0652_6861,2.35666667,48.84527778,65.96,17
20251031,4703,0654_6861,2.37777778,48.84527778,75.08,38
20251031,185608,0654_6861,2.37833333,48.84527778,56.91,38
20251031,190074,0654_6861,2.38138889,48.84527778,67.27,17
20251031,72012,0655_6861,2.39583333,48.84527778,91.48,38
20251031,166853,0656_6861,2.40277778,48.84527778,77.45,17
20251031,52285,0657_6861,2.42305556,48.84527778,76.36,38
20251031,163887,0657_6861,2.42666667,48.84527778,72.79,38
20251031,165789,0658_6861,2.42805556,48.84527778,77.20,38
20251031,94438,0658_6861,2.43333333,48.84527778,79.71,17
20251031,104783,0661_6861,2.47694444,48.84527778,116.31,38
20251031,102529,0642_6861,2.21972222,48.84555556,94.60,38
20251031,134488,0647_6861,2.28555556,48.84555556,55.75,38
20251031,167452,0648_6861,2.29833333,48.84555556,63.86,38
20251031,138652,0649_6861,2.30916667,48.84555556,70.25,17
20251031,117949,0649_6861,2.31388889,48.84555556,78.07,17
20251031,164693,0650_6861,2.31944444,48.84555556,72.32,38
20251031,56027,0650_6861,2.32416667,48.84555556,79.71,38
20251031,156731,0650_6861,2.32555556,48.84555556,66.01,17
20251031,106672,0650_6861,2.32777778,48.84555556,64.29,38
20251031,163236,0652_6861,2.35722222,48.84555556,68.26,17
20251031,187378,0654_6861,2.38166667,48.84555556,63.67,38
20251031,156472,0655_6861,2.39694444,48.84555556,88.45,38
20251031,54562,0663_6861,2.49611111,48.84555556,79.89,38
20251031,97404,0665_6861,2.52638889,48.84555556,69.48,26
20251031,14058,0678_6861,2.70388889,48.84555556,152.00,4
20251031,39944,0640_6861,2.19027778,48.84583333,144.61,17
20251031,64571,0644_6861,2.23888889,48.84583333,60.98,38
20251031,155225,0645_6861,2.25833333,48.84583333,71.75,38
20251031,55522,0646_6861,2.26444444,48.84583333,75.03,38
20251031,102058,0647_6861,2.28277778,48.84583333,63.85,38
20251031,188427,0648_6861,2.29888889,48.84583333,60.86,38
20251031,158139,0650_6861,2.32444444,48.84583333,75.33,38
20251031,52182,0650_6861,2.32527778,48.84583333,72.01,38
20251031,181247,0652_6861,2.34972222,48.84583333,80.63,38
20251031,7788,0652_6861,2.35861111,48.84583333,74.04,38
20251031,187933,0653_6861,2.37166667,48.84583333,59.33,17
20251031,72009,0654_6861,2.38138889,48.84583333,65.17,38
20251031,70062,0654_6861,2.38194444,48.84583333,69.97,38
20251031,180814,0655_6861,2.39444444,48.84583333,72.92,38
20251031,2098,0657_6861,2.41527778,48.84583333,93.82,38
20251031,191939,0647_6861,2.27805556,48.84611111,60.49,17
20251031,64266,0647_6861,2.28416667,48.84611111,71.40,38
20251031,101242,0649_6861,2.31500000,48.84611111,51.75,17
20251031,99917,0650_6861,2.31944444,48.84611111,60.43,38
20251031,182067,0651_6861,2.34138889,48.84611111,83.41,38
20251031,157959,0652_6861,2.35555556,48.84611111,67.46,17
20251031,177873,0653_6861,2.36944444,48.84611111,69.56,17
20251031,103930,0655_6861,2.39805556,48.84611111,81.38,38
20251031,72010,0656_6861,2.41027778,48.84611111,90.05,38
20251031,111585,0657_6861,2.42000000,48.84611111,77.94,38
20251031,91897,0660_6861,2.45611111,48.84611111,77.78,17
20251031,168365,0674_6861,2.64833333,48.84611111,132.93,26
20251031,111446,0681_6861,2.74750000,48.84611111,155.00,23
20251031,167095,0643_6861,2.23166667,48.84638889,54.38,17
20251031,162080,0649_6861,2.31583333,48.84638889,68.97,17
20251031,50082,0650_6861,2.32916667,48.84638889,77.63,38
20251031,168943,0652_6861,2.35111111,48.84638889,73.78,17
20251031,150547,0653_6861,2.36750000,48.84638889,68.68,17
20251031,72006,0653_6861,2.37111111,48.84638889,69.58,38
20251031,95764,0654_6861,2.37666667,48.84638889,64.12,38
20251031,127580,0655_6861,2.39361111,48.84638889,80.54,38
20251031,97464,0661_6861,2.47861111,48.84638889,125.14,38
20251031,107070,0663_6861,2.50694444,48.84638889,74.01,38
20251031,123221,0668_6861,2.56583333,48.84638889,110.59,48
20251031,167652,0674_6861,2.64888889,48.84638889,123.05,26
20251031,35779,0643_6862,2.23138889,48.84666667,55.60,38
20251031,64564,0643_6862,2.23166667,48.84666667,59.68,38
20251031,185624,0643_6862,2.23222222,48.84666667,52.98,38
20251031,98924,0644_6862,2.23861111,48.84666667,63.15,38
20251031,163066,0644_6861,2.24888889,48.84666667,70.41,17
20251031,96534,0644_6861,2.24972222,48.84666667,68.73,17
20251031,179190,0646_6861,2.27361111,48.84666667,69.54,38
20251031,165674,0648_6861,2.30388889,48.84666667,59.17,38
20251031,71616,0649_6861,2.31277778,48.84666667,77.78,17
20251031,166704,0650_6861,2.32083333,48.84666667,64.88,38
20251031,45790,0650_6861,2.32583333,48.84666667,71.76,38
20251031,150367,0650_6861,2.33166667,48.84666667,67.92,38
20251031,186247,0653_6861,2.36611111,48.84666667,41.53,17
20251031,100928,0653_6861,2.37166667,48.84666667,64.73,38
20251031,173513,0656_6861,2.40638889,48.84666667,80.30,17
20251031,97783,0658_6861,2.43694444,48.84666667,60.13,17
20251031,139384,0666_6861,2.54472222,48.84666667,101.02,17
20251031,133287,0668_6861,2.57444444,48.84666667,109.58,17
20251031,155578,0644_6862,2.24833333,48.84694444,67.05,17
20251031,186567,0644_6862,2.24888889,48.84694444,66.41,17
20251031,46685,0645_6862,2.25694444,48.84694444,65.86,17
20251031,79533,0645_6862,2.26194444,48.84694444,76.98,38
20251031,2644,0647_6862,2.27916667,48.84694444,99.87,38
20251031,84642,0649_6861,2.30666667,48.84694444,65.93,38
20251031,43011,0651_6861,2.34305556,48.84694444,85.51,38
20251031,119986,0651_6861,2.34333333,48.84694444,83.51,38
20251031,126382,0652_6861,2.34833333,48.84694444,79.62,38
20251031,44331,0652_6861,2.35472222,48.84694444,73.14,38
20251031,69505,0662_6861,2.48388889,48.84694444,123.18,23
20251031,172856,0666_6861,2.54694444,48.84694444,105.16,38
20251031,75823,0673_6861,2.64277778,48.84694444,118.87,17
20251031,115968,0639_6862,2.17694444,48.84722222,185.99,48
20251031,108362,0642_6862,2.21472222,48.84722222,140.04,38
20251031,90473,0644_6862,2.24888889,48.84722222,60.41,17
20251031,184544,0647_6862,2.27944444,48.84722222,53.08,38
20251031,149637,0647_6862,2.28361111,48.84722222,58.25,38
20251031,187191,0647_6862,2.29000000,48.84722222,61.62,38
20251031,119232,0648_6862,2.29194444,48.84722222,67.74,38
20251031,97757,0650_6862,2.32666667,48.84722222,70.82,38
20251031,2073,0650_6862,2.33027778,48.84722222,72.32,38
20251031,114189,0653_6861,2.36972222,48.84722222,62.63,38
20251031,97013,0658_6861,2.43583333,48.84722222,63.82,38
20251031,120374,0659_6861,2.44305556,48.84722222,81.38,17
20251031,146375,0659_6861,2.45250000,48.84722222,84.11,38
20251031,179674,0663_6861,2.49638889,48.84722222,74.84,38
20251031,5848,0663_6861,2.49694444,48.84722222,77.76,38
20251031,88257,0665_6861,2.53250000,48.84722222,68.90,38
20251031,52250,0639_6862,2.17722222,48.84750000,185.14,48
20251031,170143,0644_6862,2.24972222,48.84750000,68.97,17
20251031,170265,0644_6862,2.25000000,48.84750000,73.17,17
20251031,172480,0648_6862,2.29694444,48.84750000,64.57,38
20251031,100622,0648_6862,2.30388889,48.84750000,72.18,38
20251031,187683,0650_6862,2.32222222,48.84750000,62.84,38
20251031,173686,0652_6862,2.35361111,48.84750000,65.46,38
20251031,150548,0653_6862,2.36888889,48.84750000,73.70,17
20251031,172419,0654_6862,2.37805556,48.84750000,57.21,38
20251031,164886,0654_6862,2.38416667,48.84750000,62.85,17
20251031,153861,0656_6861,2.41333333,48.84750000,86.35,17
20251031,135239,0660_6861,2.45944444,48.84750000,83.49,38
20251031,86979,0674_6861,2.64666667,48.84750000,122.25,26
20251031,42587,0637_6862,2.14944444,48.84777778,175.64,17
20251031,53356,0641_6862,2.20111111,48.84777778,162.93,38
20251031,166517,0644_6862,2.24472222,48.84777778,49.39,17
20251031,180987,0644_6862,2.24638889,48.84777778,56.54,17
20251031,110414,0645_6862,2.26333333,48.84777778,76.00,38
20251031,147393,0648_6862,2.29388889,48.84777778,54.68,17
20251031,64270,0648_6862,2.29611111,48.84777778,58.81,38
20251031,54952,0649_6862,2.31444444,48.84777778,66.41,38
20251031,110083,0654_6862,2.38222222,48.84777778,82.57,17
20251031,101250,0654_6862,2.38444444,48.84777778,76.85,38
20251031,168773,0655_6862,2.38833333,48.84777778,70.27,38
20251031,184386,0655_6862,2.39111111,48.84777778,72.58,38
20251031,192360,0656_6862,2.40916667,48.84777778,88.58,38
20251031,173556,0659_6862,2.44833333,48.84777778,83.65,38
20251031,43293,0663_6861,2.49777778,48.84777778,81.15,38
20251031,181207,0669_6861,2.57944444,48.84777778,92.82,12
20251031,126604,0643_6862,2.23194444,48.84805556,48.81,17
20251031,38173,0645_6862,2.26111111,48.84805556,76.45,38
20251031,91563,0646_6862,2.26944444,48.84805556,69.06,38
20251031,66075,0647_6862,2.28611111,48.84805556,68.73,38
20251031,103601,0647_6862,2.28944444,48.84805556,62.92,38
20251031,161961,0649_6862,2.31861111,48.84805556,68.33,38
20251031,160332,0651_6862,2.34083333,48.84805556,57.28,17
20251031,42258,0652_6862,2.34722222,48.84805556,75.75,38
20251031,94227,0654_6862,2.37611111,48.84805556,63.14,38
20251031,116476,0654_6862,2.37916667,48.84805556,61.88,38
20251031,120475,0656_6862,2.40388889,48.84805556,81.00,38
20251031,185833,0657_6862,2.41750000,48.84805556,73.55,38
20251031,117947,0658_6862,2.43972222,48.84805556,89.20,17
20251031,100980,0658_6862,2.44083333,48.84805556,87.57,17
20251031,138882,0671_6861,2.61305556,48.84805556,124.10,38
20251031,21834,0671_6861,2.61527778,48.84805556,142.62,38
20251031,79675,0673_6861,2.64250000,48.84805556,121.94,38
20251031,174705,0641_6862,2.20861111,48.84833333,145.35,38
20251031,48932,0644_6862,2.24888889,48.84833333,45.28,32
20251031,127216,0646_6862,2.27500000,48.84833333,64.01,17
20251031,11294,0647_6862,2.28611111,48.84833333,69.43,38
20251031,119555,0650_6862,2.33083333,48.84833333,69.41,38
20251031,82290,0651_6862,2.33972222,48.84833333,71.84,17
20251031,114483,0653_6862,2.36527778,48.84833333,64.29,38
20251031,3179,0655_6862,2.39388889,48.84833333,84.10,38
20251031,103240,0656_6862,2.40305556,48.84833333,89.96,38
20251031,11004,0657_6862,2.42361111,48.84833333,82.08,38
20251031,183135,0658_6862,2.43277778,48.84833333,75.55,38
20251031,160172,0659_6862,2.44805556,48.84833333,90.42,38
20251031,193219,0666_6862,2.54388889,48.84833333,90.17,38
20251031,183369,0669_6861,2.58611111,48.84833333,116.34,17
20251031,27104,0631_6862,2.07333333,48.84861111,191.61,49
20251031,36266,0636_6862,2.13638889,48.84861111,156.15,38
20251031,49149,0637_6862,2.15166667,48.84861111,186.42,38
20251031,39947,0642_6862,2.20972222,48.84861111,146.18,38
20251031,116979,0646_6862,2.26805556,48.84861111,70.01,38
20251031,96524,0647_6862,2.28138889,48.84861111,146.42,38
20251031,109034,0647_6862,2.28250000,48.84861111,52.37,17
20251031,151177,0647_6862,2.28750000,48.84861111,57.93,38
20251031,45154,0648_6862,2.30027778,48.84861111,67.90,17
20251031,71755,0648_6862,2.30305556,48.84861111,71.07,38
20251031,91208,0649_6862,2.31638889,48.84861111,61.15,19
20251031,58862,0651_6862,2.33694444,48.84861111,79.10,17
20251031,76052,0651_6862,2.34138889,48.84861111,74.98,38
20251031,181206,0651_6862,2.34416667,48.84861111,88.21,17
20251031,39264,0651_6862,2.34583333,48.84861111,82.80,38
20251031,181733,0652_6862,2.34916667,48.84861111,66.09,38
20251031,102644,0652_6862,2.35055556,48.84861111,70.73,38
20251031,7803,0652_6862,2.35750000,48.84861111,73.08,38
20251031,59689,0658_6862,2.43333333,48.84861111,81.66,38
20251031,92172,0662_6862,2.49222222,48.84861111,82.15,26
20251031,34116,0662_6862,2.49416667,48.84861111,74.45,17
20251031,45653,0666_6862,2.53861111,48.84861111,69.98,38
20251031,178363,0636_6862,2.13611111,48.84888889,134.08,17
20251031,91565,0646_6862,2.27333333,48.84888889,67.10,38
20251031,152738,0647_6862,2.29111111,48.84888889,57.14,17
20251031,139440,0648_6862,2.30277778,48.84888889,72.27,17
20251031,100609,0652_6862,2.35583333,48.84888889,66.04,38
20251031,167059,0652_6862,2.35694444,48.84888889,36.67,39
20251031,137428,0657_6862,2.41416667,48.84888889,97.41,38
20251031,70895,0659_6862,2.44333333,48.84888889,86.77,38
20251031,59688,0659_6862,2.44833333,48.84888889,97.92,38
20251031,187771,0670_6862,2.60138889,48.84888889,96.15,38
20251031,193344,0674_6862,2.65638889,48.84888889,114.95,38
20251031,173282,0642_6862,2.22250000,48.84916667,70.88,38
20251031,104802,0643_6862,2.23583333,48.84916667,67.73,17
20251031,139380,0645_6862,2.25972222,48.84916667,82.47,38
20251031,107599,0646_6862,2.27055556,48.84916667,54.68,17
20251031,91771,0647_6862,2.28250000,48.84916667,52.43,17
20251031,192031,0649_6862,2.30916667,48.84916667,66.16,38
20251031,178615,0649_6862,2.30972222,48.84916667,68.35,38
20251031,123017,0651_6862,2.33305556,48.84916667,68.73,38
20251031,155912,0651_6862,2.34305556,48.84916667,65.08,38
20251031,168975,0651_6862,2.34444444,48.84916667,84.31,17
20251031,72011,0654_6862,2.37833333,48.84916667,64.10,38
20251031,9864,0654_6862,2.38555556,48.84916667,62.50,38
20251031,191378,0655_6862,2.39388889,48.84916667,76.06,38
20251031,67596,0656_6862,2.40611111,48.84916667,81.80,38
20251031,69282,0657_6862,2.42527778,48.84916667,87.47,38
20251031,134311,0667_6862,2.55333333,48.84916667,104.98,17
20251031,54025,0667_6862,2.55666667,48.84916667,122.57,38
20251031,178529,0668_6862,2.56555556,48.84916667,97.70,17
20251031,90240,0668_6862,2.56722222,48.84916667,100.19,38
20251031,111988,0673_6862,2.64250000,48.84916667,109.35,17
20251031,136617,0680_6862,2.73333333,48.84916667,143.76,26
20251031,5068,0637_6862,2.15000000,48.84944444,171.26,17
20251031,160794,0645_6862,2.26000000,48.84944444,85.02,38
20251031,2088,0646_6862,2.26972222,48.84944444,70.47,38
20251031,179488,0647_6862,2.28416667,48.84944444,49.50,20
20251031,168356,0649_6862,2.31416667,48.84944444,70.93,38
20251031,109724,0649_6862,2.31833333,48.84944444,59.74,38
20251031,47951,0651_6862,2.33500000,48.84944444,65.14,38
20251031,125412,0651_6862,2.33583333,48.84944444,67.61,17
20251031,188655,0651_6862,2.33916667,48.84944444,73.46,38
20251031,178024,0651_6862,2.34583333,48.84944444,66.56,38
20251031,188472,0652_6862,2.35000000,48.84944444,63.62,38
20251031,165203,0654_6862,2.37666667,48.84944444,62.01,38
20251031,50182,0654_6862,2.38416667,48.84944444,98.51,17
20251031,60253,0655_6862,2.38750000,48.84944444,78.50,38
20251031,70022,0655_6862,2.39500000,48.84944444,75.17,38
20251031,185859,0657_6862,2.41972222,48.84944444,75.11,38
20251031,71588,0660_6862,2.46777778,48.84944444,101.46,38
20251031,178165,0663_6862,2.49833333,48.84944444,76.34,38
20251031,115885,0665_6862,2.52527778,48.84944444,54.57,26
20251031,190108,0641_6862,2.19805556,48.84972222,167.52,38
20251031,66620,0648_6862,2.29666667,48.84972222,76.90,38
20251031,46166,0650_6862,2.32694444,48.84972222,72.27,38
20251031,47946,0651_6862,2.34000000,48.84972222,73.40,38
20251031,5378,0652_6862,2.35305556,48.84972222,58.11,38
20251031,33743,0653_6862,2.36638889,48.84972222,85.90,38
20251031,173298,0655_6862,2.39861111,48.84972222,88.30,17
20251031,19460,0640_6862,2.19194444,48.85000000,171.14,17
20251031,24876,0647_6862,2.28361111,48.85000000,51.45,38
20251031,193016,0647_6862,2.28638889,48.85000000,50.36,38
20251031,183832,0648_6862,2.30083333,48.85000000,65.47,38
20251031,78351,0650_6862,2.32472222,48.85000000,68.74,38
20251031,102739,0653_6862,2.36972222,48.85000000,66.71,38
20251031,67473,0656_6862,2.41250000,48.85000000,91.73,38
20251031,142238,0658_6862,2.42972222,48.85000000,76.17,38
20251031,110081,0665_6862,2.53361111,48.85000000,60.32,38
20251031,126173,0642_6862,2.21611111,48.85027778,120.22,38
20251031,180650,0646_6862,2.27472222,48.85027778,60.55,38
20251031,47948,0646_6862,2.27555556,48.85027778,66.35,38
20251031,73335,0650_6862,2.31888889,48.85027778,56.44,38
20251031,160099,0650_6862,2.32388889,48.85027778,62.99,17
20251031,52692,0652_6862,2.34638889,48.85027778,71.30,38
20251031,153427,0652_6862,2.34777778,48.85027778,59.59,17
20251031,186763,0653_6862,2.36666667,48.85027778,78.04,38
20251031,186428,0656_6862,2.40888889,48.85027778,74.41,38
20251031,53252,0658_6862,2.43750000,48.85027778,83.05,38
20251031,118127,0630_6862,2.05611111,48.85055556,154.92,17
20251031,140682,0641_6862,2.20500000,48.85055556,153.27,38
20251031,168942,0646_6862,2.27333333,48.85055556,65.94,17
20251031,132408,0653_6862,2.36666667,48.85055556,69.54,17
20251031,116573,0654_6862,2.38194444,48.85055556,59.07,38
20251031,130925,0655_6862,2.39527778,48.85055556,72.23,38
20251031,180816,0656_6862,2.40583333,48.85055556,82.78,17
20251031,140864,0659_6862,2.45083333,48.85055556,90.01,38
20251031,60712,0663_6862,2.50416667,48.85055556,72.71,38
20251031,64256,0669_6862,2.58444444,48.85055556,100.30,38
20251031,180815,0646_6862,2.27750000,48.85083333,59.23,38
20251031,87035,0647_6862,2.28500000,48.85083333,52.05,38
20251031,149612,0651_6862,2.34138889,48.85083333,50.49,38
20251031,152955,0654_6862,2.37861111,48.85083333,55.24,17
20251031,105311,0655_6862,2.38972222,48.85083333,87.37,38
20251031,27712,0656_6862,2.41166667,48.85083333,99.63,38
20251031,146097,0657_6862,2.41861111,48.85083333,81.05,38
20251031,67169,0658_6862,2.42944444,48.85083333,81.20,38
20251031,178832,0662_6862,2.49361111,48.85083333,70.37,38
20251031,168616,0664_6862,2.52111111,48.85083333,42.71,38
20251031,180708,0665_6862,2.53444444,48.85083333,54.90,17
20251031,189607,0668_6862,2.57083333,48.85083333,93.09,38
20251031,162103,0668_6862,2.57166667,48.85083333,93.15,38
20251031,161191,0646_6862,2.26527778,48.85111111,73.68,38
20251031,147737,0646_6862,2.27750000,48.85111111,59.83,38
20251031,83860,0647_6862,2.27805556,48.85111111,57.64,17
20251031,131586,0650_6862,2.33027778,48.85111111,70.65,38
20251031,43269,0651_6862,2.33750000,48.85111111,64.68,38
20251031,165190,0652_6862,2.35944444,48.85111111,58.27,17
20251031,102225,0654_6862,2.38055556,48.85111111,50.95,17
20251031,165938,0662_6862,2.49444444,48.85111111,76.77,17
20251031,185682,0663_6862,2.50111111,48.85111111,70.10,38
20251031,51712,0645_6862,2.26166667,48.85138889,92.73,38
20251031,65596,0647_6862,2.29111111,48.85138889,76.29,38
20251031,178646,0648_6862,2.29361111,48.85138889,64.59,38
20251031,73336,0649_6862,2.30805556,48.85138889,77.72,38
20251031,7797,0649_6862,2.31027778,48.85138889,62.96,38
20251031,99747,0649_6862,2.31638889,48.85138889,61.16,38
20251031,184467,0650_6862,2.32361111,48.85138889,52.48,38
20251031,164885,0650_6862,2.33166667,48.85138889,62.89,17
20251031,45506,0651_6862,2.33611111,48.85138889,65.99,17
20251031,90919,0653_6862,2.37055556,48.85138889,81.28,17
20251031,126063,0654_6862,2.37500000,48.85138889,61.99,38
20251031,70027,0655_6862,2.39444444,48.85138889,86.05,38
20251031,15982,0669_6862,2.58250000,48.85138889,103.69,38
20251031,108191,0672_6862,2.62111111,48.85138889,118.31,4
20251031,52263,0642_6862,2.21694444,48.85166667,103.33,17
20251031,50928,0646_6862,2.26666667,48.85166667,79.23,38
20251031,129685,0647_6862,2.28916667,48.85166667,61.20,17
20251031,159115,0650_6862,2.32416667,48.85166667,45.22,17
20251031,162602,0650_6862,2.32972222,48.85166667,55.65,38
20251031,45265,0651_6862,2.33666667,48.85166667,61.82,17
20251031,99074,0651_6862,2.34083333,48.85166667,51.48,17
20251031,92455,0651_6862,2.34277778,48.85166667,67.64,38
20251031,85212,0651_6862,2.34361111,48.85166667,64.84,17
20251031,96852,0652_6862,2.35583333,48.85166667,60.09,38
20251031,100920,0652_6862,2.35777778,48.85166667,60.55,38
20251031,71815,0654_6862,2.37555556,48.85166667,69.07,38
20251031,119989,0654_6862,2.37861111,48.85166667,61.70,38
20251031,66883,0654_6862,2.38333333,48.85166667,77.59,38
20251031,187283,0656_6862,2.40500000,48.85166667,81.20,38
20251031,84153,0630_6862,2.04944444,48.85194444,157.68,26
20251031,110791,0630_6862,2.05055556,48.85194444,144.73,32
20251031,142886,0637_6862,2.14527778,48.85194444,155.58,38
20251031,89919,0646_6862,2.26777778,48.85194444,70.49,38
20251031,108136,0646_6862,2.26972222,48.85194444,67.85,38
20251031,97006,0646_6862,2.27722222,48.85194444,63.53,38
20251031,105900,0647_6862,2.28527778,48.85194444,38.22,32
20251031,189105,0648_6862,2.29805556,48.85194444,66.10,38
20251031,172006,0650_6862,2.32277778,48.85194444,71.20,20
20251031,43270,0651_6862,2.33944444,48.85194444,64.91,38
20251031,3516,0653_6862,2.36138889,48.85194444,40.09,999999999
20251031,183133,0653_6862,2.36472222,48.85194444,57.95,38
20251031,82109,0653_6862,2.37083333,48.85194444,70.02,17
20251031,141395,0657_6862,2.42416667,48.85194444,83.90,17
20251031,176921,0657_6862,2.42527778,48.85194444,83.64,17
20251031,4642,0663_6862,2.50500000,48.85194444,58.23,17
20251031,34115,0666_6862,2.54250000,48.85194444,57.61,17
20251031,79567,0645_6862,2.25472222,48.85222222,91.35,17
20251031,99989,0647_6862,2.28388889,48.85222222,37.73,12
20251031,146466,0650_6862,2.32388889,48.85222222,62.56,38
20251031,45330,0650_6862,2.32944444,48.85222222,68.56,38
20251031,159011,0651_6862,2.33972222,48.85222222,57.74,17
20251031,94020,0653_6862,2.37222222,48.85222222,48.08,17
20251031,2058,0654_6862,2.38250000,48.85222222,74.16,38
20251031,182484,0655_6862,2.39388889,48.85222222,97.77,17
20251031,174074,0655_6862,2.39805556,48.85222222,95.81,38
20251031,67285,0656_6862,2.40194444,48.85222222,95.04,38
20251031,115527,0656_6862,2.40638889,48.85222222,79.38,17
20251031,31221,0664_6862,2.51611111,48.85222222,60.20,38
20251031,36477,0669_6862,2.57888889,48.85222222,101.05,38
20251031,122146,0672_6862,2.63166667,48.85222222,88.37,26
20251031,145230,0684_6862,2.78500000,48.85222222,141.33,17
20251031,93767,0629_6862,2.03805556,48.85250000,143.15,17
20251031,140376,0630_6862,2.04944444,48.85250000,165.27,26
20251031,94965,0641_6862,2.20250000,48.85250000,142.78,38
20251031,122245,0645_6862,2.25666667,48.85250000,56.35,17
20251031,87105,0646_6862,2.27472222,48.85250000,64.57,38
20251031,130953,0646_6862,2.27555556,48.85250000,64.98,17
20251031,165192,0647_6862,2.28916667,48.85250000,77.25,38
20251031,124130,0648_6862,2.29805556,48.85250000,78.85,38
20251031,56520,0650_6862,2.32305556,48.85250000,60.04,38
20251031,127671,0651_6862,2.33472222,48.85250000,63.37,17
20251031,186949,0651_6862,2.34333333,48.85250000,60.34,38
20251031,83117,0653_6862,2.36055556,48.85250000,57.14,38
20251031,177046,0653_6862,2.36611111,48.85250000,60.56,17
20251031,177151,0655_6862,2.39305556,48.85250000,80.62,38
20251031,168217,0656_6862,2.40305556,48.85250000,87.56,38
20251031,68642,0657_6862,2.41722222,48.85250000,88.27,38
20251031,57101,0657_6862,2.41861111,48.85250000,103.04,38
20251031,133798,0662_6862,2.48694444,48.85250000,102.88,17
20251031,146180,0670_6862,2.60277778,48.85250000,100.21,20
20251031,166625,0672_6862,2.63166667,48.85250000,102.87,48
20251031,190642,0684_6862,2.78305556,48.85250000,142.34,17
20251031,81012,0647_6862,2.27777778,48.85277778,131.15,38
20251031,173103,0647_6862,2.28694444,48.85277778,58.67,38
20251031,119506,0649_6862,2.30888889,48.85277778,60.28,38
20251031,189504,0651_6862,2.33250000,48.85277778,62.13,38
20251031,100632,0651_6862,2.33777778,48.85277778,63.26,38
20251031,192234,0654_6862,2.38555556,48.85277778,65.04,17
20251031,155151,0656_6862,2.40277778,48.85277778,91.84,38
20251031,157242,0656_6862,2.41222222,48.85277778,85.65,38
20251031,162183,0659_6862,2.44611111,48.85277778,90.88,17
20251031,75730,0660_6862,2.45861111,48.85277778,104.96,38
20251031,169699,0664_6862,2.52111111,48.85277778,65.59,17
20251031,174986,0646_6862,2.26861111,48.85305556,75.40,38
20251031,80959,0651_6862,2.34444444,48.85305556,61.15,17
20251031,138979,0655_6862,2.38861111,48.85305556,74.79,38
20251031,186301,0656_6862,2.40138889,48.85305556,84.33,38
20251031,145659,0656_6862,2.41222222,48.85305556,85.95,38
20251031,69279,0657_6862,2.41750000,48.85305556,84.24,38
20251031,71601,0660_6862,2.45694444,48.85305556,96.59,38
20251031,98943,0660_6862,2.45777778,48.85305556,98.59,38
20251031,77287,0664_6862,2.51305556,48.85305556,62.32,38
20251031,118720,0645_6862,2.25583333,48.85333333,76.18,17
20251031,89918,0649_6862,2.31361111,48.85333333,67.24,38
20251031,73331,0649_6862,2.31444444,48.85333333,69.41,38
20251031,164806,0651_6862,2.33305556,48.85333333,61.21,17
20251031,164707,0651_6862,2.33555556,48.85333333,54.60,17
20251031,165806,0651_6862,2.33611111,48.85333333,65.60,38
20251031,171804,0651_6862,2.34083333,48.85333333,55.55,17
20251031,115547,0653_6862,2.37083333,48.85333333,61.81,38
20251031,163778,0655_6862,2.38833333,48.85333333,70.09,38
20251031,145530,0661_6862,2.46944444,48.85333333,122.15,38
20251031,102894,0662_6862,2.48694444,48.85333333,83.54,17
20251031,92695,0664_6862,2.51500000,48.85333333,61.61,38
20251031,168481,0645_6862,2.26111111,48.85361111,77.57,26
20251031,130615,0647_6862,2.27777778,48.85361111,74.88,17
20251031,66083,0647_6862,2.28888889,48.85361111,87.33,38
20251031,178694,0648_6862,2.29583333,48.85361111,67.90,38
20251031,3023,0651_6862,2.33833333,48.85361111,50.20,38
20251031,72490,0655_6862,2.38944444,48.85361111,76.91,38
20251031,192028,0656_6862,2.40611111,48.85361111,83.67,38
20251031,70083,0660_6862,2.46611111,48.85361111,124.15,38
20251031,58324,0662_6862,2.48250000,48.85361111,78.07,17
20251031,86644,0664_6862,2.51388889,48.85361111,50.73,17
20251031,174989,0664_6862,2.51611111,48.85361111,60.94,17
20251031,156155,0669_6862,2.57944444,48.85361111,87.94,38
20251031,174656,0682_6862,2.75694444,48.85361111,137.71,17
20251031,139463,0682_6862,2.76083333,48.85361111,157.35,26
20251031,117761,0683_6862,2.78083333,48.85361111,152.25,17
20251031,191773,0636_6862,2.13638889,48.85388889,95.53,17
20251031,111132,0645_6862,2.25611111,48.85388889,84.85,17
20251031,193715,0645_6862,2.26138889,48.85388889,76.42,26
20251031,183669,0649_6862,2.31750000,48.85388889,58.38,38
20251031,118054,0650_6862,2.32638889,48.85388889,68.22,38
20251031,101357,0651_6862,2.34388889,48.85388889,59.13,38
20251031,133309,0653_6862,2.36222222,48.85388889,61.12,17
20251031,98048,0654_6862,2.37472222,48.85388889,62.56,38
20251031,147222,0655_6862,2.39805556,48.85388889,81.54,38
20251031,147221,0655_6862,2.39833333,48.85388889,81.14,38
20251031,106990,0656_6862,2.41388889,48.85388889,61.92,32
20251031,189300,0658_6862,2.43777778,48.85388889,79.84,38
20251031,118981,0662_6862,2.48833333,48.85388889,90.61,32
20251031,158348,0684_6862,2.78388889,48.85388889,141.69,17
20251031,6451,0636_6862,2.13611111,48.85416667,112.16,17
20251031,129462,0641_6862,2.20194444,48.85416667,132.17,17
20251031,9543,0651_6862,2.34111111,48.85416667,58.48,17
20251031,95327,0652_6862,2.34972222,48.85416667,60.73,38
20251031,173555,0654_6862,2.37333333,48.85416667,56.62,38
20251031,71818,0654_6862,2.37750000,48.85416667,76.91,38
20251031,136504,0662_6862,2.48805556,48.85416667,94.64,17
20251031,71573,0662_6862,2.49472222,48.85416667,74.31,38
20251031,110556,0670_6862,2.59166667,48.85416667,91.88,38
20251031,73747,0674_6862,2.65027778,48.85416667,139.92,4
20251031,26670,0620_6863,1.91555556,48.85444444,126.90,23
20251031,55918,0642_6862,2.22222222,48.85444444,52.95,38
20251031,130794,0646_6862,2.26888889,48.85444444,84.61,17
20251031,73333,0649_6862,2.31833333,48.85444444,64.97,38
20251031,92251,0651_6862,2.33666667,48.85444444,59.05,17
20251031,84052,0652_6862,2.35111111,48.85444444,60.71,38
20251031,125812,0656_6862,2.40166667,48.85444444,83.78,38
20251031,49521,0675_6862,2.66750000,48.85444444,84.56,38
20251031,105178,0683_6862,2.77083333,48.85444444,151.28,38
20251031,123659,0636_6862,2.13222222,48.85472222,133.65,23
20251031,100291,0642_6862,2.22194444,48.85472222,53.61,38
20251031,53330,0646_6862,2.26833333,48.85472222,83.10,17
20251031,159823,0647_6862,2.28250000,48.85472222,62.86,38
20251031,66076,0648_6862,2.29222222,48.85472222,78.45,38
20251031,71615,0649_6862,2.30833333,48.85472222,75.75,17
20251031,46167,0652_6862,2.35611111,48.85472222,59.60,38
20251031,26799,0653_6862,2.36333333,48.85472222,58.66,17
20251031,125662,0655_6862,2.39527778,48.85472222,82.89,17
20251031,168941,0656_6862,2.40527778,48.85472222,81.95,17
20251031,115250,0657_6862,2.41694444,48.85472222,101.08,38
20251031,191715,0660_6862,2.46666667,48.85472222,119.77,38
20251031,99226,0682_6862,2.76472222,48.85472222,135.33,17
20251031,165613,0646_6862,2.27333333,48.85500000,64.94,38
20251031,144530,0647_6862,2.27916667,48.85500000,81.90,38
20251031,107255,0648_6862,2.30444444,48.85500000,62.10,38
20251031,102020,0650_6862,2.32027778,48.85500000,60.03,38
20251031,176912,0652_6862,2.34583333,48.85500000,64.44,38
20251031,183334,0652_6862,2.34638889,48.85500000,75.16,17
20251031,99076,0652_6862,2.34916667,48.85500000,48.34,17
20251031,52084,0653_6862,2.36277778,48.85500000,63.13,38
20251031,184811,0653_6862,2.36361111,48.85500000,60.75,38
20251031,104677,0653_6862,2.36500000,48.85500000,59.39,17
20251031,4555,0653_6862,2.36916667,48.85500000,61.81,38
20251031,1850,0653_6862,2.37250000,48.85500000,75.27,38
20251031,13101,0653_6862,2.37305556,48.85500000,74.57,38
20251031,161791,0654_6862,2.38111111,48.85500000,65.56,17
20251031,111012,0654_6862,2.38583333,48.85500000,68.98,38
20251031,13917,0655_6862,2.39972222,48.85500000,86.92,38
20251031,84386,0655_6862,2.40000000,48.85500000,88.31,38
20251031,84025,0657_6862,2.41694444,48.85500000,76.09,17
20251031,94201,0675_6862,2.66750000,48.85500000,84.05,38
20251031,102492,0683_6862,2.77750000,48.85500000,137.33,17
20251031,176391,0640_6862,2.19166667,48.85527778,149.61,38
20251031,94820,0646_6862,2.27138889,48.85527778,73.05,17
20251031,144727,0648_6862,2.29194444,48.85527778,69.08,17
20251031,73328,0648_6862,2.30444444,48.85527778,71.40,38
20251031,171805,0649_6862,2.31750000,48.85527778,47.63,17
20251031,71617,0650_6862,2.32611111,48.85527778,67.26,38
20251031,9408,0650_6862,2.33166667,48.85527778,100.53,38
20251031,85215,0652_6862,2.35861111,48.85527778,62.10,17
20251031,49028,0652_6862,2.35888889,48.85527778,63.93,38
20251031,46170,0653_6862,2.36111111,48.85527778,60.67,38
20251031,186266,0653_6862,2.36361111,48.85527778,60.25,17
20251031,183824,0654_6862,2.38138889,48.85527778,60.08,38
20251031,115154,0656_6862,2.40888889,48.85527778,116.73,38
20251031,105447,0658_6862,2.43972222,48.85527778,93.69,38
20251031,66506,0661_6862,2.47694444,48.85527778,121.94,38
20251031,136416,0675_6862,2.66472222,48.85527778,94.71,38
20251031,93053,0683_6862,2.78083333,48.85527778,149.45,38
20251031,169660,0630_6863,2.05750000,48.85555556,183.69,49
20251031,64268,0648_6862,2.29277778,48.85555556,78.55,38
20251031,58965,0651_6862,2.34416667,48.85555556,66.75,17
20251031,178420,0653_6862,2.36194444,48.85555556,56.52,17
20251031,125665,0653_6862,2.36833333,48.85555556,67.37,38
20251031,178761,0655_6862,2.39472222,48.85555556,81.66,38
20251031,67594,0656_6862,2.40555556,48.85555556,97.69,38
20251031,129139,0659_6862,2.44138889,48.85555556,86.78,38
20251031,170772,0666_6862,2.54111111,48.85555556,55.78,42
20251031,86641,0683_6862,2.77388889,48.85555556,137.88,17
20251031,178382,0683_6862,2.77555556,48.85555556,153.06,17
20251031,119514,0646_6863,2.27000000,48.85583333,77.21,38
20251031,79530,0646_6862,2.27722222,48.85583333,91.00,38
20251031,73337,0650_6862,2.32055556,48.85583333,61.75,38
20251031,191330,0650_6862,2.32527778,48.85583333,62.66,38
20251031,29882,0651_6862,2.33722222,48.85583333,58.00,38
20251031,128224,0651_6862,2.33916667,48.85583333,61.56,17
20251031,142856,0653_6862,2.37166667,48.85583333,60.72,38
20251031,70029,0654_6862,2.38277778,48.85583333,63.82,38
20251031,133740,0655_6862,2.39083333,48.85583333,82.00,38
20251031,20456,0655_6862,2.39972222,48.85583333,109.82,38
20251031,129137,0658_6862,2.43388889,48.85583333,99.25,38
20251031,83149,0665_6862,2.52638889,48.85583333,56.55,38
20251031,159353,0647_6863,2.27972222,48.85611111,86.19,38
20251031,175634,0647_6863,2.28138889,48.85611111,84.81,38
20251031,178589,0647_6863,2.29055556,48.85611111,48.73,17
20251031,99906,0649_6863,2.30611111,48.85611111,59.64,38
20251031,168996,0649_6863,2.30944444,48.85611111,68.07,38
20251031,159199,0653_6862,2.36694444,48.85611111,60.15,17
20251031,171920,0654_6862,2.37388889,48.85611111,57.38,38
20251031,67478,0656_6862,2.40805556,48.85611111,110.63,38
20251031,139381,0657_6862,2.42111111,48.85611111,88.39,38
20251031,141394,0658_6862,2.43361111,48.85611111,83.80,17
20251031,139273,0661_6862,2.47750000,48.85611111,130.25,38
20251031,51610,0663_6862,2.49861111,48.85611111,51.17,17
20251031,32353,0681_6862,2.74277778,48.85611111,155.46,4
20251031,55950,0642_6863,2.21083333,48.85638889,124.60,38
20251031,99949,0646_6863,2.26500000,48.85638889,89.43,38
20251031,107829,0647_6863,2.28083333,48.85638889,86.98,38
20251031,189388,0647_6863,2.28583333,48.85638889,64.60,38
20251031,185906,0648_6863,2.30305556,48.85638889,70.25,17
20251031,89917,0650_6863,2.32500000,48.85638889,63.06,38
20251031,164706,0651_6863,2.33527778,48.85638889,53.24,17
20251031,130472,0652_6863,2.35277778,48.85638889,63.97,17
20251031,62067,0653_6863,2.37138889,48.85638889,61.55,38
20251031,176789,0654_6862,2.38500000,48.85638889,54.58,17
20251031,52971,0654_6862,2.38583333,48.85638889,71.91,38
20251031,58713,0655_6862,2.39944444,48.85638889,95.76,17
20251031,69276,0658_6862,2.43000000,48.85638889,92.75,38
20251031,75732,0662_6862,2.48222222,48.85638889,98.00,38
20251031,102565,0619_6863,1.90250000,48.85666667,100.70,38
20251031,145081,0647_6863,2.28416667,48.85666667,65.88,38
20251031,73330,0649_6863,2.31833333,48.85666667,68.86,17
20251031,60497,0650_6863,2.32472222,48.85666667,58.45,38
20251031,101400,0650_6863,2.32750000,48.85666667,65.51,17
20251031,96600,0651_6863,2.33916667,48.85666667,59.73,38
20251031,124239,0653_6863,2.36166667,48.85666667,60.46,38
20251031,125592,0653_6863,2.36444444,48.85666667,57.60,38
20251031,157245,0654_6863,2.37416667,48.85666667,55.33,38
20251031,67593,0656_6863,2.41055556,48.85666667,97.01,38
20251031,73131,0664_6862,2.51444444,48.85666667,67.01,26
20251031,113254,0664_6862,2.51555556,48.85666667,68.52,26
20251031,110712,0672_6862,2.62750000,48.85666667,69.38,38
20251031,161802,0679_6862,2.72638889,48.85666667,117.25,26
20251031,21489,0650_6863,2.32027778,48.85694444,60.06,38
20251031,45789,0653_6863,2.36111111,48.85694444,65.40,38
20251031,113605,0653_6863,2.36583333,48.85694444,55.12,38
20251031,43833,0654_6863,2.37861111,48.85694444,65.12,38
20251031,134141,0654_6863,2.37972222,48.85694444,70.41,38
20251031,176837,0656_6863,2.40694444,48.85694444,107.33,38
20251031,173540,0663_6862,2.49638889,48.85694444,62.13,17
20251031,83128,0663_6862,2.50583333,48.85694444,62.33,38
20251031,147018,0668_6862,2.57361111,48.85694444,54.82,38
20251031,108954,0642_6863,2.21638889,48.85722222,101.20,26
20251031,189390,0643_6863,2.23583333,48.85722222,46.75,26
20251031,127844,0646_6863,2.27305556,48.85722222,83.78,38
20251031,90575,0648_6863,2.30055556,48.85722222,65.73,38
20251031,130446,0652_6863,2.34861111,48.85722222,71.56,38
20251031,181400,0652_6863,2.35111111,48.85722222,61.29,38
20251031,189221,0652_6863,2.35555556,48.85722222,66.60,38
20251031,160473,0653_6863,2.36166667,48.85722222,64.64,38
20251031,183289,0654_6863,2.38388889,48.85722222,69.51,38
20251031,94933,0655_6863,2.39250000,48.85722222,87.35,38
20251031,147497,0655_6863,2.39888889,48.85722222,93.32,38
20251031,12087,0660_6863,2.46250000,48.85722222,139.49,38
20251031,42109,0640_6863,2.18916667,48.85750000,130.34,38
20251031,178546,0648_6863,2.29416667,48.85750000,43.89,38
20251031,155797,0648_6863,2.30388889,48.85750000,63.26,17
20251031,94937,0649_6863,2.31833333,48.85750000,61.75,38
20251031,117504,0652_6863,2.34666667,48.85750000,59.14,17
20251031,155244,0652_6863,2.35888889,48.85750000,54.18,38
20251031,166153,0653_6863,2.36777778,48.85750000,63.14,38
20251031,107598,0654_6863,2.37333333,48.85750000,59.54,17
20251031,70024,0654_6863,2.38222222,48.85750000,73.83,38
20251031,72485,0654_6863,2.38361111,48.85750000,75.61,38
20251031,130175,0658_6863,2.42916667,48.85750000,106.45,42
20251031,99369,0665_6863,2.53055556,48.85750000,76.16,38
20251031,193418,0679_6862,2.72666667,48.85750000,119.46,48
20251031,6627,0684_6862,2.78305556,48.85750000,132.80,17
20251031,133356,0636_6863,2.12888889,48.85777778,146.15,17
20251031,150651,0643_6863,2.23583333,48.85777778,45.92,26
20251031,35000,0646_6863,2.26555556,48.85777778,85.86,38
20251031,86237,0646_6863,2.27361111,48.85777778,86.21,38
20251031,85168,0649_6863,2.30972222,48.85777778,60.07,17
20251031,98834,0649_6863,2.31583333,48.85777778,43.13,17
20251031,47953,0652_6863,2.35027778,48.85777778,62.49,38
20251031,129341,0652_6863,2.35138889,48.85777778,62.75,38
20251031,61358,0652_6863,2.35361111,48.85777778,72.24,17
20251031,137414,0652_6863,2.35638889,48.85777778,60.63,38
20251031,88439,0653_6863,2.37277778,48.85777778,62.62,17
20251031,163954,0655_6863,2.39277778,48.85777778,95.88,38
20251031,186248,0655_6863,2.39944444,48.85777778,93.64,38
20251031,113379,0657_6863,2.41416667,48.85777778,66.89,32
20251031,192755,0663_6863,2.49972222,48.85777778,55.11,38
20251031,48497,0646_6863,2.26666667,48.85805556,88.02,38
20251031,94234,0647_6863,2.28111111,48.85805556,78.25,38
20251031,108346,0647_6863,2.28444444,48.85805556,84.08,17
20251031,83024,0651_6863,2.34472222,48.85805556,62.09,38
20251031,143515,0653_6863,2.36916667,48.85805556,61.50,38
20251031,72492,0654_6863,2.37750000,48.85805556,58.41,38
20251031,65684,0654_6863,2.38222222,48.85805556,74.36,17
20251031,72491,0655_6863,2.38944444,48.85805556,78.27,38
20251031,50109,0655_6863,2.39722222,48.85805556,95.77,17
20251031,67487,0656_6863,2.40388889,48.85805556,106.13,38
20251031,128054,0657_6863,2.41611111,48.85805556,99.68,38
20251031,165640,0670_6863,2.59555556,48.85805556,61.83,38
20251031,189162,0676_6863,2.67472222,48.85805556,77.73,26
20251031,172283,0634_6863,2.10972222,48.85833333,190.07,48
20251031,153043,0647_6863,2.27777778,48.85833333,88.80,38
20251031,131120,0647_6863,2.27944444,48.85833333,85.99,38
20251031,55697,0648_6863,2.29444444,48.85833333,364.96,19
20251031,160303,0651_6863,2.34416667,48.85833333,59.48,38
20251031,167054,0652_6863,2.35444444,48.85833333,56.30,17
20251031,187449,0652_6863,2.35861111,48.85833333,63.87,38
20251031,110441,0653_6863,2.37222222,48.85833333,65.49,38
20251031,191963,0658_6863,2.43222222,48.85833333,98.37,38
20251031,190202,0662_6863,2.48222222,48.85833333,92.09,38
20251031,52533,0664_6863,2.51500000,48.85833333,70.68,23
20251031,32723,0634_6863,2.10888889,48.85861111,196.47,48
20251031,165528,0646_6863,2.26583333,48.85861111,88.81,38
20251031,170465,0646_6863,2.27472222,48.85861111,88.67,38
20251031,102577,0647_6863,2.28750000,48.85861111,54.25,38
20251031,114699,0648_6863,2.30250000,48.85861111,57.55,38
20251031,97353,0649_6863,2.30972222,48.85861111,60.81,38
20251031,101972,0649_6863,2.31472222,48.85861111,64.72,38
20251031,181121,0651_6863,2.34194444,48.85861111,62.65,38
20251031,46687,0653_6863,2.36111111,48.85861111,60.58,38
20251031,131463,0655_6863,2.38861111,48.85861111,75.76,38
20251031,67591,0656_6863,2.40361111,48.85861111,108.33,38
20251031,162241,0656_6863,2.40777778,48.85861111,104.51,38
20251031,4496,0658_6863,2.44027778,48.85861111,86.97,38
20251031,3811,0660_6863,2.46333333,48.85861111,135.85,38
20251031,128228,0624_6863,1.97083333,48.85888889,133.85,26
20251031,175914,0646_6863,2.26611111,48.85888889,88.85,38
20251031,157786,0646_6863,2.27694444,48.85888889,81.01,38
20251031,133173,0650_6863,2.32722222,48.85888889,63.08,17
20251031,169290,0651_6863,2.34138889,48.85888889,58.29,38
20251031,163343,0654_6863,2.38388889,48.85888889,78.58,38
20251031,101228,0654_6863,2.38555556,48.85888889,77.34,38
20251031,67480,0655_6863,2.38972222,48.85888889,85.84,38
20251031,42711,0657_6863,2.41500000,48.85888889,85.14,38
20251031,86872,0636_6863,2.13111111,48.85916667,131.70,26
20251031,57804,0636_6863,2.13138889,48.85916667,135.82,17
20251031,89233,0646_6863,2.26722222,48.85916667,70.98,17
20251031,43010,0647_6863,2.28083333,48.85916667,96.15,38
20251031,70330,0648_6863,2.29972222,48.85916667,70.81,38
20251031,47300,0649_6863,2.30972222,48.85916667,66.70,38
20251031,1849,0650_6863,2.33027778,48.85916667,55.80,38
20251031,188376,0652_6863,2.34805556,48.85916667,66.91,38
20251031,188967,0652_6863,2.34861111,48.85916667,58.05,38
20251031,130149,0653_6863,2.36111111,48.85916667,68.64,17
20251031,166642,0657_6863,2.42000000,48.85916667,84.39,17
20251031,69280,0659_6863,2.44250000,48.85916667,110.11,38
20251031,170096,0660_6863,2.46500000,48.85916667,150.78,38
20251031,63252,0662_6863,2.49388889,48.85916667,82.22,17
20251031,37960,0616_6863,1.85777778,48.85944444,153.30,23
20251031,79651,0624_6863,1.97055556,48.85944444,133.99,23
20251031,193776,0638_6863,2.15861111,48.85944444,148.80,48
20251031,21501,0645_6863,2.25388889,48.85944444,73.40,38
20251031,87814,0646_6863,2.27694444,48.85944444,94.42,17
20251031,86638,0646_6863,2.27750000,48.85944444,96.42,17
20251031,73334,0648_6863,2.30111111,48.85944444,65.41,38
20251031,90703,0648_6863,2.30166667,48.85944444,57.98,17
20251031,185808,0648_6863,2.30472222,48.85944444,60.07,38
20251031,165225,0649_6863,2.30722222,48.85944444,53.31,38
20251031,166349,0649_6863,2.31500000,48.85944444,56.23,17
20251031,133441,0650_6863,2.32277778,48.85944444,64.43,38
20251031,128681,0650_6863,2.32833333,48.85944444,62.76,17
20251031,166351,0652_6863,2.35861111,48.85944444,50.81,38
20251031,185103,0655_6863,2.38972222,48.85944444,78.27,17
20251031,101201,0655_6863,2.40000000,48.85944444,98.66,38
20251031,54002,0660_6863,2.45861111,48.85944444,147.75,38
20251031,147588,0664_6863,2.52194444,48.85944444,69.80,38
20251031,169739,0681_6863,2.74694444,48.85944444,133.03,17
20251031,27921,0647_6863,2.28555556,48.85972222,89.62,38
20251031,187546,0647_6863,2.28777778,48.85972222,77.57,26
20251031,137935,0650_6863,2.32027778,48.85972222,61.60,17
20251031,70026,0655_6863,2.38833333,48.85972222,84.65,38
20251031,67477,0656_6863,2.40805556,48.85972222,103.29,38
20251031,67488,0656_6863,2.40916667,48.85972222,108.51,38
20251031,136133,0659_6863,2.44194444,48.85972222,121.66,38
20251031,17215,0684_6863,2.78333333,48.85972222,147.85,17
20251031,126917,0637_6863,2.14638889,48.86000000,162.89,4
20251031,65583,0637_6863,2.14805556,48.86000000,163.52,38
20251031,130978,0643_6863,2.23333333,48.86000000,39.21,24
20251031,116867,0647_6863,2.28000000,48.86000000,94.79,38
20251031,165540,0648_6863,2.29916667,48.86000000,60.33,38
20251031,72484,0653_6863,2.37138889,48.86000000,68.17,38
20251031,167759,0654_6863,2.37361111,48.86000000,59.39,38
20251031,9888,0654_6863,2.37388889,48.86000000,59.66,17
20251031,60808,0659_6863,2.44805556,48.86000000,110.70,38
20251031,53750,0659_6863,2.45222222,48.86000000,135.43,38
20251031,46399,0664_6863,2.52222222,48.86000000,72.84,38
20251031,114172,0642_6863,2.22138889,48.86027778,55.21,38
20251031,53340,0646_6863,2.27472222,48.86027778,90.55,38
20251031,73329,0649_6863,2.31611111,48.86027778,65.28,38
20251031,186161,0652_6863,2.35055556,48.86027778,65.44,38
20251031,192064,0652_6863,2.35333333,48.86027778,70.74,38
20251031,90889,0656_6863,2.41083333,48.86027778,105.61,38
20251031,68641,0658_6863,2.43527778,48.86027778,106.28,17
20251031,115884,0661_6863,2.47333333,48.86027778,114.44,38
20251031,166347,0646_6863,2.27111111,48.86055556,69.57,17
20251031,187362,0649_6863,2.31722222,48.86055556,62.72,17
20251031,59126,0650_6863,2.32083333,48.86055556,69.14,38
20251031,4837,0651_6863,2.34305556,48.86055556,60.81,38
20251031,150632,0652_6863,2.34972222,48.86055556,57.67,17
20251031,61510,0652_6863,2.35222222,48.86055556,86.20,17
20251031,65401,0653_6863,2.36361111,48.86055556,71.87,38
20251031,158852,0653_6863,2.37027778,48.86055556,65.76,17
20251031,79013,0657_6863,2.41888889,48.86055556,94.55,38
20251031,168611,0659_6863,2.44166667,48.86055556,124.62,38
20251031,105928,0636_6863,2.12861111,48.86083333,119.87,12
20251031,49383,0636_6863,2.13972222,48.86083333,81.72,38
20251031,89232,0639_6863,2.17888889,48.86083333,114.00,17
20251031,113801,0642_6863,2.21000000,48.86083333,114.22,17
20251031,126013,0646_6863,2.26722222,48.86083333,85.98,38
20251031,20183,0646_6863,2.26750000,48.86083333,83.86,38
20251031,191054,0648_6863,2.30305556,48.86083333,63.53,38
20251031,135436,0649_6863,2.30750000,48.86083333,59.28,38
20251031,121493,0649_6863,2.31666667,48.86083333,53.57,17
20251031,160255,0650_6863,2.31972222,48.86083333,61.50,38
20251031,161751,0651_6863,2.34444444,48.86083333,64.58,38
20251031,166870,0652_6863,2.34611111,48.86083333,68.56,38
20251031,173616,0652_6863,2.34888889,48.86083333,61.71,38
20251031,145931,0652_6863,2.35055556,48.86083333,57.39,17
20251031,130536,0653_6863,2.36000000,48.86083333,53.90,38
20251031,71817,0654_6863,2.38055556,48.86083333,76.45,38
20251031,173673,0654_6863,2.38472222,48.86083333,73.18,38
20251031,179890,0656_6863,2.40722222,48.86083333,98.85,38
20251031,102960,0635_6863,2.12333333,48.86111111,117.17,17
20251031,102358,0647_6863,2.28361111,48.86111111,103.71,38
20251031,166922,0648_6863,2.30333333,48.86111111,59.04,38
20251031,102376,0651_6863,2.34222222,48.86111111,62.90,17
20251031,122968,0652_6863,2.35777778,48.86111111,63.13,38
20251031,144364,0653_6863,2.36138889,48.86111111,67.05,38
20251031,122875,0656_6863,2.40500000,48.86111111,108.43,38
20251031,14039,0663_6863,2.50777778,48.86111111,68.78,38
20251031,187397,0669_6863,2.57944444,48.86111111,57.38,38
20251031,132053,0646_6863,2.27305556,48.86138889,83.98,17
20251031,111610,0647_6863,2.28666667,48.86138889,68.82,17
20251031,186614,0647_6863,2.29111111,48.86138889,61.70,26
20251031,98800,0650_6863,2.31944444,48.86138889,58.00,38
20251031,49058,0651_6863,2.34055556,48.86138889,67.67,38
20251031,189908,0652_6863,2.35777778,48.86138889,59.20,38
20251031,85216,0653_6863,2.36472222,48.86138889,58.83,38
20251031,71969,0654_6863,2.38527778,48.86138889,86.96,17
20251031,150754,0660_6863,2.46666667,48.86138889,137.90,38
20251031,19615,0684_6863,2.78583333,48.86138889,159.61,17
20251031,66816,0641_6863,2.20000000,48.86166667,124.71,38
20251031,54655,0642_6863,2.22083333,48.86166667,76.48,38
20251031,93756,0647_6863,2.27861111,48.86166667,89.09,38
20251031,180700,0648_6863,2.30277778,48.86166667,66.95,38
20251031,163235,0648_6863,2.30305556,48.86166667,68.84,38
20251031,158639,0649_6863,2.30638889,48.86166667,61.84,38
20251031,177956,0649_6863,2.30694444,48.86166667,61.01,38
20251031,27487,0650_6863,2.32055556,48.86166667,68.82,17
20251031,166717,0651_6863,2.34416667,48.86166667,56.93,17
20251031,130617,0652_6863,2.35888889,48.86166667,56.98,38
20251031,132333,0654_6863,2.37444444,48.86166667,64.65,38
20251031,33207,0660_6863,2.45777778,48.86166667,184.49,38
20251031,178666,0648_6863,2.30333333,48.86194444,71.54,17
20251031,95131,0652_6863,2.34777778,48.86194444,52.19,17
20251031,102512,0653_6863,2.36666667,48.86194444,67.37,38
20251031,154142,0654_6863,2.38194444,48.86194444,72.83,38
20251031,67589,0656_6863,2.40388889,48.86194444,107.26,38
20251031,89795,0681_6863,2.74944444,48.86194444,142.04,26
20251031,87005,0639_6863,2.17083333,48.86222222,120.30,17
20251031,187604,0647_6863,2.29055556,48.86222222,55.73,39
20251031,179191,0648_6863,2.30416667,48.86222222,61.35,38
20251031,124698,0649_6863,2.31222222,48.86222222,41.55,17
20251031,167055,0651_6863,2.33805556,48.86222222,61.03,17
20251031,58612,0653_6863,2.36444444,48.86222222,63.19,38
20251031,69283,0661_6863,2.47000000,48.86222222,143.10,38
20251031,165781,0662_6863,2.48722222,48.86222222,88.66,38
20251031,125274,0651_6863,2.33472222,48.86250000,49.02,19
20251031,169163,0651_6863,2.33861111,48.86250000,84.81,17
20251031,142967,0651_6863,2.33916667,48.86250000,57.89,17
20251031,92250,0652_6863,2.34805556,48.86250000,68.05,17
20251031,74627,0652_6863,2.35888889,48.86250000,89.77,38
20251031,173132,0653_6863,2.35944444,48.86250000,68.17,17
20251031,171238,0653_6863,2.37055556,48.86250000,66.46,17
20251031,72487,0654_6863,2.37750000,48.86250000,76.12,38
20251031,21062,0657_6863,2.41611111,48.86250000,99.75,38
20251031,121374,0662_6863,2.48722222,48.86250000,88.98,38
20251031,86758,0633_6863,2.09472222,48.86277778,147.52,17
20251031,17004,0640_6863,2.19472222,48.86277778,122.26,38
20251031,60420,0642_6863,2.21722222,48.86277778,86.05,38
20251031,165521,0647_6863,2.28277778,48.86277778,100.68,38
20251031,155613,0648_6863,2.29388889,48.86277778,63.75,38
20251031,83116,0651_6863,2.33555556,48.86277778,62.13,17
20251031,159630,0651_6863,2.33611111,48.86277778,67.20,17
20251031,142147,0651_6863,2.33861111,48.86277778,53.81,17
20251031,105680,0654_6863,2.38333333,48.86277778,77.27,38
20251031,174870,0663_6863,2.50083333,48.86277778,70.49,38
20251031,6899,0666_6863,2.53861111,48.86277778,68.00,26
20251031,127936,0666_6863,2.53888889,48.86277778,63.80,26
20251031,39153,0668_6863,2.57694444,48.86277778,58.17,38
20251031,138072,0685_6863,2.80805556,48.86277778,157.83,23
20251031,54346,0651_6863,2.34138889,48.86305556,68.55,38
20251031,74714,0652_6863,2.34694444,48.86305556,68.74,38
20251031,193110,0652_6863,2.35416667,48.86305556,68.67,38
20251031,67483,0655_6863,2.39944444,48.86305556,115.37,38
20251031,107511,0656_6863,2.40527778,48.86305556,108.70,38
20251031,8038,0659_6863,2.44138889,48.86305556,95.89,17
20251031,151286,0651_6863,2.34111111,48.86333333,67.83,17
20251031,132268,0652_6863,2.35027778,48.86333333,64.55,38
20251031,83056,0652_6863,2.35222222,48.86333333,69.48,38
20251031,74681,0652_6863,2.35638889,48.86333333,64.50,38
20251031,58409,0655_6863,2.38861111,48.86333333,90.70,38
20251031,69275,0658_6863,2.43777778,48.86333333,116.66,38
20251031,168581,0659_6863,2.45361111,48.86333333,131.32,38
20251031,136106,0635_6863,2.12416667,48.86361111,112.10,38
20251031,25133,0640_6863,2.19250000,48.86361111,128.13,38
20251031,187451,0642_6863,2.21527778,48.86361111,103.22,38
20251031,85075,0646_6863,2.27638889,48.86361111,80.49,17
20251031,186246,0647_6863,2.28805556,48.86361111,86.78,38
20251031,188052,0650_6863,2.33111111,48.86361111,57.89,26
20251031,133736,0652_6863,2.34583333,48.86361111,60.69,38
20251031,150348,0653_6863,2.36472222,48.86361111,60.42,38
20251031,98951,0655_6863,2.38833333,48.86361111,87.50,38
20251031,131018,0655_6863,2.39972222,48.86361111,118.25,38
20251031,67283,0656_6863,2.41250000,48.86361111,117.03,38
20251031,3515,0657_6863,2.41388889,48.86361111,77.75,999999999
20251031,191985,0657_6863,2.41750000,48.86361111,131.47,38
20251031,68639,0662_6863,2.48250000,48.86361111,74.69,32
20251031,89469,0640_6863,2.19361111,48.86388889,141.91,38
20251031,188784,0645_6863,2.25083333,48.86388889,60.17,38
20251031,143985,0646_6863,2.26805556,48.86388889,78.08,26
20251031,77124,0647_6863,2.28972222,48.86388889,89.19,38
20251031,6621,0650_6863,2.32250000,48.86388889,47.96,17
20251031,193714,0651_6863,2.34305556,48.86388889,67.27,38
20251031,153895,0652_6863,2.34888889,48.86388889,55.41,17
20251031,124127,0652_6863,2.35166667,48.86388889,62.59,38
20251031,133361,0652_6863,2.35277778,48.86388889,53.42,38
20251031,182942,0653_6863,2.36055556,48.86388889,63.64,17
20251031,168302,0655_6863,2.39111111,48.86388889,97.77,38
20251031,88142,0658_6863,2.42805556,48.86388889,263.94,38
20251031,47583,0665_6863,2.53555556,48.86388889,95.98,38
20251031,184551,0673_6863,2.63972222,48.86388889,67.30,23
20251031,166209,0673_6863,2.64555556,48.86388889,76.64,26
20251031,52257,0642_6863,2.21861111,48.86416667,79.54,38
20251031,106252,0647_6863,2.27805556,48.86416667,88.31,17
20251031,179109,0647_6863,2.28305556,48.86416667,88.64,38
20251031,79526,0648_6863,2.29361111,48.86416667,80.37,38
20251031,188356,0650_6863,2.33166667,48.86416667,64.51,17
20251031,181012,0651_6863,2.33222222,48.86416667,63.64,38
20251031,141064,0651_6863,2.33888889,48.86416667,60.46,38
20251031,46686,0651_6863,2.34305556,48.86416667,71.97,38
20251031,177138,0651_6863,2.34472222,48.86416667,60.13,17
20251031,128137,0654_6863,2.37500000,48.86416667,71.66,38
20251031,108766,0655_6863,2.38972222,48.86416667,102.10,38
20251031,189782,0655_6863,2.39250000,48.86416667,104.76,38
20251031,190264,0655_6863,2.39666667,48.86416667,110.96,38
20251031,124397,0656_6863,2.40055556,48.86416667,112.35,38
20251031,67587,0656_6863,2.41250000,48.86416667,122.91,38
20251031,101524,0656_6863,2.41333333,48.86416667,78.30,32
20251031,69281,0661_6863,2.47750000,48.86416667,108.67,38
20251031,2227,0666_6863,2.53694444,48.86416667,68.69,38
20251031,54218,0683_6863,2.78000000,48.86416667,160.23,17
20251031,136645,0642_6864,2.21000000,48.86444444,127.91,38
20251031,111239,0642_6864,2.21055556,48.86444444,132.16,38
20251031,106136,0645_6863,2.25583333,48.86444444,58.17,17
20251031,122949,0646_6863,2.27166667,48.86444444,85.78,38
20251031,48494,0647_6863,2.28305556,48.86444444,95.99,17
20251031,7385,0648_6863,2.30055556,48.86444444,49.56,17
20251031,4754,0650_6863,2.33111111,48.86444444,62.53,38
20251031,128274,0651_6863,2.33972222,48.86444444,80.71,19
20251031,178866,0651_6863,2.34305556,48.86444444,68.88,17
20251031,179939,0651_6863,2.34333333,48.86444444,64.88,38
20251031,173935,0652_6863,2.34944444,48.86444444,63.38,38
20251031,170120,0652_6863,2.35750000,48.86444444,63.08,38
20251031,62958,0653_6863,2.37250000,48.86444444,73.31,38
20251031,37468,0654_6863,2.37361111,48.86444444,71.87,38
20251031,72486,0654_6863,2.37472222,48.86444444,71.94,38
20251031,135437,0654_6863,2.37777778,48.86444444,77.05,38
20251031,189780,0654_6863,2.37972222,48.86444444,76.81,38
20251031,63360,0656_6863,2.41194444,48.86444444,119.18,38
20251031,160740,0660_6863,2.46666667,48.86444444,151.75,38
20251031,68640,0660_6863,2.46694444,48.86444444,148.75,38
20251031,106653,0635_6864,2.11444444,48.86472222,147.36,12
20251031,115479,0635_6864,2.11472222,48.86472222,147.26,23
20251031,81011,0646_6863,2.26972222,48.86472222,79.23,23
20251031,48499,0647_6863,2.28805556,48.86472222,97.04,38
20251031,91042,0651_6863,2.33333333,48.86472222,66.93,38
20251031,167057,0651_6863,2.34416667,48.86472222,65.13,38
20251031,176426,0652_6863,2.35750000,48.86472222,67.48,17
20251031,70028,0653_6863,2.36888889,48.86472222,65.85,38
20251031,137095,0654_6863,2.37888889,48.86472222,78.29,38
20251031,155964,0655_6863,2.39694444,48.86472222,110.61,38
20251031,108231,0656_6863,2.40638889,48.86472222,113.11,38
20251031,49711,0657_6863,2.41861111,48.86472222,102.93,23
20251031,141393,0660_6863,2.46416667,48.86472222,121.61,17
20251031,169385,0679_6863,2.71750000,48.86472222,122.69,38
20251031,132243,0682_6863,2.76555556,48.86472222,140.92,17
20251031,101281,0630_6864,2.05111111,48.86500000,165.95,23
20251031,46164,0646_6864,2.27055556,48.86500000,92.52,38
20251031,45429,0646_6864,2.27166667,48.86500000,89.78,38
20251031,39278,0652_6863,2.35166667,48.86500000,61.85,38
20251031,187566,0653_6863,2.36277778,48.86500000,57.96,38
20251031,177295,0653_6863,2.37222222,48.86500000,59.43,38
20251031,88265,0654_6863,2.37444444,48.86500000,71.94,38
20251031,166743,0654_6863,2.38388889,48.86500000,81.23,38
20251031,174983,0656_6863,2.40555556,48.86500000,105.79,38
20251031,136488,0658_6863,2.43333333,48.86500000,142.62,38
20251031,6431,0662_6863,2.49500000,48.86500000,76.88,38
20251031,184307,0663_6863,2.50888889,48.86500000,87.31,38
20251031,79543,0682_6863,2.76777778,48.86500000,142.26,38
20251031,14894,0633_6864,2.09000000,48.86527778,194.99,38
20251031,76161,0641_6864,2.20222222,48.86527778,111.75,38
20251031,133459,0650_6864,2.32777778,48.86527778,72.16,17
20251031,140380,0654_6863,2.38194444,48.86527778,76.15,17
20251031,57803,0655_6863,2.39305556,48.86527778,110.52,38
20251031,20611,0655_6863,2.39944444,48.86527778,109.47,38
20251031,132222,0656_6863,2.40305556,48.86527778,117.90,17
20251031,116178,0657_6863,2.41555556,48.86527778,105.40,38
20251031,97902,0657_6863,2.41666667,48.86527778,116.06,17
20251031,43209,0657_6863,2.42611111,48.86527778,138.66,38
20251031,42049,0658_6863,2.42916667,48.86527778,163.29,38
20251031,112708,0665_6863,2.52861111,48.86527778,67.27,38
20251031,130102,0639_6864,2.17777778,48.86555556,124.25,38
20251031,166883,0641_6864,2.19861111,48.86555556,125.80,17
20251031,108049,0645_6864,2.25222222,48.86555556,56.44,17
20251031,82194,0648_6864,2.29555556,48.86555556,67.49,38
20251031,184468,0650_6864,2.32222222,48.86555556,50.43,26
20251031,131998,0650_6864,2.32944444,48.86555556,60.85,38
20251031,174669,0651_6864,2.33500000,48.86555556,62.39,38
20251031,177137,0651_6864,2.33527778,48.86555556,62.20,17
20251031,123041,0651_6864,2.34250000,48.86555556,65.61,17
20251031,172105,0651_6864,2.34527778,48.86555556,71.75,17
20251031,91710,0652_6864,2.35611111,48.86555556,61.73,38
20251031,64919,0658_6863,2.44083333,48.86555556,123.27,38
20251031,189183,0666_6863,2.53888889,48.86555556,59.97,17
20251031,174930,0646_6864,2.27666667,48.86583333,91.27,38
20251031,134725,0647_6864,2.28500000,48.86583333,95.34,38
20251031,125050,0649_6864,2.30888889,48.86583333,61.50,38
20251031,118900,0651_6864,2.33611111,48.86583333,62.43,38
20251031,143248,0652_6864,2.34972222,48.86583333,59.84,38
20251031,81817,0652_6864,2.35694444,48.86583333,60.49,38
20251031,157774,0653_6864,2.37250000,48.86583333,69.46,38
20251031,178421,0654_6864,2.37388889,48.86583333,68.79,17
20251031,57290,0655_6864,2.38722222,48.86583333,98.14,38
20251031,47926,0658_6864,2.42750000,48.86583333,153.86,38
20251031,131308,0642_6864,2.21527778,48.86611111,110.39,38
20251031,154891,0646_6864,2.27277778,48.86611111,82.86,38
20251031,134560,0648_6864,2.29527778,48.86611111,81.52,17
20251031,124921,0648_6864,2.30000000,48.86611111,69.28,17
20251031,101613,0649_6864,2.30583333,48.86611111,70.23,38
20251031,112234,0649_6864,2.31250000,48.86611111,84.41,19
20251031,185645,0649_6864,2.31638889,48.86611111,47.85,17
20251031,83120,0651_6864,2.33416667,48.86611111,61.42,38
20251031,158589,0652_6864,2.34583333,48.86611111,60.00,38
20251031,79528,0652_6864,2.34888889,48.86611111,62.06,38
20251031,181184,0652_6864,2.34944444,48.86611111,58.25,38
20251031,168835,0653_6864,2.36138889,48.86611111,59.09,38
20251031,17626,0653_6864,2.36555556,48.86611111,70.46,38
20251031,132967,0655_6864,2.38944444,48.86611111,87.40,38
20251031,142095,0655_6864,2.39055556,48.86611111,90.96,38
20251031,172701,0656_6864,2.40194444,48.86611111,126.46,20
20251031,60628,0661_6864,2.48055556,48.86611111,112.52,38
20251031,52862,0629_6864,2.03555556,48.86638889,218.99,23
20251031,139755,0640_6864,2.18361111,48.86638889,97.82,17
20251031,104261,0647_6864,2.27972222,48.86638889,91.25,38
20251031,71492,0647_6864,2.28111111,48.86638889,87.32,38
20251031,193773,0647_6864,2.28555556,48.86638889,93.13,38
20251031,135842,0648_6864,2.30388889,48.86638889,68.18,38
20251031,150193,0650_6864,2.32444444,48.86638889,61.77,38
20251031,151968,0650_6864,2.32555556,48.86638889,61.04,38
20251031,146398,0650_6864,2.32694444,48.86638889,57.33,17
20251031,149639,0651_6864,2.33750000,48.86638889,56.48,38
20251031,134572,0651_6864,2.34000000,48.86638889,68.10,17
20251031,163468,0652_6864,2.34722222,48.86638889,53.38,17
20251031,46688,0652_6864,2.35388889,48.86638889,67.11,38
20251031,141021,0653_6864,2.36055556,48.86638889,65.51,38
20251031,132477,0653_6864,2.36500000,48.86638889,67.39,38
20251031,58237,0654_6864,2.37500000,48.86638889,68.20,17
20251031,85760,0654_6864,2.38305556,48.86638889,82.19,38
20251031,96058,0655_6864,2.39472222,48.86638889,130.90,38
20251031,133980,0656_6864,2.40305556,48.86638889,121.93,38
20251031,182187,0656_6864,2.40611111,48.86638889,117.62,38
20251031,48271,0658_6864,2.42861111,48.86638889,142.87,38
20251031,185570,0662_6864,2.49444444,48.86638889,90.93,17
20251031,90305,0663_6864,2.50000000,48.86638889,83.51,38
20251031,139261,0664_6864,2.51027778,48.86638889,98.68,38
20251031,48206,0664_6864,2.51888889,48.86638889,113.41,23
20251031,192018,0683_6863,2.77861111,48.86638889,175.18,17
20251031,109721,0684_6863,2.78194444,48.86638889,127.06,32
20251031,11991,0633_6864,2.09305556,48.86666667,170.09,20
20251031,110754,0634_6864,2.11250000,48.86666667,140.09,12
20251031,168099,0640_6864,2.18444444,48.86666667,97.55,38
20251031,144282,0646_6864,2.27527778,48.86666667,78.90,38
20251031,137328,0649_6864,2.30888889,48.86666667,66.09,38
20251031,87023,0649_6864,2.31250000,48.86666667,92.71,17
20251031,185190,0649_6864,2.31555556,48.86666667,47.48,26
20251031,166473,0650_6864,2.33083333,48.86666667,60.51,38
20251031,169489,0653_6864,2.36388889,48.86666667,59.25,38
20251031,56734,0654_6864,2.38055556,48.86666667,86.32,38
20251031,169998,0655_6864,2.39111111,48.86666667,128.09,38
20251031,81087,0657_6864,2.42611111,48.86666667,122.39,11
20251031,68646,0659_6864,2.44944444,48.86666667,118.30,38
20251031,87077,0668_6864,2.56888889,48.86666667,90.66,38
20251031,115481,0630_6864,2.05138889,48.86694444,152.64,23
20251031,95308,0642_6864,2.22083333,48.86694444,72.97,17
20251031,103400,0643_6864,2.22750000,48.86694444,53.63,38
20251031,109337,0647_6864,2.28833333,48.86694444,90.91,17
20251031,130535,0647_6864,2.29055556,48.86694444,89.98,17
20251031,88992,0648_6864,2.29222222,48.86694444,83.98,17
20251031,45052,0648_6864,2.30083333,48.86694444,73.20,38
20251031,78185,0650_6864,2.33083333,48.86694444,67.71,38
20251031,89581,0652_6864,2.35083333,48.86694444,68.95,17
20251031,186757,0655_6864,2.39055556,48.86694444,121.72,38
20251031,67481,0655_6864,2.39777778,48.86694444,122.43,38
20251031,179760,0656_6864,2.40388889,48.86694444,108.85,38
20251031,132214,0656_6864,2.40750000,48.86694444,120.49,38
20251031,190205,0662_6864,2.48555556,48.86694444,97.28,38
20251031,169389,0664_6864,2.52166667,48.86694444,70.68,17
20251031,136723,0642_6864,2.22222222,48.86722222,72.63,38
20251031,182062,0646_6864,2.27083333,48.86722222,67.49,38
20251031,161193,0647_6864,2.28555556,48.86722222,93.74,38
20251031,95668,0647_6864,2.28805556,48.86722222,92.27,38
20251031,181658,0650_6864,2.32138889,48.86722222,64.93,38
20251031,97008,0650_6864,2.32166667,48.86722222,58.88,17
20251031,83926,0651_6864,2.34527778,48.86722222,62.38,17
20251031,129904,0652_6864,2.34666667,48.86722222,73.62,38
20251031,164708,0652_6864,2.35916667,48.86722222,56.90,17
20251031,108242,0653_6864,2.36666667,48.86722222,54.34,17
20251031,65729,0653_6864,2.37083333,48.86722222,76.18,38
20251031,83034,0659_6864,2.44666667,48.86722222,109.95,17
20251031,150141,0663_6864,2.49944444,48.86722222,110.37,38
20251031,117303,0664_6864,2.51833333,48.86722222,82.17,17
20251031,152458,0667_6864,2.55694444,48.86722222,63.64,38
20251031,92964,0667_6864,2.55722222,48.86722222,63.06,17
20251031,159590,0667_6864,2.55777778,48.86722222,59.84,38
20251031,19095,0678_6864,2.70555556,48.86722222,144.02,4
20251031,20593,0644_6864,2.24861111,48.86750000,52.49,17
20251031,123108,0649_6864,2.30583333,48.86750000,59.76,17
20251031,178444,0649_6864,2.30805556,48.86750000,69.63,38
20251031,123015,0650_6864,2.32055556,48.86750000,43.93,17
20251031,117237,0650_6864,2.32111111,48.86750000,58.95,17
20251031,183075,0651_6864,2.34472222,48.86750000,52.40,38
20251031,91991,0653_6864,2.37277778,48.86750000,70.28,38
20251031,171083,0654_6864,2.38444444,48.86750000,93.59,38
20251031,97915,0656_6864,2.40916667,48.86750000,122.89,38
20251031,141942,0656_6864,2.41083333,48.86750000,129.01,38
20251031,150384,0652_6864,2.34638889,48.86777778,56.72,38
20251031,176231,0652_6864,2.35111111,48.86777778,62.08,17
20251031,171018,0652_6864,2.35222222,48.86777778,64.00,38
20251031,80706,0652_6864,2.35444444,48.86777778,66.02,38
20251031,158637,0653_6864,2.36000000,48.86777778,56.08,17
20251031,174422,0655_6864,2.39222222,48.86777778,99.14,38
20251031,169718,0663_6864,2.49888889,48.86777778,111.50,38
20251031,180125,0669_6864,2.58111111,48.86777778,49.03,12
20251031,154765,0673_6864,2.64527778,48.86777778,57.79,38
20251031,96330,0632_6864,2.07666667,48.86805556,137.55,12
20251031,50821,0643_6864,2.22638889,48.86805556,72.17,38
20251031,140152,0647_6864,2.28583333,48.86805556,90.83,38
20251031,133362,0647_6864,2.29055556,48.86805556,89.17,38
20251031,143454,0649_6864,2.30972222,48.86805556,61.69,38
20251031,46172,0650_6864,2.32194444,48.86805556,67.15,38
20251031,87523,0650_6864,2.32666667,48.86805556,62.86,17
20251031,117329,0653_6864,2.36222222,48.86805556,42.03,39
20251031,91261,0653_6864,2.36833333,48.86805556,68.00,38
20251031,184206,0655_6864,2.38722222,48.86805556,86.79,38
20251031,58374,0655_6864,2.39222222,48.86805556,107.64,38
20251031,183511,0656_6864,2.40944444,48.86805556,128.93,38
20251031,48928,0657_6864,2.42000000,48.86805556,103.84,38
20251031,52241,0675_6864,2.67222222,48.86805556,76.80,23
20251031,155800,0625_6864,1.99083333,48.86833333,161.81,23
20251031,158878,0637_6864,2.14388889,48.86833333,45.55,26
20251031,140671,0640_6864,2.19138889,48.86833333,91.04,38
20251031,147058,0642_6864,2.21722222,48.86833333,112.19,38
20251031,41160,0642_6864,2.21777778,48.86833333,120.89,38
20251031,172133,0646_6864,2.27416667,48.86833333,83.84,38
20251031,52574,0647_6864,2.27833333,48.86833333,84.69,38
20251031,9466,0647_6864,2.28277778,48.86833333,88.13,38
20251031,116869,0647_6864,2.28416667,48.86833333,92.76,38
20251031,57291,0648_6864,2.29694444,48.86833333,85.38,17
20251031,47949,0650_6864,2.32500000,48.86833333,63.76,38
20251031,153894,0651_6864,2.33277778,48.86833333,55.24,17
20251031,129854,0651_6864,2.33361111,48.86833333,62.22,38
20251031,43015,0651_6864,2.33861111,48.86833333,70.15,38
20251031,52415,0651_6864,2.34083333,48.86833333,82.95,17
20251031,154852,0651_6864,2.34361111,48.86833333,64.89,38
20251031,145670,0653_6864,2.36222222,48.86833333,72.63,38
20251031,71307,0653_6864,2.36916667,48.86833333,64.75,17
20251031,97743,0654_6864,2.37972222,48.86833333,96.42,38
20251031,182198,0658_6864,2.43055556,48.86833333,142.62,38
20251031,69278,0660_6864,2.45750000,48.86833333,138.99,38
20251031,137770,0671_6864,2.60805556,48.86833333,97.19,23
20251031,168950,0682_6864,2.76722222,48.86833333,136.20,17
20251031,97274,0683_6864,2.77750000,48.86833333,146.81,17
20251031,44751,0634_6864,2.11333333,48.86861111,149.02,23
20251031,127878,0638_6864,2.15916667,48.86861111,58.88,17
20251031,152154,0641_6864,2.20527778,48.86861111,108.46,17
20251031,169036,0647_6864,2.28416667,48.86861111,88.84,17
20251031,47947,0648_6864,2.29722222,48.86861111,86.63,38
20251031,127447,0649_6864,2.30666667,48.86861111,66.78,17
20251031,44287,0650_6864,2.32222222,48.86861111,69.83,38
20251031,49059,0651_6864,2.33250000,48.86861111,75.76,38
20251031,16028,0651_6864,2.34027778,48.86861111,107.48,38
20251031,39265,0652_6864,2.34972222,48.86861111,71.78,38
20251031,185104,0653_6864,2.36861111,48.86861111,61.30,17
20251031,182196,0654_6864,2.37666667,48.86861111,70.35,38
20251031,179282,0654_6864,2.37722222,48.86861111,72.07,38
20251031,97007,0654_6864,2.38055556,48.86861111,88.46,17
20251031,78470,0657_6864,2.41444444,48.86861111,143.41,17
20251031,63621,0659_6864,2.45222222,48.86861111,129.00,38
20251031,4429,0667_6864,2.56055556,48.86861111,53.24,38
20251031,37733,0678_6864,2.70833333,48.86861111,134.69,23
20251031,138154,0683_6864,2.77750000,48.86861111,146.99,17
20251031,101282,0634_6864,2.11222222,48.86888889,142.39,48
20251031,52246,0642_6864,2.21722222,48.86888889,119.11,38
20251031,92999,0647_6864,2.28583333,48.86888889,91.55,38
20251031,92209,0648_6864,2.30000000,48.86888889,78.95,38
20251031,108161,0648_6864,2.30055556,48.86888889,92.70,17
20251031,129145,0648_6864,2.30111111,48.86888889,79.19,17
20251031,187968,0651_6864,2.33638889,48.86888889,55.98,38
20251031,41848,0651_6864,2.34000000,48.86888889,49.93,17
20251031,127701,0652_6864,2.35416667,48.86888889,64.54,38
20251031,85213,0652_6864,2.35472222,48.86888889,63.34,17
20251031,167288,0653_6864,2.36666667,48.86888889,63.66,38
20251031,84485,0655_6864,2.39694444,48.86888889,132.80,38
20251031,142163,0656_6864,2.40222222,48.86888889,129.55,38
20251031,76863,0669_6864,2.57777778,48.86888889,87.97,38
20251031,181210,0676_6864,2.67444444,48.86888889,50.86,17
20251031,151327,0684_6864,2.78555556,48.86888889,145.79,38
20251031,54885,0643_6864,2.22361111,48.86916667,84.62,38
20251031,175298,0648_6864,2.29222222,48.86916667,88.03,17
20251031,171951,0650_6864,2.33055556,48.86916667,71.77,38
20251031,170012,0651_6864,2.33750000,48.86916667,62.51,38
20251031,79529,0651_6864,2.33777778,48.86916667,62.51,17
20251031,163341,0652_6864,2.34611111,48.86916667,51.78,38
20251031,99741,0652_6864,2.34638889,48.86916667,67.45,38
20251031,51702,0652_6864,2.35333333,48.86916667,62.35,38
20251031,52970,0654_6864,2.37416667,48.86916667,71.86,38
20251031,126475,0655_6864,2.39222222,48.86916667,113.45,38
20251031,172942,0655_6864,2.39361111,48.86916667,119.94,38
20251031,125706,0655_6864,2.39611111,48.86916667,132.68,38
20251031,67486,0656_6864,2.40527778,48.86916667,129.18,38
20251031,179632,0674_6864,2.65083333,48.86916667,58.96,26
20251031,179328,0674_6864,2.65111111,48.86916667,61.16,48
20251031,48907,0639_6864,2.17916667,48.86944444,89.23,38
20251031,172335,0647_6864,2.28194444,48.86944444,78.89,38
20251031,78196,0647_6864,2.29027778,48.86944444,96.76,38
20251031,74937,0650_6864,2.32527778,48.86944444,38.98,17
20251031,155243,0651_6864,2.33472222,48.86944444,58.41,17
20251031,83115,0652_6864,2.35166667,48.86944444,70.08,38
20251031,184222,0652_6864,2.35472222,48.86944444,62.02,38
20251031,39262,0653_6864,2.36583333,48.86944444,60.56,38
20251031,102218,0656_6864,2.40222222,48.86944444,130.36,17
20251031,172837,0656_6864,2.40694444,48.86944444,135.28,38
20251031,76003,0656_6864,2.40944444,48.86944444,143.43,38
20251031,137341,0670_6864,2.60444444,48.86944444,69.47,23
20251031,176242,0640_6864,2.19083333,48.86972222,103.09,17
20251031,169539,0643_6864,2.22472222,48.86972222,84.98,38
20251031,109406,0647_6864,2.28666667,48.86972222,89.77,38
20251031,86755,0648_6864,2.29166667,48.86972222,87.74,38
20251031,4755,0649_6864,2.30611111,48.86972222,73.39,38
20251031,91411,0649_6864,2.30972222,48.86972222,56.94,17
20251031,166017,0649_6864,2.31027778,48.86972222,61.29,38
20251031,140036,0649_6864,2.31083333,48.86972222,67.24,17
20251031,106413,0650_6864,2.33055556,48.86972222,64.93,38
20251031,185529,0650_6864,2.33138889,48.86972222,66.10,38
20251031,86657,0650_6864,2.33194444,48.86972222,65.47,17
20251031,147395,0651_6864,2.33583333,48.86972222,60.50,38
20251031,103865,0651_6864,2.33861111,48.86972222,68.74,17
20251031,41849,0651_6864,2.34166667,48.86972222,61.95,17
20251031,184019,0652_6864,2.35027778,48.86972222,71.83,38
20251031,7798,0653_6864,2.36361111,48.86972222,61.59,38
20251031,173761,0653_6864,2.37083333,48.86972222,73.86,38
20251031,89878,0655_6864,2.38833333,48.86972222,114.23,38
20251031,179950,0655_6864,2.38888889,48.86972222,96.81,38
20251031,67590,0655_6864,2.39972222,48.86972222,143.75,38
20251031,52725,0657_6864,2.41527778,48.86972222,119.98,38
20251031,19200,0660_6864,2.45611111,48.86972222,142.01,38
20251031,6020,0662_6864,2.48555556,48.86972222,88.55,23
20251031,4838,0677_6864,2.69083333,48.86972222,91.14,38
20251031,142303,0642_6864,2.21916667,48.87000000,113.59,38
20251031,153819,0647_6864,2.27805556,48.87000000,77.18,38
20251031,184137,0648_6864,2.29527778,48.87000000,91.78,17
20251031,94374,0648_6864,2.29666667,48.87000000,89.48,38
20251031,51703,0649_6864,2.30555556,48.87000000,73.74,38
20251031,51618,0650_6864,2.32250000,48.87000000,59.43,38
20251031,175726,0650_6864,2.33055556,48.87000000,55.69,17
20251031,141919,0651_6864,2.33222222,48.87000000,63.76,19
20251031,178251,0651_6864,2.34500000,48.87000000,67.49,38
20251031,70315,0652_6864,2.35027778,48.87000000,72.56,38
20251031,135438,0653_6864,2.37138889,48.87000000,76.87,38
20251031,181556,0654_6864,2.38111111,48.87000000,78.30,38
20251031,142355,0654_6864,2.38555556,48.87000000,125.80,17
20251031,129521,0655_6864,2.39638889,48.87000000,138.66,38
20251031,190331,0656_6864,2.40027778,48.87000000,145.99,38
20251031,157353,0658_6864,2.43805556,48.87000000,124.86,17
20251031,187565,0662_6864,2.48444444,48.87000000,91.04,38
20251031,43670,0672_6864,2.62555556,48.87000000,73.41,38
20251031,10757,0647_6864,2.29055556,48.87027778,98.97,38
20251031,49793,0648_6864,2.30055556,48.87027778,81.90,38
20251031,108298,0649_6864,2.31166667,48.87027778,65.43,38
20251031,187055,0649_6864,2.31305556,48.87027778,48.03,38
20251031,48495,0650_6864,2.32055556,48.87027778,73.29,38
20251031,45922,0651_6864,2.34527778,48.87027778,63.99,17
20251031,46196,0653_6864,2.36916667,48.87027778,66.32,38
20251031,132046,0654_6864,2.37583333,48.87027778,74.45,17
20251031,132117,0656_6864,2.40861111,48.87027778,140.16,38
20251031,140183,0683_6864,2.77944444,48.87027778,165.59,38
20251031,86692,0684_6864,2.78277778,48.87027778,136.77,17
20251031,10261,0646_6864,2.27361111,48.87055556,83.68,38
20251031,181410,0647_6864,2.27888889,48.87055556,83.98,38
20251031,110928,0647_6864,2.27916667,48.87055556,90.56,38
20251031,121708,0649_6864,2.31250000,48.87055556,65.48,17
20251031,84309,0650_6864,2.32777778,48.87055556,69.27,38
20251031,91559,0650_6864,2.32944444,48.87055556,67.95,17
20251031,88211,0651_6864,2.33944444,48.87055556,65.06,17
20251031,155897,0651_6864,2.34083333,48.87055556,63.42,38
20251031,51707,0653_6864,2.36833333,48.87055556,66.58,38
20251031,73473,0654_6864,2.37555556,48.87055556,75.80,38
20251031,59764,0654_6864,2.38138889,48.87055556,82.85,17
20251031,67595,0656_6864,2.40527778,48.87055556,135.67,38
20251031,130215,0658_6864,2.42833333,48.87055556,156.46,38
20251031,50544,0684_6864,2.78805556,48.87055556,161.62,17
20251031,87515,0638_6864,2.15777778,48.87083333,33.78,17
20251031,5189,0642_6864,2.22222222,48.87083333,75.42,38
20251031,143867,0647_6864,2.28722222,48.87083333,93.64,17
20251031,85214,0647_6864,2.28777778,48.87083333,88.64,17
20251031,92390,0648_6864,2.30222222,48.87083333,72.16,17
20251031,182041,0649_6864,2.30805556,48.87083333,65.14,38
20251031,134585,0649_6864,2.31027778,48.87083333,68.25,38
20251031,149713,0649_6864,2.31277778,48.87083333,58.32,17
20251031,173104,0650_6864,2.32388889,48.87083333,59.66,38
20251031,179188,0651_6864,2.34138889,48.87083333,67.65,17
20251031,39621,0652_6864,2.35861111,48.87083333,67.90,38
20251031,110976,0653_6864,2.36138889,48.87083333,58.47,38
20251031,139099,0653_6864,2.36638889,48.87083333,63.99,38
20251031,92489,0654_6864,2.37638889,48.87083333,75.30,17
20251031,14415,0654_6864,2.38250000,48.87083333,82.40,38
20251031,64804,0655_6864,2.39527778,48.87083333,137.30,38
20251031,94069,0657_6864,2.42027778,48.87083333,117.69,38
20251031,181135,0661_6864,2.47027778,48.87083333,136.81,38
20251031,81084,0662_6864,2.48222222,48.87083333,85.07,32
20251031,165757,0679_6864,2.72444444,48.87083333,143.14,23
20251031,93035,0679_6864,2.72500000,48.87083333,140.71,23
20251031,147166,0679_6864,2.72527778,48.87083333,142.11,23
20251031,154909,0681_6864,2.74611111,48.87083333,122.18,48
20251031,62755,0631_6864,2.06055556,48.87111111,153.20,23
20251031,100134,0643_6864,2.22500000,48.87111111,63.85,38
20251031,140916,0643_6864,2.22777778,48.87111111,64.89,38
20251031,160793,0648_6864,2.30000000,48.87111111,77.45,38
20251031,191120,0648_6864,2.30416667,48.87111111,54.16,49
20251031,50582,0649_6864,2.30555556,48.87111111,75.52,38
20251031,150870,0649_6864,2.31750000,48.87111111,59.20,38
20251031,130345,0650_6864,2.32694444,48.87111111,62.28,38
20251031,135853,0651_6864,2.34388889,48.87111111,68.39,38
20251031,187971,0652_6864,2.35333333,48.87111111,52.94,38
20251031,119127,0652_6864,2.35638889,48.87111111,57.77,17
20251031,170536,0652_6864,2.35833333,48.87111111,57.90,17
20251031,117736,0653_6864,2.36055556,48.87111111,64.74,17
20251031,52254,0662_6864,2.48722222,48.87111111,101.66,38
20251031,115480,0633_6864,2.09694444,48.87138889,113.65,17
20251031,154997,0647_6864,2.28416667,48.87138889,79.51,38
20251031,189783,0648_6864,2.29305556,48.87138889,81.07,38
20251031,191957,0648_6864,2.30222222,48.87138889,49.85,49
20251031,123367,0649_6864,2.30527778,48.87138889,75.36,38
20251031,87018,0650_6864,2.32138889,48.87138889,67.00,38
20251031,132116,0651_6864,2.33527778,48.87138889,64.89,17
20251031,130061,0651_6864,2.33722222,48.87138889,69.54,38
20251031,80283,0651_6864,2.34444444,48.87138889,69.09,38
20251031,176427,0651_6864,2.34527778,48.87138889,64.55,17
20251031,185905,0654_6864,2.37444444,48.87138889,72.88,38
20251031,67484,0655_6864,2.38750000,48.87138889,126.07,38
20251031,193541,0655_6864,2.39194444,48.87138889,116.86,38
20251031,110443,0655_6864,2.39250000,48.87138889,128.15,38
20251031,67476,0656_6864,2.40833333,48.87138889,158.90,38
20251031,126390,0658_6864,2.42972222,48.87138889,154.36,38
20251031,119038,0658_6864,2.43777778,48.87138889,127.19,38
20251031,170002,0676_6864,2.68027778,48.87138889,74.25,26
20251031,132977,0683_6864,2.77444444,48.87138889,134.21,17
20251031,79522,0647_6864,2.28500000,48.87166667,80.48,38
20251031,190555,0648_6864,2.29250000,48.87166667,89.26,38
20251031,89611,0648_6864,2.29833333,48.87166667,79.15,17
20251031,124354,0649_6864,2.30611111,48.87166667,70.38,17
20251031,93615,0649_6864,2.30666667,48.87166667,67.22,38
20251031,86914,0649_6864,2.31055556,48.87166667,63.06,38
20251031,117107,0649_6864,2.31777778,48.87166667,96.18,38
20251031,107146,0650_6864,2.32055556,48.87166667,72.19,38
20251031,121192,0650_6864,2.32805556,48.87166667,55.16,17
20251031,186815,0651_6864,2.33361111,48.87166667,63.12,38
20251031,189903,0651_6864,2.34277778,48.87166667,60.74,38
20251031,112414,0652_6864,2.34833333,48.87166667,62.66,38
20251031,187444,0652_6864,2.35166667,48.87166667,67.67,38
20251031,47945,0653_6864,2.36805556,48.87166667,65.76,38
20251031,59862,0654_6864,2.37638889,48.87166667,81.81,38
20251031,154512,0655_6864,2.39722222,48.87166667,143.82,38
20251031,71143,0656_6864,2.40083333,48.87166667,170.90,38
20251031,48677,0656_6864,2.40166667,48.87166667,150.88,38
20251031,67588,0656_6864,2.41083333,48.87166667,149.54,38
20251031,48550,0657_6864,2.42166667,48.87166667,125.58,38
20251031,115318,0661_6864,2.47222222,48.87166667,139.18,17
20251031,47925,0668_6864,2.56833333,48.87166667,78.65,38
20251031,191826,0683_6864,2.77305556,48.87166667,138.33,17
20251031,61989,0647_6864,2.28444444,48.87194444,82.21,38
20251031,180400,0648_6864,2.29805556,48.87194444,84.42,38
20251031,192228,0648_6864,2.30027778,48.87194444,59.04,55
20251031,181734,0649_6864,2.30861111,48.87194444,53.46,38
20251031,178534,0649_6864,2.31472222,48.87194444,68.56,38
20251031,132893,0650_6864,2.32166667,48.87194444,69.52,38
20251031,83287,0651_6864,2.33694444,48.87194444,68.54,17
20251031,152116,0652_6864,2.34916667,48.87194444,65.68,17
20251031,43245,0652_6864,2.35527778,48.87194444,70.86,38
20251031,21491,0652_6864,2.35805556,48.87194444,58.83,38
20251031,12343,0656_6864,2.40111111,48.87194444,150.20,38
20251031,178422,0656_6864,2.40388889,48.87194444,132.90,17
20251031,168548,0660_6864,2.46527778,48.87194444,148.74,26
20251031,127876,0661_6864,2.47250000,48.87194444,137.78,38
20251031,115317,0661_6864,2.47333333,48.87194444,137.45,17
20251031,76503,0662_6864,2.48833333,48.87194444,112.79,38
20251031,2588,0664_6864,2.51111111,48.87194444,121.69,17
20251031,181028,0665_6864,2.52555556,48.87194444,82.91,23
20251031,129022,0685_6864,2.80722222,48.87194444,155.23,17
20251031,52861,0633_6864,2.09555556,48.87222222,124.54,38
20251031,192915,0633_6864,2.09611111,48.87222222,114.02,38
20251031,190017,0634_6864,2.10500000,48.87222222,116.27,48
20251031,178892,0639_6864,2.17972222,48.87222222,68.73,38
20251031,52898,0647_6864,2.29055556,48.87222222,90.21,38
20251031,46160,0649_6864,2.31750000,48.87222222,76.99,17
20251031,118047,0650_6864,2.32583333,48.87222222,59.75,17
20251031,104074,0650_6864,2.33194444,48.87222222,90.91,19
20251031,79534,0652_6864,2.34777778,48.87222222,58.66,38
20251031,77840,0653_6864,2.36166667,48.87222222,64.41,38
20251031,51157,0653_6864,2.37250000,48.87222222,69.61,38
20251031,121498,0654_6864,2.38416667,48.87222222,110.97,38
20251031,50380,0657_6864,2.42194444,48.87222222,125.89,38
20251031,52259,0640_6864,2.19277778,48.87250000,116.00,38
20251031,127444,0648_6864,2.29694444,48.87250000,91.52,38
20251031,149975,0648_6864,2.29805556,48.87250000,79.23,17
20251031,170900,0649_6864,2.31055556,48.87250000,65.02,38
20251031,175215,0650_6864,2.31944444,48.87250000,47.77,17
20251031,145269,0650_6864,2.32333333,48.87250000,52.55,17
20251031,81340,0650_6864,2.32777778,48.87250000,64.29,38
20251031,127925,0650_6864,2.32972222,48.87250000,64.39,38
20251031,176007,0651_6864,2.33777778,48.87250000,73.51,38
20251031,21490,0651_6864,2.34111111,48.87250000,60.08,38
20251031,163935,0652_6864,2.35027778,48.87250000,57.73,17
20251031,81049,0652_6864,2.35583333,48.87250000,64.44,17
20251031,183984,0653_6864,2.37000000,48.87250000,70.34,17
20251031,170963,0654_6864,2.37805556,48.87250000,87.45,38
20251031,59023,0655_6864,2.38694444,48.87250000,124.85,38
20251031,187973,0655_6864,2.39138889,48.87250000,123.34,17
20251031,79181,0655_6864,2.39777778,48.87250000,148.68,17
20251031,43905,0656_6864,2.40666667,48.87250000,150.15,38
20251031,67485,0656_6864,2.40805556,48.87250000,156.00,38
20251031,98484,0658_6864,2.43638889,48.87250000,130.37,17
20251031,48631,0665_6864,2.53416667,48.87250000,89.28,38
20251031,5077,0671_6864,2.60750000,48.87250000,63.18,23
20251031,151848,0683_6864,2.77555556,48.87250000,135.51,17
20251031,98714,0684_6864,2.78333333,48.87250000,129.10,32
20251031,111499,0633_6865,2.08722222,48.87277778,131.40,12
20251031,39846,0648_6864,2.29111111,48.87277778,81.72,38
20251031,117740,0648_6864,2.29138889,48.87277778,82.83,38
20251031,192229,0648_6864,2.29888889,48.87277778,58.69,49
20251031,12778,0648_6864,2.30250000,48.87277778,78.71,17
20251031,56649,0649_6864,2.30500000,48.87277778,79.22,38
20251031,149938,0649_6864,2.31583333,48.87277778,52.87,17
20251031,127277,0649_6864,2.31666667,48.87277778,67.35,38
20251031,187075,0653_6864,2.36611111,48.87277778,63.58,17
20251031,155798,0654_6864,2.38027778,48.87277778,90.03,17
20251031,150039,0654_6864,2.38500000,48.87277778,131.75,38
20251031,188799,0655_6864,2.39555556,48.87277778,133.70,17
20251031,133495,0655_6864,2.40000000,48.87277778,151.72,17
20251031,42712,0658_6864,2.43000000,48.87277778,159.90,38
20251031,57151,0658_6864,2.43861111,48.87277778,134.12,26
20251031,120606,0659_6864,2.45000000,48.87277778,124.40,17
20251031,97922,0665_6864,2.52777778,48.87277778,67.03,23
20251031,41342,0673_6864,2.64000000,48.87277778,62.68,17
20251031,52258,0641_6864,2.20305556,48.87305556,122.02,38
20251031,111317,0642_6864,2.22222222,48.87305556,73.74,26
20251031,179111,0647_6864,2.28138889,48.87305556,76.06,38
20251031,86655,0647_6864,2.28222222,48.87305556,77.14,38
20251031,129998,0649_6864,2.31250000,48.87305556,63.72,38
20251031,181183,0649_6864,2.31694444,48.87305556,58.76,17
20251031,159112,0649_6864,2.31805556,48.87305556,53.77,17
20251031,182830,0650_6864,2.32777778,48.87305556,60.12,17
20251031,190471,0651_6864,2.33388889,48.87305556,60.74,38
20251031,189670,0651_6864,2.34027778,48.87305556,60.41,17
20251031,51706,0651_6864,2.34444444,48.87305556,65.79,38
20251031,111630,0653_6864,2.36305556,48.87305556,58.59,38
20251031,139659,0653_6864,2.36555556,48.87305556,62.98,38
20251031,97800,0656_6864,2.41305556,48.87305556,143.36,38
20251031,68638,0658_6864,2.43555556,48.87305556,121.55,32
20251031,90294,0673_6864,2.63972222,48.87305556,53.68,23
20251031,138356,0675_6864,2.67111111,48.87305556,77.83,23
20251031,107010,0675_6864,2.67138889,48.87305556,80.03,23
20251031,132082,0632_6865,2.08555556,48.87333333,125.81,38
20251031,93358,0643_6864,2.22916667,48.87333333,58.83,38
20251031,146399,0648_6864,2.29916667,48.87333333,72.15,17
20251031,183128,0649_6864,2.30583333,48.87333333,59.41,38
20251031,133186,0649_6864,2.30944444,48.87333333,63.99,38
20251031,171172,0650_6864,2.31861111,48.87333333,47.77,17
20251031,154525,0650_6864,2.32416667,48.87333333,54.17,17
20251031,188968,0651_6864,2.34333333,48.87333333,58.17,38
20251031,192793,0651_6864,2.34444444,48.87333333,63.09,38
20251031,106893,0652_6864,2.35305556,48.87333333,61.39,38
20251031,186050,0653_6864,2.37111111,48.87333333,69.78,17
20251031,184662,0654_6864,2.38166667,48.87333333,95.90,38
20251031,45766,0655_6864,2.39750000,48.87333333,181.75,17
20251031,125845,0663_6864,2.49833333,48.87333333,133.61,26
20251031,130186,0663_6864,2.50000000,48.87333333,123.95,38
20251031,49715,0664_6864,2.51000000,48.87333333,132.91,38
20251031,108194,0665_6864,2.53416667,48.87333333,84.39,38
20251031,21860,0665_6864,2.53444444,48.87333333,85.06,17
20251031,92639,0669_6864,2.57972222,48.87333333,63.42,38
20251031,58206,0683_6864,2.77250000,48.87333333,147.31,17
20251031,95496,0647_6864,2.28527778,48.87361111,83.42,38
20251031,79527,0648_6864,2.29750000,48.87361111,81.05,38
20251031,178077,0649_6864,2.31305556,48.87361111,64.19,38
20251031,116964,0649_6864,2.31333333,48.87361111,64.92,17
20251031,106700,0650_6864,2.31944444,48.87361111,53.03,17
20251031,102102,0650_6864,2.32027778,48.87361111,61.41,38
20251031,161600,0651_6864,2.33222222,48.87361111,84.20,17
20251031,121370,0651_6864,2.33583333,48.87361111,68.40,38
20251031,98781,0651_6864,2.33722222,48.87361111,79.61,38
20251031,166112,0651_6864,2.34500000,48.87361111,60.61,38
20251031,101766,0651_6864,2.34527778,48.87361111,65.31,17
20251031,182191,0652_6864,2.35055556,48.87361111,60.05,38
20251031,186011,0654_6864,2.37361111,48.87361111,74.95,38
20251031,73848,0654_6864,2.38250000,48.87361111,103.08,38
20251031,67489,0655_6864,2.39222222,48.87361111,145.39,38
20251031,182926,0657_6864,2.42694444,48.87361111,143.38,38
20251031,103155,0640_6865,2.19000000,48.87388889,137.43,38
20251031,39718,0641_6865,2.20222222,48.87388889,124.01,38
20251031,150634,0642_6865,2.21361111,48.87388889,190.28,17
20251031,93455,0643_6865,2.22722222,48.87388889,53.89,38
20251031,131360,0647_6865,2.28111111,48.87388889,72.71,38
20251031,99163,0648_6864,2.30138889,48.87388889,78.35,17
20251031,168476,0650_6864,2.32777778,48.87388889,67.02,17
20251031,53839,0650_6864,2.33194444,48.87388889,84.10,17
20251031,154189,0651_6864,2.34333333,48.87388889,57.34,17
20251031,123318,0653_6864,2.36472222,48.87388889,63.45,38
20251031,187547,0655_6864,2.38833333,48.87388889,117.48,38
20251031,97040,0655_6864,2.39944444,48.87388889,192.06,4
20251031,92169,0656_6864,2.40472222,48.87388889,175.47,38
20251031,3880,0656_6864,2.41333333,48.87388889,140.39,38
20251031,166643,0658_6864,2.42944444,48.87388889,133.00,17
20251031,50379,0658_6864,2.43305556,48.87388889,143.96,38
20251031,116886,0676_6864,2.67611111,48.87388889,56.36,17
20251031,133848,0683_6864,2.77277778,48.87388889,142.07,17
20251031,52859,0633_6865,2.09638889,48.87416667,127.08,38
20251031,46047,0636_6865,2.13861111,48.87416667,47.06,38
20251031,190472,0645_6865,2.25555556,48.87416667,46.00,38
20251031,81024,0647_6865,2.28055556,48.87416667,72.73,38
20251031,181732,0649_6865,2.30833333,48.87416667,59.59,38
20251031,145543,0650_6864,2.32666667,48.87416667,57.15,17
20251031,169925,0651_6864,2.33472222,48.87416667,59.10,38
20251031,136519,0651_6864,2.33638889,48.87416667,59.82,17
20251031,47521,0652_6864,2.35833333,48.87416667,61.40,38
20251031,88513,0655_6864,2.38944444,48.87416667,127.70,38
20251031,168507,0655_6864,2.39777778,48.87416667,151.98,38
20251031,143547,0660_6864,2.45944444,48.87416667,137.92,38
20251031,60631,0660_6864,2.46194444,48.87416667,150.19,38
20251031,113766,0668_6864,2.56777778,48.87416667,59.92,17
20251031,176175,0683_6864,2.77194444,48.87416667,145.18,17
20251031,52865,0632_6865,2.08166667,48.87444444,107.71,38
20251031,62541,0641_6865,2.20138889,48.87444444,120.47,38
20251031,42351,0641_6865,2.20194444,48.87444444,121.47,38
20251031,190710,0642_6865,2.22138889,48.87444444,99.67,38
20251031,36927,0643_6865,2.23388889,48.87444444,61.09,38
20251031,145504,0646_6865,2.27666667,48.87444444,70.91,26
20251031,36387,0648_6865,2.30305556,48.87444444,83.00,38
20251031,138437,0649_6865,2.30527778,48.87444444,73.24,38
20251031,164704,0649_6865,2.31083333,48.87444444,54.12,17
20251031,42267,0650_6865,2.32861111,48.87444444,76.89,17
20251031,48205,0650_6865,2.33138889,48.87444444,56.54,38
20251031,108055,0651_6865,2.33972222,48.87444444,59.25,17
20251031,186965,0652_6865,2.34805556,48.87444444,59.13,38
20251031,156048,0652_6865,2.35444444,48.87444444,64.09,38
20251031,183771,0652_6865,2.35805556,48.87444444,65.70,38
20251031,73857,0654_6865,2.37472222,48.87444444,93.79,17
20251031,92944,0654_6865,2.37916667,48.87444444,108.78,38
20251031,49726,0661_6864,2.47833333,48.87444444,96.21,17
20251031,136042,0673_6864,2.63638889,48.87444444,76.49,20
20251031,79217,0675_6864,2.67027778,48.87444444,71.37,23
20251031,142657,0638_6865,2.16361111,48.87472222,52.49,38
20251031,117115,0643_6865,2.22805556,48.87472222,67.73,17
20251031,172108,0645_6865,2.25500000,48.87472222,59.00,19
20251031,188876,0646_6865,2.27694444,48.87472222,70.44,26
20251031,170690,0648_6865,2.29222222,48.87472222,83.20,38
20251031,20205,0648_6865,2.29750000,48.87472222,90.44,38
20251031,164325,0650_6865,2.31833333,48.87472222,61.31,17
20251031,186245,0651_6865,2.33222222,48.87472222,53.18,38
20251031,135681,0651_6865,2.33777778,48.87472222,58.98,17
20251031,124853,0653_6865,2.36638889,48.87472222,49.86,38
20251031,94078,0653_6865,2.37111111,48.87472222,86.42,38
20251031,127875,0655_6865,2.38750000,48.87472222,122.02,38
20251031,86291,0655_6865,2.39750000,48.87472222,151.69,38
20251031,89926,0656_6865,2.40638889,48.87472222,163.58,23
20251031,179430,0660_6864,2.45888889,48.87472222,128.31,17
20251031,191891,0667_6864,2.55722222,48.87472222,78.55,38
20251031,73142,0667_6864,2.55972222,48.87472222,86.51,38
20251031,144398,0669_6864,2.58361111,48.87472222,60.33,38
20251031,52249,0638_6865,2.16611111,48.87500000,45.86,38
20251031,192102,0643_6865,2.23444444,48.87500000,58.77,38
20251031,166352,0649_6865,2.31444444,48.87500000,65.44,17
20251031,186652,0649_6865,2.31694444,48.87500000,63.86,38
20251031,51711,0652_6865,2.35305556,48.87500000,67.65,38
20251031,67592,0656_6865,2.40194444,48.87500000,166.07,38
20251031,3532,0656_6865,2.41138889,48.87500000,144.63,999999999
20251031,128166,0673_6864,2.64055556,48.87500000,65.08,23
20251031,57863,0679_6864,2.72027778,48.87500000,99.85,38
20251031,58417,0648_6865,2.29222222,48.87527778,85.48,38
20251031,81028,0648_6865,2.29416667,48.87527778,85.25,38
20251031,135031,0648_6865,2.30333333,48.87527778,59.43,38
20251031,186244,0649_6865,2.30972222,48.87527778,67.04,38
20251031,182276,0650_6865,2.32527778,48.87527778,60.98,38
20251031,157246,0650_6865,2.33138889,48.87527778,64.27,17
20251031,86977,0651_6865,2.33500000,48.87527778,58.58,17
20251031,168705,0655_6865,2.39083333,48.87527778,124.54,38
20251031,69277,0659_6865,2.45000000,48.87527778,144.96,38
20251031,160906,0669_6864,2.58444444,48.87527778,58.30,38
20251031,91122,0643_6865,2.23611111,48.87555556,51.25,17
20251031,163815,0647_6865,2.28361111,48.87555556,75.24,38
20251031,187562,0647_6865,2.28750000,48.87555556,74.65,38
20251031,75131,0648_6865,2.29444444,48.87555556,84.92,38
20251031,93715,0648_6865,2.29500000,48.87555556,80.85,38
20251031,14937,0648_6865,2.30138889,48.87555556,90.42,38
20251031,163438,0650_6865,2.32694444,48.87555556,42.91,42
20251031,173457,0650_6865,2.32805556,48.87555556,60.29,17
20251031,99340,0651_6865,2.34166667,48.87555556,65.81,38
20251031,153896,0652_6865,2.35638889,48.87555556,67.02,17
20251031,134557,0652_6865,2.35833333,48.87555556,72.84,17
20251031,119915,0653_6865,2.37000000,48.87555556,87.00,38
20251031,157785,0654_6865,2.38416667,48.87555556,130.43,38
20251031,173927,0655_6865,2.39472222,48.87555556,140.39,17
20251031,104928,0657_6865,2.42222222,48.87555556,143.67,38
20251031,2587,0658_6865,2.43944444,48.87555556,148.14,23
20251031,68644,0659_6865,2.44972222,48.87555556,148.53,38
20251031,187544,0664_6865,2.52000000,48.87555556,121.16,38
20251031,179736,0666_6865,2.54472222,48.87555556,74.66,38
20251031,99227,0669_6865,2.58944444,48.87555556,47.57,17
20251031,140044,0673_6865,2.63750000,48.87555556,84.67,23
20251031,166892,0676_6864,2.68472222,48.87555556,74.96,23
20251031,173193,0683_6864,2.77611111,48.87555556,136.86,17
20251031,45121,0643_6865,2.23000000,48.87583333,56.32,38
20251031,185648,0644_6865,2.23750000,48.87583333,53.40,17
20251031,2654,0644_6865,2.24944444,48.87583333,63.58,17
20251031,167056,0647_6865,2.28222222,48.87583333,74.82,17
20251031,190473,0649_6865,2.31388889,48.87583333,62.23,38
20251031,149901,0650_6865,2.32305556,48.87583333,59.30,17
20251031,43016,0651_6865,2.34388889,48.87583333,68.65,38
20251031,185830,0654_6865,2.37555556,48.87583333,89.91,38
20251031,73873,0655_6865,2.38805556,48.87583333,138.21,38
20251031,69662,0655_6865,2.39750000,48.87583333,151.98,38
20251031,173539,0656_6865,2.40250000,48.87583333,145.46,38
20251031,90293,0673_6865,2.63944444,48.87583333,49.81,17
20251031,172448,0683_6865,2.77611111,48.87583333,137.76,17
20251031,182824,0636_6865,2.13972222,48.87611111,45.98,38
20251031,166805,0636_6865,2.14083333,48.87611111,53.64,38
20251031,50820,0640_6865,2.18527778,48.87611111,70.37,38
20251031,99622,0644_6865,2.23750000,48.87611111,57.80,38
20251031,159600,0647_6865,2.28944444,48.87611111,80.89,38
20251031,142566,0648_6865,2.29444444,48.87611111,80.32,17
20251031,124948,0649_6865,2.31250000,48.87611111,75.49,38
20251031,106393,0649_6865,2.31583333,48.87611111,64.60,38
20251031,110601,0650_6865,2.33000000,48.87611111,69.01,38
20251031,145386,0651_6865,2.33250000,48.87611111,65.34,38
20251031,165768,0651_6865,2.33833333,48.87611111,57.14,38
20251031,95950,0652_6865,2.34972222,48.87611111,69.30,38
20251031,73854,0654_6865,2.37972222,48.87611111,110.82,38
20251031,4757,0655_6865,2.38777778,48.87611111,135.21,38
20251031,177696,0656_6865,2.40194444,48.87611111,149.46,38
20251031,56480,0656_6865,2.41194444,48.87611111,157.32,38
20251031,160516,0662_6865,2.48305556,48.87611111,91.46,17
20251031,171306,0672_6865,2.61972222,48.87611111,56.48,26
20251031,3955,0681_6865,2.75250000,48.87611111,140.21,26
20251031,106100,0681_6865,2.75305556,48.87611111,144.54,26
20251031,52860,0633_6865,2.08916667,48.87638889,121.50,38
20251031,94920,0647_6865,2.28388889,48.87638889,72.33,17
20251031,101253,0648_6865,2.29222222,48.87638889,82.83,38
20251031,132424,0649_6865,2.31250000,48.87638889,69.98,38
20251031,119417,0650_6865,2.32361111,48.87638889,71.79,17
20251031,190054,0650_6865,2.32527778,48.87638889,62.09,38
20251031,119837,0650_6865,2.32666667,48.87638889,67.93,17
20251031,46171,0650_6865,2.32722222,48.87638889,67.32,38
20251031,140943,0651_6865,2.33250000,48.87638889,43.40,42
20251031,98502,0651_6865,2.33416667,48.87638889,66.25,17
20251031,190478,0651_6865,2.34500000,48.87638889,64.12,38
20251031,189024,0652_6865,2.34694444,48.87638889,65.17,38
20251031,74970,0652_6865,2.34805556,48.87638889,75.03,38
20251031,122615,0653_6865,2.35916667,48.87638889,92.37,17
20251031,4761,0653_6865,2.36138889,48.87638889,82.49,38
20251031,188824,0653_6865,2.36833333,48.87638889,78.63,17
20251031,69664,0654_6865,2.38500000,48.87638889,140.42,38
20251031,179472,0660_6865,2.45583333,48.87638889,139.51,38
20251031,177436,0661_6865,2.47916667,48.87638889,84.84,38
20251031,158535,0676_6865,2.68500000,48.87638889,75.31,23
20251031,6434,0640_6865,2.19527778,48.87666667,102.34,17
20251031,92344,0646_6865,2.26388889,48.87666667,80.13,38
20251031,85653,0647_6865,2.29000000,48.87666667,74.94,38
20251031,182123,0649_6865,2.30833333,48.87666667,70.23,38
20251031,179940,0650_6865,2.32944444,48.87666667,59.11,38
20251031,109856,0652_6865,2.34583333,48.87666667,63.10,17
20251031,164791,0652_6865,2.35333333,48.87666667,62.92,17
20251031,25006,0652_6865,2.35722222,48.87666667,77.79,38
20251031,73868,0654_6865,2.38222222,48.87666667,132.72,38
20251031,57647,0656_6865,2.40388889,48.87666667,149.86,38
20251031,49710,0661_6865,2.47916667,48.87666667,87.04,38
20251031,130054,0681_6865,2.75222222,48.87666667,146.89,26
20251031,90292,0634_6865,2.10611111,48.87694444,47.40,17
20251031,5555,0639_6865,2.17527778,48.87694444,43.18,17
20251031,124939,0644_6865,2.23944444,48.87694444,57.11,38
20251031,130930,0645_6865,2.25333333,48.87694444,53.07,38
20251031,125102,0647_6865,2.28666667,48.87694444,77.08,17
20251031,7796,0647_6865,2.29027778,48.87694444,70.07,38
20251031,86238,0648_6865,2.29638889,48.87694444,80.81,38
20251031,130266,0648_6865,2.29694444,48.87694444,79.94,17
20251031,136904,0648_6865,2.30111111,48.87694444,76.94,17
20251031,179167,0648_6865,2.30166667,48.87694444,81.02,38
20251031,103393,0649_6865,2.31027778,48.87694444,81.07,17
20251031,124209,0650_6865,2.32222222,48.87694444,70.52,38
20251031,139039,0650_6865,2.32666667,48.87694444,71.83,38
20251031,57262,0653_6865,2.36166667,48.87694444,88.23,38
20251031,127702,0653_6865,2.36277778,48.87694444,81.81,38
20251031,37089,0653_6865,2.36666667,48.87694444,81.24,38
20251031,115158,0654_6865,2.37333333,48.87694444,91.28,38
20251031,173188,0654_6865,2.37361111,48.87694444,93.91,38
20251031,182925,0655_6865,2.39500000,48.87694444,174.81,38
20251031,85514,0655_6865,2.39777778,48.87694444,181.05,38
20251031,56479,0656_6865,2.40722222,48.87694444,143.03,38
20251031,130106,0656_6865,2.40833333,48.87694444,140.19,38
20251031,144531,0656_6865,2.41083333,48.87694444,149.33,38
20251031,119131,0659_6865,2.44722222,48.87694444,148.31,38
20251031,39952,0640_6865,2.18472222,48.87722222,63.30,38
20251031,137308,0649_6865,2.30833333,48.87722222,75.69,38
20251031,87812,0653_6865,2.36250000,48.87722222,82.17,17
20251031,32170,0654_6865,2.37666667,48.87722222,109.32,38
20251031,165202,0655_6865,2.39722222,48.87722222,186.30,38
20251031,68659,0660_6865,2.46444444,48.87722222,136.70,38
20251031,114786,0677_6865,2.69805556,48.87722222,68.95,17
20251031,178811,0679_6865,2.72000000,48.87722222,89.46,17
20251031,90895,0635_6865,2.12333333,48.87750000,57.45,26
20251031,48991,0635_6865,2.12500000,48.87750000,56.44,23
20251031,148103,0643_6865,2.23055556,48.87750000,62.91,38
20251031,141890,0645_6865,2.25638889,48.87750000,64.08,38
20251031,172104,0647_6865,2.28916667,48.87750000,73.25,38
20251031,142743,0648_6865,2.29305556,48.87750000,55.99,17
20251031,63720,0648_6865,2.30361111,48.87750000,76.85,38
20251031,34793,0649_6865,2.30472222,48.87750000,80.28,17
20251031,79523,0649_6865,2.31388889,48.87750000,77.01,38
20251031,109689,0650_6865,2.32194444,48.87750000,74.55,17
20251031,190978,0650_6865,2.32805556,48.87750000,68.25,17
20251031,132286,0650_6865,2.32861111,48.87750000,71.56,38
20251031,98504,0652_6865,2.35361111,48.87750000,78.37,17
20251031,117541,0652_6865,2.35916667,48.87750000,56.64,23
20251031,170142,0654_6865,2.37805556,48.87750000,111.90,38
20251031,96951,0654_6865,2.38305556,48.87750000,137.62,38
20251031,147682,0655_6865,2.39166667,48.87750000,125.91,38
20251031,160028,0658_6865,2.43861111,48.87750000,153.59,38
20251031,178843,0664_6865,2.51611111,48.87750000,80.27,38
20251031,112998,0667_6865,2.55305556,48.87750000,89.56,23
20251031,5007,0670_6865,2.59138889,48.87750000,58.81,17
20251031,158544,0648_6865,2.29305556,48.87777778,69.19,38
20251031,78198,0648_6865,2.29722222,48.87777778,74.66,38
20251031,80750,0652_6865,2.35222222,48.87777778,72.92,38
20251031,178682,0652_6865,2.35250000,48.87777778,74.69,17
20251031,47275,0652_6865,2.35500000,48.87777778,77.24,38
20251031,192974,0653_6865,2.36944444,48.87777778,84.09,38
20251031,189363,0654_6865,2.38166667,48.87777778,122.54,38
20251031,34297,0655_6865,2.39194444,48.87777778,132.81,38
20251031,117702,0655_6865,2.39444444,48.87777778,120.38,17
20251031,97588,0655_6865,2.40000000,48.87777778,141.71,38
20251031,63348,0656_6865,2.40472222,48.87777778,152.79,38
20251031,99873,0658_6865,2.42888889,48.87777778,140.18,38
20251031,84442,0659_6865,2.45277778,48.87777778,149.61,38
20251031,110575,0661_6865,2.47527778,48.87777778,91.94,38
20251031,167163,0661_6865,2.48166667,48.87777778,92.28,17
20251031,160864,0663_6865,2.50027778,48.87777778,132.42,26
20251031,92285,0670_6865,2.59194444,48.87777778,85.80,17
20251031,1972,0671_6865,2.61361111,48.87777778,76.52,17
20251031,112231,0671_6865,2.61666667,48.87777778,80.88,26
20251031,176548,0633_6865,2.08916667,48.87805556,118.38,17
20251031,60856,0635_6865,2.12444444,48.87805556,51.77,26
20251031,52275,0639_6865,2.17388889,48.87805556,49.17,38
20251031,40119,0639_6865,2.17638889,48.87805556,65.41,38
20251031,92786,0642_6865,2.22111111,48.87805556,107.75,38
20251031,23560,0644_6865,2.24861111,48.87805556,65.07,38
20251031,81925,0645_6865,2.25416667,48.87805556,45.24,17
20251031,142356,0646_6865,2.26472222,48.87805556,46.40,17
20251031,148092,0648_6865,2.29555556,48.87805556,57.86,17
20251031,102796,0650_6865,2.32250000,48.87805556,76.42,17
20251031,43445,0650_6865,2.32555556,48.87805556,80.06,38
20251031,74091,0651_6865,2.33694444,48.87805556,68.75,38
20251031,90070,0652_6865,2.34555556,48.87805556,71.66,38
20251031,81880,0652_6865,2.35472222,48.87805556,77.24,17
20251031,137692,0656_6865,2.40361111,48.87805556,144.23,17
20251031,175310,0658_6865,2.42861111,48.87805556,142.15,17
20251031,42713,0658_6865,2.43972222,48.87805556,155.18,38
20251031,103424,0661_6865,2.47888889,48.87805556,89.22,38
20251031,34438,0663_6865,2.49944444,48.87805556,121.80,38
20251031,139908,0671_6865,2.61083333,48.87805556,78.08,26
20251031,22558,0642_6865,2.21166667,48.87833333,104.23,38
20251031,43744,0643_6865,2.23500000,48.87833333,60.31,38
20251031,147483,0646_6865,2.26416667,48.87833333,70.62,17
20251031,112105,0647_6865,2.28361111,48.87833333,75.24,17
20251031,174609,0648_6865,2.30027778,48.87833333,65.70,38
20251031,81027,0648_6865,2.30416667,48.87833333,71.84,38
20251031,132453,0650_6865,2.32555556,48.87833333,74.84,38
20251031,140004,0650_6865,2.32611111,48.87833333,72.01,38
20251031,49790,0651_6865,2.33333333,48.87833333,82.36,17
20251031,27120,0651_6865,2.33555556,48.87833333,46.49,17
20251031,129535,0651_6865,2.33861111,48.87833333,71.18,38
20251031,61837,0654_6865,2.38638889,48.87833333,128.61,38
20251031,181293,0655_6865,2.39750000,48.87833333,145.01,38
20251031,147502,0666_6865,2.54944444,48.87833333,122.07,38
20251031,98009,0641_6865,2.20916667,48.87861111,102.28,38
20251031,52247,0642_6865,2.21944444,48.87861111,112.08,38
20251031,39442,0642_6865,2.22250000,48.87861111,110.43,38
20251031,162106,0646_6865,2.27527778,48.87861111,62.57,38
20251031,51617,0650_6865,2.32083333,48.87861111,75.60,38
20251031,165201,0650_6865,2.32694444,48.87861111,69.15,38
20251031,169038,0650_6865,2.33166667,48.87861111,64.80,17
20251031,171031,0652_6865,2.34555556,48.87861111,74.89,17
20251031,142966,0652_6865,2.34972222,48.87861111,56.95,17
20251031,43019,0652_6865,2.35694444,48.87861111,79.61,38
20251031,193443,0652_6865,2.35833333,48.87861111,79.81,17
20251031,167790,0655_6865,2.39777778,48.87861111,144.03,38
20251031,95311,0660_6865,2.46083333,48.87861111,152.23,38
20251031,179974,0660_6865,2.46666667,48.87861111,167.11,23
20251031,3879,0667_6865,2.55138889,48.87861111,85.00,38
20251031,3180,0644_6865,2.24277778,48.87888889,47.01,38
20251031,87104,0647_6865,2.28694444,48.87888889,72.53,38
20251031,52181,0649_6865,2.31694444,48.87888889,82.80,38
20251031,7863,0649_6865,2.31722222,48.87888889,79.50,38
20251031,81683,0650_6865,2.32111111,48.87888889,82.63,17
20251031,102581,0650_6865,2.32333333,48.87888889,47.95,32
20251031,140003,0651_6865,2.34166667,48.87888889,82.33,38
20251031,94067,0653_6865,2.36972222,48.87888889,90.83,38
20251031,145039,0656_6865,2.41083333,48.87888889,148.43,38
20251031,59781,0661_6865,2.47500000,48.87888889,91.86,17
20251031,81416,0665_6865,2.53361111,48.87888889,71.68,38
20251031,52705,0670_6865,2.59333333,48.87888889,85.19,38
20251031,53840,0637_6865,2.14638889,48.87916667,75.98,20
20251031,120905,0647_6865,2.28222222,48.87916667,72.85,17
20251031,22,0648_6865,2.29250000,48.87916667,69.85,38
20251031,175915,0649_6865,2.31638889,48.87916667,80.93,17
20251031,39622,0649_6865,2.31666667,48.87916667,86.93,38
20251031,179761,0650_6865,2.32138889,48.87916667,77.38,38
20251031,139516,0650_6865,2.32583333,48.87916667,74.57,38
20251031,142958,0652_6865,2.35472222,48.87916667,81.86,38
20251031,104072,0652_6865,2.35638889,48.87916667,74.71,17
20251031,149726,0652_6865,2.35722222,48.87916667,81.54,38
20251031,160405,0653_6865,2.36222222,48.87916667,79.02,38
20251031,21726,0657_6865,2.42055556,48.87916667,147.63,38
20251031,190736,0657_6865,2.42250000,48.87916667,138.00,38
20251031,165933,0662_6865,2.48500000,48.87916667,103.99,38
20251031,140581,0665_6865,2.53333333,48.87916667,72.18,38
20251031,92103,0667_6865,2.55250000,48.87916667,104.28,38
20251031,68101,0675_6865,2.66138889,48.87916667,74.41,23
20251031,110574,0644_6865,2.23944444,48.87944444,57.56,17
20251031,133646,0647_6865,2.28388889,48.87944444,69.83,17
20251031,45869,0647_6865,2.28500000,48.87944444,84.12,38
20251031,160752,0647_6865,2.28750000,48.87944444,59.86,17
20251031,99289,0648_6865,2.30416667,48.87944444,73.10,38
20251031,186787,0650_6865,2.32694444,48.87944444,64.86,38
20251031,174985,0651_6865,2.33500000,48.87944444,71.96,38
20251031,36809,0651_6865,2.34305556,48.87944444,87.77,38
20251031,137564,0653_6865,2.36361111,48.87944444,80.92,38
20251031,128327,0655_6865,2.38916667,48.87944444,128.29,38
20251031,73874,0655_6865,2.39388889,48.87944444,132.26,38
20251031,86763,0657_6865,2.41583333,48.87944444,138.87,17
20251031,184552,0657_6865,2.41750000,48.87944444,142.61,38
20251031,193403,0659_6865,2.44833333,48.87944444,141.02,17
20251031,174437,0665_6865,2.53416667,48.87944444,65.92,38
20251031,63412,0667_6865,2.55250000,48.87944444,107.32,38
20251031,161882,0633_6865,2.09666667,48.87972222,117.45,17
20251031,145424,0641_6865,2.19777778,48.87972222,104.45,38
20251031,177788,0641_6865,2.19861111,48.87972222,106.73,38
20251031,30699,0644_6865,2.23888889,48.87972222,58.53,38
20251031,162319,0646_6865,2.27194444,48.87972222,52.95,38
20251031,150549,0648_6865,2.29638889,48.87972222,65.69,17
20251031,147220,0648_6865,2.29888889,48.87972222,69.42,17
20251031,189306,0648_6865,2.30361111,48.87972222,75.56,38
20251031,101112,0649_6865,2.31777778,48.87972222,85.68,38
20251031,131435,0650_6865,2.32138889,48.87972222,76.24,38
20251031,48496,0650_6865,2.33000000,48.87972222,81.01,38
20251031,178450,0651_6865,2.33500000,48.87972222,76.02,38
20251031,137908,0652_6865,2.35111111,48.87972222,78.48,38
20251031,91130,0653_6865,2.36972222,48.87972222,88.12,38
20251031,89850,0654_6865,2.37666667,48.87972222,107.96,38
20251031,73859,0655_6865,2.39861111,48.87972222,131.24,38
20251031,99231,0682_6865,2.76583333,48.87972222,129.02,17
20251031,149679,0632_6865,2.07888889,48.88000000,126.07,42
20251031,166173,0643_6865,2.23527778,48.88000000,60.15,17
20251031,180058,0646_6865,2.26472222,48.88000000,65.92,38
20251031,92374,0647_6865,2.28055556,48.88000000,76.44,38
20251031,53245,0650_6865,2.32361111,48.88000000,79.19,38
20251031,48490,0651_6865,2.33833333,48.88000000,94.10,38
20251031,94533,0651_6865,2.34111111,48.88000000,86.09,17
20251031,95803,0651_6865,2.34388889,48.88000000,84.36,17
20251031,113973,0651_6865,2.34500000,48.88000000,84.67,38
20251031,39261,0652_6865,2.35305556,48.88000000,86.34,38
20251031,46162,0653_6865,2.35944444,48.88000000,80.74,38
20251031,124771,0653_6865,2.36194444,48.88000000,82.44,17
20251031,54103,0653_6865,2.37055556,48.88000000,105.89,38
20251031,155557,0662_6865,2.49194444,48.88000000,120.62,38
20251031,139584,0668_6865,2.57138889,48.88000000,51.00,38
20251031,79206,0670_6865,2.59833333,48.88000000,85.55,23
20251031,67246,0640_6865,2.18277778,48.88027778,62.45,38
20251031,186222,0644_6865,2.24194444,48.88027778,56.49,38
20251031,6518,0645_6865,2.25500000,48.88027778,53.07,17
20251031,21318,0647_6865,2.28416667,48.88027778,215.27,17
20251031,74225,0648_6865,2.29777778,48.88027778,74.72,17
20251031,173250,0651_6865,2.34138889,48.88027778,83.72,38
20251031,5169,0653_6865,2.36166667,48.88027778,59.97,42
20251031,189364,0653_6865,2.36388889,48.88027778,64.11,38
20251031,117800,0655_6865,2.39694444,48.88027778,141.13,38
20251031,73649,0656_6865,2.40305556,48.88027778,133.64,38
20251031,56190,0658_6865,2.43250000,48.88027778,150.83,38
20251031,76937,0661_6865,2.47555556,48.88027778,79.18,32
20251031,90529,0644_6865,2.24388889,48.88055556,82.93,17
20251031,66287,0646_6865,2.27222222,48.88055556,85.88,17
20251031,72683,0647_6865,2.27861111,48.88055556,64.22,38
20251031,190332,0647_6865,2.29000000,48.88055556,63.18,38
20251031,179189,0648_6865,2.29972222,48.88055556,67.63,38
20251031,165352,0648_6865,2.30027778,48.88055556,66.75,38
20251031,91017,0650_6865,2.33138889,48.88055556,76.12,38
20251031,48240,0651_6865,2.33694444,48.88055556,88.51,38
20251031,92348,0651_6865,2.33972222,48.88055556,81.75,17
20251031,96129,0652_6865,2.35138889,48.88055556,85.36,38
20251031,97187,0653_6865,2.36583333,48.88055556,80.02,38
20251031,177139,0653_6865,2.36777778,48.88055556,70.61,17
20251031,157072,0656_6865,2.40777778,48.88055556,129.04,38
20251031,122585,0661_6865,2.47888889,48.88055556,122.31,17
20251031,181208,0669_6865,2.58500000,48.88055556,49.45,12
20251031,109988,0617_6866,1.87527778,48.88083333,69.42,23
20251031,175131,0650_6865,2.32305556,48.88083333,74.26,38
20251031,134104,0650_6865,2.32361111,48.88083333,76.80,38
20251031,176923,0650_6865,2.32388889,48.88083333,76.60,38
20251031,104073,0653_6865,2.36222222,48.88083333,73.31,17
20251031,130926,0653_6865,2.36444444,48.88083333,74.40,38
20251031,109690,0653_6865,2.37055556,48.88083333,71.20,17
20251031,87813,0656_6865,2.40305556,48.88083333,133.64,38
20251031,185602,0657_6865,2.41944444,48.88083333,138.65,17
20251031,64967,0659_6865,2.44138889,48.88083333,140.29,38
20251031,169515,0662_6865,2.48388889,48.88083333,104.55,17
20251031,169656,0633_6865,2.09666667,48.88111111,115.01,38
20251031,89665,0646_6865,2.27083333,48.88111111,69.34,38
20251031,60807,0648_6865,2.29500000,48.88111111,66.17,38
20251031,86239,0649_6865,2.30777778,48.88111111,71.60,38
20251031,101787,0649_6865,2.30972222,48.88111111,77.45,38
20251031,91019,0651_6865,2.34083333,48.88111111,87.62,38
20251031,47944,0652_6865,2.34972222,48.88111111,85.43,38
20251031,100470,0652_6865,2.35194444,48.88111111,81.91,38
20251031,78032,0653_6865,2.36055556,48.88111111,89.87,38
20251031,133777,0653_6865,2.36277778,48.88111111,78.94,38
20251031,110851,0624_6866,1.97138889,48.88138889,204.99,23
20251031,188672,0634_6865,2.10777778,48.88138889,49.26,17
20251031,136858,0646_6865,2.27444444,48.88138889,70.55,38
20251031,62546,0648_6865,2.30416667,48.88138889,78.63,38
20251031,137114,0649_6865,2.30666667,48.88138889,75.55,17
20251031,174558,0649_6865,2.31500000,48.88138889,78.34,38
20251031,103069,0650_6865,2.32305556,48.88138889,77.59,38
20251031,81010,0652_6865,2.34666667,48.88138889,93.90,38
20251031,185880,0652_6865,2.34777778,48.88138889,91.71,38
20251031,145640,0652_6865,2.34888889,48.88138889,83.22,38
20251031,146457,0653_6865,2.36416667,48.88138889,80.76,38
20251031,71803,0654_6865,2.37750000,48.88138889,85.12,38
20251031,1848,0655_6865,2.39055556,48.88138889,103.13,38
20251031,146965,0656_6865,2.40500000,48.88138889,130.38,38
20251031,93323,0684_6865,2.78500000,48.88138889,133.58,23
20251031,113609,0639_6865,2.17861111,48.88166667,49.46,38
20251031,145665,0646_6865,2.27111111,48.88166667,62.84,38
20251031,178216,0649_6865,2.31722222,48.88166667,79.38,38
20251031,173892,0650_6865,2.32694444,48.88166667,86.66,38
20251031,110053,0652_6865,2.35611111,48.88166667,73.76,23
20251031,85797,0656_6865,2.41277778,48.88166667,149.09,38
20251031,179916,0658_6865,2.43361111,48.88166667,170.33,17
20251031,77672,0659_6865,2.44611111,48.88166667,148.20,38
20251031,88249,0660_6865,2.45611111,48.88166667,113.29,38
20251031,128170,0662_6865,2.48194444,48.88166667,84.10,23
20251031,180659,0662_6865,2.49055556,48.88166667,113.90,17
20251031,71727,0645_6865,2.25333333,48.88194444,58.67,38
20251031,71782,0645_6865,2.25361111,48.88194444,58.57,38
20251031,99749,0645_6865,2.25472222,48.88194444,61.56,38
20251031,191306,0645_6865,2.26250000,48.88194444,67.11,17
20251031,78199,0648_6865,2.29333333,48.88194444,65.95,38
20251031,52929,0649_6865,2.30500000,48.88194444,73.73,38
20251031,91043,0650_6865,2.32638889,48.88194444,82.36,38
20251031,51708,0651_6865,2.33361111,48.88194444,79.55,38
20251031,52973,0652_6865,2.35333333,48.88194444,75.67,17
20251031,179758,0652_6865,2.35416667,48.88194444,82.30,17
20251031,186075,0653_6865,2.36750000,48.88194444,72.74,38
20251031,131126,0653_6865,2.37055556,48.88194444,82.55,17
20251031,170961,0655_6865,2.38972222,48.88194444,96.93,38
20251031,62897,0657_6865,2.41416667,48.88194444,169.18,38
20251031,84531,0658_6865,2.42916667,48.88194444,148.45,38
20251031,100668,0663_6865,2.50805556,48.88194444,97.97,17
20251031,91707,0664_6865,2.52055556,48.88194444,74.82,38
20251031,130710,0683_6865,2.77250000,48.88194444,139.30,26
20251031,8942,0616_6866,1.86166667,48.88222222,148.90,20
20251031,108265,0643_6865,2.23416667,48.88222222,64.72,38
20251031,147519,0649_6865,2.31194444,48.88222222,74.90,17
20251031,149665,0651_6865,2.34000000,48.88222222,93.23,38
20251031,74930,0651_6865,2.34166667,48.88222222,97.28,38
20251031,75451,0652_6865,2.35888889,48.88222222,87.71,17
20251031,177659,0653_6865,2.36361111,48.88222222,79.05,38
20251031,183098,0653_6865,2.37222222,48.88222222,86.24,38
20251031,180146,0654_6865,2.37888889,48.88222222,90.69,38
20251031,132933,0664_6865,2.52000000,48.88222222,80.42,38
20251031,7062,0665_6865,2.52333333,48.88222222,71.16,38
20251031,103474,0649_6865,2.31694444,48.88250000,85.54,38
20251031,149875,0651_6865,2.33250000,48.88250000,79.72,38
20251031,156333,0651_6865,2.33583333,48.88250000,86.18,38
20251031,188569,0654_6865,2.37472222,48.88250000,78.61,38
20251031,81658,0655_6865,2.38916667,48.88250000,108.30,17
20251031,137745,0655_6865,2.39083333,48.88250000,97.55,17
20251031,70997,0664_6865,2.51944444,48.88250000,77.28,38
20251031,48992,0671_6865,2.61750000,48.88250000,66.85,38
20251031,37596,0672_6865,2.62583333,48.88250000,78.41,38
20251031,46741,0683_6865,2.77027778,48.88250000,124.04,23
20251031,55100,0648_6865,2.29611111,48.88277778,70.94,38
20251031,127941,0648_6865,2.29805556,48.88277778,52.32,17
20251031,181248,0648_6865,2.30250000,48.88277778,66.09,38
20251031,21,0649_6865,2.30583333,48.88277778,74.35,38
20251031,191053,0649_6865,2.30666667,48.88277778,68.09,17
20251031,189393,0651_6865,2.33416667,48.88277778,88.10,38
20251031,36092,0651_6865,2.33472222,48.88277778,91.70,17
20251031,143265,0651_6865,2.33694444,48.88277778,82.95,17
20251031,171061,0652_6865,2.35138889,48.88277778,86.10,17
20251031,99244,0656_6865,2.40305556,48.88277778,84.46,17
20251031,95493,0663_6865,2.50777778,48.88277778,74.84,12
20251031,144909,0664_6865,2.51277778,48.88277778,77.30,38
20251031,190482,0665_6865,2.52666667,48.88277778,67.09,38
20251031,151244,0669_6865,2.58166667,48.88277778,57.51,38
20251031,137497,0669_6865,2.58444444,48.88277778,57.75,38
20251031,172118,0636_6866,2.13111111,48.88305556,45.79,38
20251031,39721,0644_6866,2.24222222,48.88305556,59.05,17
20251031,141065,0644_6866,2.24750000,48.88305556,157.06,38
20251031,120605,0646_6866,2.26722222,48.88305556,70.41,17
20251031,106867,0646_6866,2.26833333,48.88305556,79.68,17
20251031,111495,0646_6866,2.26944444,48.88305556,59.81,38
20251031,74228,0647_6866,2.29000000,48.88305556,67.03,38
20251031,192846,0649_6865,2.31472222,48.88305556,73.81,38
20251031,19070,0650_6865,2.32027778,48.88305556,82.94,38
20251031,137131,0650_6865,2.32222222,48.88305556,89.13,38
20251031,81597,0652_6865,2.34666667,48.88305556,92.19,17
20251031,62254,0652_6865,2.34750000,48.88305556,93.19,38
20251031,48491,0652_6865,2.35166667,48.88305556,97.35,38
20251031,114867,0652_6865,2.35833333,48.88305556,63.74,38
20251031,133284,0653_6865,2.36722222,48.88305556,81.90,38
20251031,138593,0653_6865,2.37250000,48.88305556,77.25,38
20251031,21495,0654_6865,2.38194444,48.88305556,85.62,38
20251031,114517,0657_6865,2.41916667,48.88305556,147.76,17
20251031,115253,0659_6865,2.44222222,48.88305556,144.92,17
20251031,171407,0663_6865,2.49888889,48.88305556,87.76,26
20251031,95302,0663_6865,2.50666667,48.88305556,82.42,23
20251031,68104,0664_6865,2.51083333,48.88305556,121.85,38
20251031,5173,0665_6865,2.52694444,48.88305556,70.35,23
20251031,104016,0678_6865,2.70888889,48.88305556,101.00,38
20251031,89912,0630_6866,2.05888889,48.88333333,168.16,48
20251031,39145,0640_6866,2.18694444,48.88333333,58.72,38
20251031,126093,0643_6866,2.23361111,48.88333333,75.95,42
20251031,155663,0649_6866,2.31416667,48.88333333,69.50,17
20251031,20283,0649_6866,2.31444444,48.88333333,78.30,38
20251031,48897,0653_6866,2.36527778,48.88333333,75.85,38
20251031,73862,0654_6865,2.37722222,48.88333333,92.98,38
20251031,175811,0654_6865,2.38611111,48.88333333,92.01,17
20251031,139363,0655_6865,2.38666667,48.88333333,92.24,17
20251031,193068,0655_6865,2.39277778,48.88333333,114.37,38
20251031,123269,0657_6865,2.42611111,48.88333333,177.71,38
20251031,87006,0663_6865,2.49861111,48.88333333,94.87,17
20251031,135682,0665_6865,2.52583333,48.88333333,78.02,23
20251031,144841,0678_6865,2.70972222,48.88333333,99.59,38
20251031,25386,0627_6866,2.01388889,48.88361111,193.55,49
20251031,180382,0631_6866,2.06833333,48.88361111,132.40,38
20251031,142153,0636_6866,2.13388889,48.88361111,51.35,38
20251031,79015,0643_6866,2.22750000,48.88361111,99.15,38
20251031,52256,0644_6866,2.24111111,48.88361111,56.84,38
20251031,130931,0646_6866,2.27000000,48.88361111,49.81,38
20251031,72684,0647_6866,2.27972222,48.88361111,66.03,38
20251031,187088,0647_6866,2.28583333,48.88361111,67.12,38
20251031,185726,0647_6866,2.28777778,48.88361111,65.32,17
20251031,133360,0647_6866,2.29000000,48.88361111,55.03,38
20251031,185385,0647_6866,2.29027778,48.88361111,49.03,17
20251031,152753,0648_6866,2.29805556,48.88361111,64.20,38
20251031,114338,0649_6866,2.31250000,48.88361111,74.71,17
20251031,85217,0652_6866,2.35555556,48.88361111,90.39,17
20251031,188217,0653_6866,2.36305556,48.88361111,79.03,38
20251031,172329,0653_6866,2.36861111,48.88361111,82.78,38
20251031,188951,0654_6866,2.37416667,48.88361111,80.14,17
20251031,134105,0655_6866,2.39500000,48.88361111,101.78,38
20251031,187043,0657_6865,2.42527778,48.88361111,154.21,38
20251031,39617,0661_6865,2.47694444,48.88361111,82.93,17
20251031,48157,0678_6865,2.71083333,48.88361111,95.94,38
20251031,164244,0631_6866,2.06833333,48.88388889,128.06,17
20251031,91121,0644_6866,2.23777778,48.88388889,43.60,17
20251031,100916,0644_6866,2.24416667,48.88388889,53.88,38
20251031,173186,0647_6866,2.28916667,48.88388889,68.81,38
20251031,42788,0648_6866,2.30194444,48.88388889,73.71,38
20251031,192759,0648_6866,2.30388889,48.88388889,62.76,38
20251031,170533,0650_6866,2.31972222,48.88388889,75.69,17
20251031,40273,0650_6866,2.32027778,48.88388889,80.97,38
20251031,139272,0650_6866,2.32750000,48.88388889,87.55,17
20251031,139112,0650_6866,2.32805556,48.88388889,86.03,17
20251031,71986,0651_6866,2.33333333,48.88388889,99.68,38
20251031,103770,0651_6866,2.33861111,48.88388889,97.55,38
20251031,154461,0651_6866,2.33888889,48.88388889,99.93,17
20251031,93737,0651_6866,2.34361111,48.88388889,100.64,38
20251031,148666,0653_6866,2.36416667,48.88388889,90.11,38
20251031,59248,0654_6866,2.37833333,48.88388889,88.92,38
20251031,100992,0655_6866,2.39361111,48.88388889,117.27,38
20251031,39155,0660_6866,2.45944444,48.88388889,88.52,12
20251031,104891,0662_6865,2.48250000,48.88388889,111.73,38
20251031,189450,0663_6865,2.50805556,48.88388889,98.66,38
20251031,141846,0640_6866,2.19138889,48.88416667,54.27,38
20251031,73061,0640_6866,2.19361111,48.88416667,62.64,38
20251031,62285,0645_6866,2.26055556,48.88416667,67.05,17
20251031,164703,0646_6866,2.26916667,48.88416667,58.77,17
20251031,106162,0648_6866,2.29166667,48.88416667,61.39,38
20251031,139357,0648_6866,2.30361111,48.88416667,68.82,17
20251031,74221,0650_6866,2.32055556,48.88416667,85.97,38
20251031,132563,0652_6866,2.35861111,48.88416667,79.53,38
20251031,44185,0653_6866,2.36361111,48.88416667,90.32,38
20251031,73863,0654_6866,2.38277778,48.88416667,109.81,38
20251031,46403,0660_6866,2.45833333,48.88416667,109.14,38
20251031,139907,0637_6866,2.14944444,48.88444444,47.79,38
20251031,37248,0643_6866,2.22361111,48.88444444,105.80,38
20251031,161362,0644_6866,2.24888889,48.88444444,113.07,38
20251031,188020,0644_6866,2.24944444,48.88444444,73.07,17
20251031,187238,0645_6866,2.26027778,48.88444444,62.47,38
20251031,110673,0645_6866,2.26305556,48.88444444,65.19,38
20251031,97941,0646_6866,2.27638889,48.88444444,57.88,38
20251031,155245,0647_6866,2.27750000,48.88444444,44.40,38
20251031,7401,0647_6866,2.27805556,48.88444444,57.31,38
20251031,173934,0648_6866,2.29166667,48.88444444,58.57,38
20251031,29764,0649_6866,2.31027778,48.88444444,81.95,38
20251031,21494,0650_6866,2.32194444,48.88444444,78.30,38
20251031,74602,0650_6866,2.32500000,48.88444444,86.71,17
20251031,152356,0651_6866,2.33972222,48.88444444,106.29,17
20251031,56392,0655_6866,2.39333333,48.88444444,98.14,38
20251031,43258,0656_6866,2.40500000,48.88444444,93.65,38
20251031,100310,0656_6866,2.40555556,48.88444444,94.87,38
20251031,137339,0644_6866,2.24027778,48.88472222,56.01,38
20251031,134996,0644_6866,2.24416667,48.88472222,58.88,17
20251031,84270,0646_6866,2.26972222,48.88472222,64.47,17
20251031,183125,0648_6866,2.30000000,48.88472222,61.88,38
20251031,94870,0649_6866,2.30805556,48.88472222,72.45,38
20251031,160904,0649_6866,2.30861111,48.88472222,74.28,38
20251031,87102,0650_6866,2.31944444,48.88472222,77.54,38
20251031,184066,0651_6866,2.33444444,48.88472222,95.62,38
20251031,182222,0651_6866,2.33777778,48.88472222,103.08,38
20251031,67575,0652_6866,2.35416667,48.88472222,80.87,38
20251031,190661,0653_6866,2.36777778,48.88472222,75.88,38
20251031,120476,0653_6866,2.36916667,48.88472222,87.34,17
20251031,73856,0654_6866,2.37555556,48.88472222,97.61,38
20251031,167851,0654_6866,2.37694444,48.88472222,83.53,38
20251031,89314,0654_6866,2.38250000,48.88472222,85.53,38
20251031,104621,0658_6866,2.43361111,48.88472222,127.59,17
20251031,74914,0665_6866,2.53416667,48.88472222,91.39,17
20251031,36966,0668_6866,2.57611111,48.88472222,79.39,38
20251031,87982,0668_6866,2.57694444,48.88472222,82.87,38
20251031,181209,0669_6866,2.57777778,48.88472222,49.09,12
20251031,164478,0621_6866,1.93000000,48.88500000,149.43,23
20251031,69094,0640_6866,2.19083333,48.88500000,55.93,38
20251031,177644,0642_6866,2.21583333,48.88500000,90.01,38
20251031,183702,0645_6866,2.25833333,48.88500000,53.57,38
20251031,132522,0646_6866,2.26722222,48.88500000,67.49,38
20251031,99897,0648_6866,2.29916667,48.88500000,62.46,38
20251031,168290,0649_6866,2.30583333,48.88500000,72.58,38
20251031,102580,0649_6866,2.31805556,48.88500000,54.82,32
20251031,94559,0650_6866,2.32833333,48.88500000,99.30,17
20251031,70165,0651_6866,2.33444444,48.88500000,97.12,38
20251031,164952,0652_6866,2.34611111,48.88500000,99.32,38
20251031,131465,0652_6866,2.35500000,48.88500000,84.35,38
20251031,70032,0653_6866,2.36222222,48.88500000,82.55,38
20251031,154763,0655_6866,2.38666667,48.88500000,84.67,38
20251031,183689,0655_6866,2.39611111,48.88500000,93.37,17
20251031,189884,0656_6866,2.40027778,48.88500000,86.38,38
20251031,37867,0657_6866,2.42166667,48.88500000,135.47,17
20251031,76934,0658_6866,2.43000000,48.88500000,153.99,38
20251031,103351,0669_6866,2.57805556,48.88500000,79.09,38
20251031,86387,0638_6866,2.15638889,48.88527778,41.56,17
20251031,174650,0643_6866,2.23166667,48.88527778,119.18,38
20251031,91057,0651_6866,2.33972222,48.88527778,114.74,17
20251031,70035,0652_6866,2.35666667,48.88527778,89.46,38
20251031,97802,0656_6866,2.40472222,48.88527778,99.48,38
20251031,37868,0657_6866,2.42166667,48.88527778,140.59,17
20251031,138496,0660_6866,2.46083333,48.88527778,91.66,17
20251031,27755,0665_6866,2.53250000,48.88527778,108.33,38
20251031,5006,0670_6866,2.59416667,48.88527778,122.26,17
20251031,64591,0680_6866,2.73638889,48.88527778,84.18,20
20251031,128167,0681_6866,2.74888889,48.88527778,62.25,23
20251031,64462,0681_6866,2.74916667,48.88527778,76.25,23
20251031,141575,0637_6866,2.15444444,48.88555556,53.55,38
20251031,171359,0644_6866,2.24583333,48.88555556,51.96,38
20251031,71415,0645_6866,2.25388889,48.88555556,44.59,17
20251031,115061,0645_6866,2.25611111,48.88555556,73.95,38
20251031,114576,0646_6866,2.26888889,48.88555556,58.22,38
20251031,169037,0647_6866,2.28888889,48.88555556,63.62,17
20251031,187970,0648_6866,2.29166667,48.88555556,54.71,38
20251031,158187,0648_6866,2.29750000,48.88555556,57.83,42
20251031,183985,0648_6866,2.29916667,48.88555556,74.77,17
20251031,74603,0649_6866,2.31638889,48.88555556,77.41,38
20251031,151082,0650_6866,2.32388889,48.88555556,88.23,17
20251031,45788,0650_6866,2.32472222,48.88555556,89.62,38
20251031,24928,0650_6866,2.33000000,48.88555556,108.17,38
20251031,154928,0650_6866,2.33027778,48.88555556,109.67,17
20251031,109917,0651_6866,2.33805556,48.88555556,107.75,17
20251031,96545,0651_6866,2.34083333,48.88555556,118.73,38
20251031,63942,0653_6866,2.35916667,48.88555556,80.56,38
20251031,143087,0655_6866,2.38666667,48.88555556,81.69,38
20251031,42710,0656_6866,2.40027778,48.88555556,89.18,38
20251031,37849,0657_6866,2.42250000,48.88555556,272.69,33
20251031,134489,0631_6866,2.06222222,48.88583333,139.34,38
20251031,42074,0639_6866,2.17722222,48.88583333,58.02,38
20251031,150793,0640_6866,2.19416667,48.88583333,54.65,38
20251031,187037,0648_6866,2.30361111,48.88583333,68.03,17
20251031,93032,0649_6866,2.30694444,48.88583333,81.39,17
20251031,157166,0651_6866,2.33527778,48.88583333,106.00,38
20251031,67573,0651_6866,2.33583333,48.88583333,109.67,38
20251031,157613,0652_6866,2.35055556,48.88583333,93.66,38
20251031,185335,0653_6866,2.35972222,48.88583333,77.54,38
20251031,180669,0654_6866,2.38222222,48.88583333,78.15,38
20251031,51895,0655_6866,2.38638889,48.88583333,87.02,38
20251031,73849,0655_6866,2.39000000,48.88583333,97.19,38
20251031,180660,0656_6866,2.40111111,48.88583333,83.41,17
20251031,12100,0661_6866,2.46944444,48.88583333,120.61,38
20251031,66785,0639_6866,2.17944444,48.88611111,60.20,38
20251031,71119,0642_6866,2.21027778,48.88611111,88.76,38
20251031,92037,0647_6866,2.28583333,48.88611111,67.56,38
20251031,74599,0648_6866,2.29361111,48.88611111,71.19,38
20251031,189781,0648_6866,2.29750000,48.88611111,68.84,17
20251031,182254,0650_6866,2.32027778,48.88611111,75.48,17
20251031,91045,0651_6866,2.33638889,48.88611111,108.07,38
20251031,155664,0651_6866,2.33666667,48.88611111,98.92,17
20251031,162592,0651_6866,2.33944444,48.88611111,133.58,38
20251031,86791,0651_6866,2.34222222,48.88611111,142.43,4
20251031,191024,0653_6866,2.36861111,48.88611111,88.40,38
20251031,81383,0653_6866,2.37055556,48.88611111,91.23,38
20251031,169028,0655_6866,2.38861111,48.88611111,86.87,38
20251031,170986,0655_6866,2.39472222,48.88611111,90.32,38
20251031,11775,0657_6866,2.42611111,48.88611111,178.15,38
20251031,160801,0661_6866,2.46888889,48.88611111,124.56,17
20251031,75527,0620_6866,1.92250000,48.88638889,131.47,17
20251031,186957,0639_6866,2.17555556,48.88638889,70.30,38
20251031,96448,0642_6866,2.22027778,48.88638889,117.06,17
20251031,72682,0646_6866,2.27111111,48.88638889,62.84,38
20251031,13997,0647_6866,2.27888889,48.88638889,59.22,17
20251031,185836,0647_6866,2.28333333,48.88638889,46.67,17
20251031,158426,0649_6866,2.31166667,48.88638889,61.13,17
20251031,177626,0652_6866,2.34666667,48.88638889,99.86,38
20251031,33708,0653_6866,2.36000000,48.88638889,88.04,38
20251031,141628,0655_6866,2.39333333,48.88638889,83.00,38
20251031,95932,0656_6866,2.41194444,48.88638889,93.15,38
20251031,55873,0661_6866,2.47138889,48.88638889,84.42,38
20251031,185071,0632_6866,2.07694444,48.88666667,109.54,26
20251031,189943,0632_6866,2.07722222,48.88666667,102.14,17
20251031,89247,0642_6866,2.21055556,48.88666667,86.65,38
20251031,169514,0644_6866,2.23777778,48.88666667,76.89,38
20251031,111135,0644_6866,2.23888889,48.88666667,104.17,38
20251031,161598,0645_6866,2.25111111,48.88666667,85.32,17
20251031,92036,0647_6866,2.28638889,48.88666667,66.04,38
20251031,134902,0647_6866,2.28916667,48.88666667,41.34,17
20251031,126401,0650_6866,2.32111111,48.88666667,85.01,38
20251031,177872,0651_6866,2.33305556,48.88666667,108.96,17
20251031,187712,0651_6866,2.34111111,48.88666667,144.52,38
20251031,132794,0651_6866,2.34444444,48.88666667,136.95,38
20251031,164555,0652_6866,2.35500000,48.88666667,85.35,17
20251031,179241,0653_6866,2.36694444,48.88666667,74.52,38
20251031,73867,0653_6866,2.37111111,48.88666667,100.64,38
20251031,78206,0654_6866,2.38027778,48.88666667,83.33,38
20251031,139358,0654_6866,2.38527778,48.88666667,85.72,38
20251031,166131,0660_6866,2.45583333,48.88666667,97.92,17
20251031,177723,0662_6866,2.49194444,48.88666667,115.69,17
20251031,185434,0682_6866,2.75833333,48.88666667,74.23,23
20251031,189942,0632_6866,2.07722222,48.88694444,102.54,26
20251031,79011,0638_6866,2.16500000,48.88694444,62.82,38
20251031,136929,0643_6866,2.22305556,48.88694444,123.62,38
20251031,142237,0643_6866,2.23222222,48.88694444,105.31,38
20251031,84214,0644_6866,2.24861111,48.88694444,43.05,32
20251031,98058,0645_6866,2.25861111,48.88694444,58.71,38
20251031,129432,0647_6866,2.28416667,48.88694444,60.94,38
20251031,140868,0648_6866,2.29638889,48.88694444,63.17,38
20251031,173543,0648_6866,2.30027778,48.88694444,70.09,38
20251031,179169,0651_6866,2.33305556,48.88694444,108.46,17
20251031,99768,0651_6866,2.34055556,48.88694444,140.10,38
20251031,178025,0652_6866,2.34611111,48.88694444,107.18,38
20251031,188603,0653_6866,2.36000000,48.88694444,94.69,38
20251031,81085,0661_6866,2.47333333,48.88694444,79.67,49
20251031,132676,0633_6866,2.09833333,48.88722222,66.14,17
20251031,86699,0639_6866,2.17083333,48.88722222,41.25,17
20251031,119459,0648_6866,2.29166667,48.88722222,68.64,38
20251031,94076,0649_6866,2.31166667,48.88722222,76.21,17
20251031,90401,0649_6866,2.31444444,48.88722222,65.45,38
20251031,74229,0649_6866,2.31805556,48.88722222,77.52,38
20251031,92855,0650_6866,2.32527778,48.88722222,93.28,38
20251031,192946,0651_6866,2.33305556,48.88722222,104.26,38
20251031,129524,0652_6866,2.35000000,48.88722222,92.90,38
20251031,122079,0653_6866,2.37027778,48.88722222,85.16,38
20251031,73843,0654_6866,2.38333333,48.88722222,92.40,38
20251031,127843,0654_6866,2.38361111,48.88722222,93.30,38
20251031,178806,0638_6866,2.16611111,48.88750000,36.43,49
20251031,170929,0639_6866,2.17305556,48.88750000,57.43,38
20251031,133064,0641_6866,2.19916667,48.88750000,61.99,38
20251031,58650,0641_6866,2.20166667,48.88750000,96.51,38
20251031,61996,0644_6866,2.23666667,48.88750000,216.80,38
20251031,68106,0644_6866,2.24305556,48.88750000,50.80,17
20251031,119618,0644_6866,2.24944444,48.88750000,132.84,17
20251031,2929,0645_6866,2.25027778,48.88750000,47.42,32
20251031,124861,0645_6866,2.26138889,48.88750000,63.20,38
20251031,113654,0646_6866,2.26388889,48.88750000,63.78,42
20251031,167426,0646_6866,2.27250000,48.88750000,51.98,38
20251031,183074,0647_6866,2.28833333,48.88750000,53.40,38
20251031,32118,0651_6866,2.34194444,48.88750000,174.02,4
20251031,33709,0652_6866,2.35277778,48.88750000,91.68,38
20251031,164953,0655_6866,2.38750000,48.88750000,82.24,38
20251031,146665,0656_6866,2.40805556,48.88750000,112.66,38
20251031,4423,0659_6866,2.44583333,48.88750000,107.64,38
20251031,4424,0666_6866,2.54111111,48.88750000,95.34,38
20251031,40911,0643_6866,2.23472222,48.88777778,90.16,38
20251031,98881,0643_6866,2.23555556,48.88777778,74.17,32
20251031,181388,0647_6866,2.28916667,48.88777778,62.99,38
20251031,133335,0648_6866,2.30444444,48.88777778,76.17,17
20251031,79569,0650_6866,2.31972222,48.88777778,75.80,38
20251031,54027,0651_6866,2.33777778,48.88777778,140.83,38
20251031,193149,0651_6866,2.34277778,48.88777778,145.59,38
20251031,90777,0652_6866,2.35361111,48.88777778,88.47,38
20251031,184369,0654_6866,2.37666667,48.88777778,85.74,38
20251031,48635,0660_6866,2.45777778,48.88777778,126.12,38
20251031,150096,0641_6866,2.20138889,48.88805556,89.69,17
20251031,96541,0642_6866,2.21555556,48.88805556,91.73,17
20251031,132887,0643_6866,2.22361111,48.88805556,118.85,17
20251031,158975,0644_6866,2.24694444,48.88805556,45.70,17
20251031,97516,0649_6866,2.31472222,48.88805556,63.16,17
20251031,35846,0650_6866,2.32500000,48.88805556,92.22,38
20251031,123440,0653_6866,2.36777778,48.88805556,91.31,17
20251031,73855,0654_6866,2.37555556,48.88805556,95.72,17
20251031,124418,0661_6866,2.48138889,48.88805556,79.30,26
20251031,81098,0662_6866,2.48888889,48.88805556,106.11,38
20251031,165350,0665_6866,2.52305556,48.88805556,77.92,38
20251031,191962,0667_6866,2.55194444,48.88805556,133.31,38
20251031,173659,0640_6866,2.19111111,48.88833333,48.65,38
20251031,52278,0644_6866,2.24750000,48.88833333,80.77,38
20251031,2928,0645_6866,2.25111111,48.88833333,45.37,32
20251031,144793,0647_6866,2.28055556,48.88833333,60.56,38
20251031,159010,0650_6866,2.32111111,48.88833333,72.67,17
20251031,70155,0652_6866,2.34611111,48.88833333,112.40,38
20251031,92942,0654_6866,2.37305556,48.88833333,91.75,38
20251031,102273,0644_6866,2.24583333,48.88861111,73.31,38
20251031,125301,0645_6866,2.25194444,48.88861111,264.68,17
20251031,79631,0650_6866,2.32305556,48.88861111,80.87,38
20251031,173134,0652_6866,2.35833333,48.88861111,70.07,38
20251031,178514,0654_6866,2.38111111,48.88861111,87.67,38
20251031,190587,0655_6866,2.38833333,48.88861111,79.47,38
20251031,73845,0655_6866,2.39305556,48.88861111,88.26,38
20251031,167012,0661_6866,2.47472222,48.88861111,85.92,26
20251031,188663,0662_6866,2.49416667,48.88861111,98.04,38
20251031,82742,0644_6866,2.24000000,48.88888889,175.17,17
20251031,3486,0645_6866,2.25277778,48.88888889,49.18,999999999
20251031,155737,0648_6866,2.30333333,48.88888889,73.65,38
20251031,146531,0649_6866,2.30944444,48.88888889,69.39,17
20251031,167148,0651_6866,2.33222222,48.88888889,90.50,38
20251031,70166,0651_6866,2.33444444,48.88888889,110.10,38
20251031,174572,0652_6866,2.34555556,48.88888889,110.38,17
20251031,3296,0653_6866,2.36027778,48.88888889,84.75,38
20251031,177140,0654_6866,2.37972222,48.88888889,75.96,17
20251031,73871,0655_6866,2.39416667,48.88888889,92.18,38
20251031,86486,0638_6866,2.16722222,48.88916667,61.90,38
20251031,65464,0639_6866,2.17027778,48.88916667,55.59,38
20251031,183633,0640_6866,2.18194444,48.88916667,60.97,38
20251031,85083,0643_6866,2.23416667,48.88916667,98.44,38
20251031,192166,0644_6866,2.24527778,48.88916667,71.74,55
20251031,52822,0644_6866,2.24777778,48.88916667,77.65,17
20251031,117141,0648_6866,2.30000000,48.88916667,67.66,38
20251031,74943,0649_6866,2.30777778,48.88916667,74.68,38
20251031,131464,0651_6866,2.33472222,48.88916667,117.99,38
20251031,166819,0651_6866,2.34222222,48.88916667,118.67,38
20251031,160331,0651_6866,2.34277778,48.88916667,119.06,38
20251031,92297,0652_6866,2.34750000,48.88916667,91.24,38
20251031,186913,0652_6866,2.35000000,48.88916667,90.52,38
20251031,191933,0652_6866,2.35388889,48.88916667,82.56,38
20251031,73860,0653_6866,2.36916667,48.88916667,106.49,38
20251031,113316,0654_6866,2.37805556,48.88916667,80.15,38
20251031,103736,0664_6866,2.51000000,48.88916667,84.18,38
20251031,56083,0684_6866,2.78277778,48.88916667,148.38,23
20251031,20620,0632_6866,2.08444444,48.88944444,107.73,23
20251031,146658,0638_6866,2.15527778,48.88944444,51.81,17
20251031,151792,0639_6866,2.16972222,48.88944444,56.27,38
20251031,153112,0639_6866,2.18166667,48.88944444,45.97,38
20251031,139580,0644_6866,2.24666667,48.88944444,84.20,38
20251031,189901,0644_6866,2.24805556,48.88944444,57.56,38
20251031,60142,0648_6866,2.29333333,48.88944444,81.70,38
20251031,54865,0652_6866,2.35194444,48.88944444,95.54,38
20251031,112995,0653_6866,2.36583333,48.88944444,57.08,23
20251031,67733,0664_6866,2.51055556,48.88944444,86.61,38
20251031,135140,0677_6866,2.68916667,48.88944444,101.90,26
20251031,120658,0643_6866,2.23222222,48.88972222,86.97,38
20251031,169491,0643_6866,2.23250000,48.88972222,89.32,38
20251031,91896,0644_6866,2.24138889,48.88972222,216.54,38
20251031,138856,0644_6866,2.24722222,48.88972222,54.83,17
20251031,176786,0644_6866,2.24916667,48.88972222,225.91,17
20251031,159933,0645_6866,2.25138889,48.88972222,67.94,38
20251031,170513,0645_6866,2.26055556,48.88972222,55.70,38
20251031,52264,0647_6866,2.28305556,48.88972222,56.27,38
20251031,102740,0650_6866,2.32194444,48.88972222,71.18,38
20251031,189904,0651_6866,2.33777778,48.88972222,115.66,38
20251031,72361,0653_6866,2.36250000,48.88972222,88.14,38
20251031,103423,0654_6866,2.38583333,48.88972222,76.82,38
20251031,193380,0660_6866,2.46583333,48.88972222,82.15,38
20251031,3260,0663_6866,2.50750000,48.88972222,77.81,38
20251031,159482,0664_6866,2.51416667,48.88972222,81.14,38
20251031,112247,0666_6866,2.54500000,48.88972222,141.77,26
20251031,34537,0637_6866,2.15388889,48.89000000,65.79,38
20251031,151528,0644_6866,2.24555556,48.89000000,74.75,38
20251031,180515,0645_6866,2.25500000,48.89000000,73.08,39
20251031,39719,0647_6866,2.28138889,48.89000000,59.79,38
20251031,130440,0647_6866,2.28527778,48.89000000,59.20,38
20251031,104635,0649_6866,2.30500000,48.89000000,68.99,38
20251031,2865,0650_6866,2.32166667,48.89000000,72.78,38
20251031,74601,0650_6866,2.32222222,48.89000000,70.78,17
20251031,187549,0651_6866,2.33861111,48.89000000,101.17,38
20251031,120397,0651_6866,2.34166667,48.89000000,113.72,38
20251031,2099,0652_6866,2.35000000,48.89000000,85.77,38
20251031,144660,0652_6866,2.35611111,48.89000000,85.85,38
20251031,118406,0653_6866,2.36888889,48.89000000,97.29,38
20251031,109688,0653_6866,2.37055556,48.89000000,63.65,17
20251031,85544,0654_6866,2.38583333,48.89000000,79.02,17
20251031,126867,0659_6866,2.45222222,48.89000000,119.71,38
20251031,154373,0635_6866,2.11361111,48.89027778,34.62,17
20251031,107928,0639_6866,2.17444444,48.89027778,56.82,38
20251031,89468,0642_6866,2.22000000,48.89027778,81.54,38
20251031,171737,0643_6866,2.23222222,48.89027778,89.18,38
20251031,91028,0644_6866,2.23722222,48.89027778,94.34,17
20251031,176782,0644_6866,2.24694444,48.89027778,146.68,17
20251031,132579,0645_6866,2.25416667,48.89027778,64.94,38
20251031,192920,0647_6866,2.27833333,48.89027778,52.57,38
20251031,167233,0650_6866,2.32055556,48.89027778,68.17,38
20251031,174984,0653_6866,2.36055556,48.89027778,79.58,38
20251031,170962,0654_6866,2.37694444,48.89027778,75.16,38
20251031,135317,0654_6866,2.37750000,48.89027778,72.97,17
20251031,190711,0659_6866,2.45138889,48.89027778,104.55,38
20251031,56490,0662_6866,2.48888889,48.89027778,93.47,38
20251031,168618,0666_6866,2.54416667,48.89027778,120.57,17
20251031,108537,0639_6866,2.16972222,48.89055556,62.16,38
20251031,73513,0641_6866,2.19888889,48.89055556,60.21,38
20251031,92496,0642_6866,2.21388889,48.89055556,83.45,17
20251031,190589,0642_6866,2.21583333,48.89055556,71.21,38
20251031,73057,0642_6866,2.22111111,48.89055556,79.65,38
20251031,57276,0644_6866,2.23638889,48.89055556,91.29,17
20251031,2749,0644_6866,2.23750000,48.89055556,91.01,38
20251031,69332,0644_6866,2.23944444,48.89055556,110.60,17
20251031,190055,0647_6866,2.27916667,48.89055556,57.04,38
20251031,103936,0648_6866,2.29333333,48.89055556,96.70,17
20251031,65077,0650_6866,2.31861111,48.89055556,73.06,38
20251031,153071,0651_6866,2.34250000,48.89055556,106.98,38
20251031,70157,0651_6866,2.34277778,48.89055556,110.81,38
20251031,71898,0652_6866,2.35861111,48.89055556,92.59,38
20251031,109778,0653_6866,2.36861111,48.89055556,58.87,17
20251031,83422,0655_6866,2.39250000,48.89055556,71.77,17
20251031,111384,0656_6866,2.40500000,48.89055556,101.68,38
20251031,186953,0657_6866,2.41388889,48.89055556,104.05,38
20251031,46532,0659_6866,2.45277778,48.89055556,120.06,38
20251031,192520,0660_6866,2.45500000,48.89055556,113.62,38
20251031,172780,0663_6866,2.50138889,48.89055556,78.62,17
20251031,96246,0684_6866,2.78416667,48.89055556,139.35,26
20251031,8037,0639_6866,2.17583333,48.89083333,61.63,17
20251031,5162,0642_6866,2.21722222,48.89083333,82.11,38
20251031,134534,0644_6866,2.24333333,48.89083333,158.38,38
20251031,166356,0644_6866,2.24555556,48.89083333,144.66,38
20251031,101549,0644_6866,2.24638889,48.89083333,145.71,17
20251031,189641,0645_6866,2.25361111,48.89083333,61.05,38
20251031,174443,0649_6866,2.30666667,48.89083333,71.86,38
20251031,135666,0650_6866,2.32694444,48.89083333,81.22,38
20251031,70164,0650_6866,2.32833333,48.89083333,83.02,38
20251031,168128,0652_6866,2.35305556,48.89083333,79.62,38
20251031,168878,0654_6866,2.37416667,48.89083333,98.55,17
20251031,125811,0654_6866,2.38138889,48.89083333,84.09,17
20251031,173213,0654_6866,2.38527778,48.89083333,79.30,38
20251031,95127,0656_6866,2.40388889,48.89083333,112.11,17
20251031,5172,0663_6866,2.50166667,48.89083333,85.13,23
20251031,136329,0669_6866,2.58194444,48.89083333,86.43,23
20251031,93091,0643_6866,2.23527778,48.89111111,97.70,17
20251031,65436,0644_6866,2.24416667,48.89111111,214.63,38
20251031,72659,0646_6866,2.26916667,48.89111111,65.56,17
20251031,163630,0648_6866,2.29555556,48.89111111,97.95,38
20251031,126329,0649_6866,2.30722222,48.89111111,75.04,38
20251031,126049,0652_6866,2.35638889,48.89111111,59.37,23
20251031,109462,0654_6866,2.37805556,48.89111111,71.99,17
20251031,73866,0654_6866,2.38611111,48.89111111,102.55,38
20251031,73821,0656_6866,2.41055556,48.89111111,95.61,38
20251031,129901,0658_6866,2.43305556,48.89111111,96.86,38
20251031,178932,0660_6866,2.45972222,48.89111111,85.71,17
20251031,87375,0664_6866,2.52222222,48.89111111,105.75,26
20251031,91981,0643_6866,2.22666667,48.89138889,111.21,17
20251031,78560,0644_6866,2.24694444,48.89138889,61.41,17
20251031,177279,0645_6866,2.25250000,48.89138889,76.11,38
20251031,191974,0647_6866,2.28694444,48.89138889,56.80,38
20251031,177207,0651_6866,2.33277778,48.89138889,87.84,17
20251031,116766,0651_6866,2.33611111,48.89138889,98.72,38
20251031,71305,0651_6866,2.34333333,48.89138889,93.57,38
20251031,141977,0652_6866,2.35111111,48.89138889,78.11,38
20251031,99275,0652_6866,2.35805556,48.89138889,83.68,23
20251031,15731,0653_6866,2.37166667,48.89138889,88.86,38
20251031,73875,0654_6866,2.38055556,48.89138889,82.07,38
20251031,58556,0658_6866,2.43638889,48.89138889,114.85,38
20251031,191757,0658_6866,2.43694444,48.89138889,100.40,38
20251031,97033,0661_6866,2.47250000,48.89138889,85.40,26
20251031,131808,0661_6866,2.47444444,48.89138889,87.01,26
20251031,65825,0640_6867,2.18611111,48.89166667,75.02,38
20251031,19066,0648_6866,2.30361111,48.89166667,79.16,38
20251031,181363,0651_6866,2.33777778,48.89166667,101.59,17
20251031,70030,0651_6866,2.34166667,48.89166667,100.23,38
20251031,4748,0653_6866,2.37083333,48.89166667,86.83,38
20251031,73870,0653_6866,2.37111111,48.89166667,91.76,38
20251031,73816,0656_6866,2.40611111,48.89166667,87.13,38
20251031,49075,0660_6866,2.46000000,48.89166667,109.65,38
20251031,184667,0661_6866,2.47500000,48.89166667,80.21,17
20251031,82623,0684_6866,2.79361111,48.89166667,98.06,17
20251031,96606,0631_6867,2.07055556,48.89194444,97.25,32
20251031,3504,0641_6867,2.20722222,48.89194444,82.81,17
20251031,60178,0643_6867,2.23194444,48.89194444,147.84,38
20251031,19470,0643_6867,2.23361111,48.89194444,234.49,38
20251031,140049,0644_6867,2.24083333,48.89194444,73.87,17
20251031,52743,0644_6867,2.24805556,48.89194444,81.10,38
20251031,88496,0648_6867,2.29611111,48.89194444,47.23,17
20251031,74226,0649_6866,2.31527778,48.89194444,84.45,38
20251031,14283,0649_6866,2.31722222,48.89194444,67.04,38
20251031,87103,0650_6866,2.32638889,48.89194444,77.11,38
20251031,71673,0651_6866,2.34444444,48.89194444,84.44,38
20251031,181737,0652_6866,2.34750000,48.89194444,72.09,38
20251031,60115,0652_6866,2.35083333,48.89194444,95.44,38
20251031,192269,0653_6866,2.36500000,48.89194444,74.88,38
20251031,101848,0656_6866,2.40111111,48.89194444,86.00,17
20251031,166803,0670_6866,2.59583333,48.89194444,86.62,26
20251031,136810,0639_6867,2.17388889,48.89222222,58.89,17
20251031,63203,0642_6867,2.21333333,48.89222222,73.59,17
20251031,138119,0643_6867,2.23583333,48.89222222,177.44,17
20251031,141559,0648_6867,2.30027778,48.89222222,67.52,38
20251031,168766,0649_6867,2.31666667,48.89222222,70.11,17
20251031,70163,0652_6867,2.34638889,48.89222222,88.48,38
20251031,67574,0653_6866,2.36222222,48.89222222,76.80,38
20251031,173794,0653_6866,2.36500000,48.89222222,78.38,38
20251031,174667,0654_6866,2.37555556,48.89222222,77.61,38
20251031,4801,0663_6866,2.49611111,48.89222222,78.55,17
20251031,129951,0666_6866,2.54361111,48.89222222,121.38,38
20251031,96245,0670_6866,2.59333333,48.89222222,100.84,26
20251031,157851,0636_6867,2.13194444,48.89250000,56.44,38
20251031,132480,0641_6867,2.20777778,48.89250000,107.79,38
20251031,142789,0643_6867,2.23305556,48.89250000,95.49,17
20251031,193354,0644_6867,2.23944444,48.89250000,102.16,17
20251031,51531,0644_6867,2.24194444,48.89250000,266.56,38
20251031,76122,0647_6867,2.27777778,48.89250000,74.34,38
20251031,82868,0647_6867,2.28694444,48.89250000,49.64,17
20251031,180045,0650_6867,2.31944444,48.89250000,68.89,38
20251031,70033,0652_6867,2.35888889,48.89250000,96.46,38
20251031,186798,0653_6867,2.36972222,48.89250000,80.30,38
20251031,179056,0654_6867,2.38500000,48.89250000,79.78,17
20251031,73817,0657_6866,2.41638889,48.89250000,84.71,38
20251031,97036,0657_6866,2.42055556,48.89250000,81.50,38
20251031,151180,0659_6866,2.44527778,48.89250000,85.44,17
20251031,62843,0671_6866,2.61111111,48.89250000,86.50,23
20251031,135365,0678_6866,2.71000000,48.89250000,137.48,26
20251031,125975,0678_6866,2.71083333,48.89250000,140.53,26
20251031,77383,0631_6867,2.07111111,48.89277778,115.20,38
20251031,149638,0636_6867,2.13472222,48.89277778,59.32,38
20251031,107258,0644_6867,2.24750000,48.89277778,84.67,17
20251031,104141,0644_6867,2.24916667,48.89277778,77.88,17
20251031,132947,0648_6867,2.30416667,48.89277778,62.46,38
20251031,98662,0649_6867,2.30500000,48.89277778,56.27,23
20251031,75298,0649_6867,2.31694444,48.89277778,59.11,17
20251031,7331,0650_6867,2.32305556,48.89277778,64.74,17
20251031,21750,0651_6867,2.33333333,48.89277778,101.57,38
20251031,119603,0651_6867,2.34527778,48.89277778,83.60,38
20251031,134643,0652_6867,2.35055556,48.89277778,74.30,38
20251031,90644,0663_6866,2.49777778,48.89277778,85.97,17
20251031,40134,0667_6866,2.56055556,48.89277778,142.40,26
20251031,79839,0636_6867,2.13472222,48.89305556,63.72,38
20251031,77384,0636_6867,2.13861111,48.89305556,70.78,17
20251031,159588,0639_6867,2.17000000,48.89305556,51.64,38
20251031,184821,0640_6867,2.19027778,48.89305556,45.35,38
20251031,124913,0644_6867,2.23666667,48.89305556,102.89,38
20251031,129019,0644_6867,2.24861111,48.89305556,85.66,17
20251031,25007,0648_6867,2.30083333,48.89305556,67.22,38
20251031,46446,0650_6867,2.32861111,48.89305556,82.50,17
20251031,90587,0650_6867,2.32888889,48.89305556,81.50,38
20251031,67571,0650_6867,2.33166667,48.89305556,97.81,38
20251031,141161,0652_6867,2.35888889,48.89305556,90.37,38
20251031,169976,0653_6867,2.37027778,48.89305556,100.28,38
20251031,73844,0654_6867,2.37444444,48.89305556,81.77,38
20251031,159715,0631_6867,2.06416667,48.89333333,104.71,38
20251031,83791,0631_6867,2.06472222,48.89333333,109.44,17
20251031,77608,0639_6867,2.17944444,48.89333333,53.09,38
20251031,167295,0643_6867,2.23111111,48.89333333,104.19,38
20251031,90612,0646_6867,2.27611111,48.89333333,37.64,17
20251031,71892,0651_6867,2.33944444,48.89333333,86.52,38
20251031,84821,0651_6867,2.33972222,48.89333333,86.02,38
20251031,72360,0652_6867,2.35194444,48.89333333,78.35,38
20251031,164240,0653_6867,2.36305556,48.89333333,81.76,17
20251031,73852,0654_6867,2.38055556,48.89333333,85.89,38
20251031,179198,0655_6867,2.39750000,48.89333333,89.20,17
20251031,156162,0666_6867,2.54333333,48.89333333,119.94,38
20251031,39884,0667_6867,2.55972222,48.89333333,143.16,23
20251031,153146,0644_6867,2.24500000,48.89361111,76.43,38
20251031,52740,0645_6867,2.25027778,48.89361111,86.84,38
20251031,142308,0645_6867,2.25250000,48.89361111,66.74,38
20251031,110615,0647_6867,2.27861111,48.89361111,54.77,17
20251031,174982,0647_6867,2.29027778,48.89361111,61.40,38
20251031,188348,0648_6867,2.30083333,48.89361111,78.41,38
20251031,147539,0649_6867,2.31583333,48.89361111,78.46,38
20251031,70162,0651_6867,2.33833333,48.89361111,87.44,38
20251031,71896,0652_6867,2.35361111,48.89361111,93.63,38
20251031,73876,0654_6867,2.37388889,48.89361111,75.41,38
20251031,56276,0657_6867,2.41666667,48.89361111,85.03,38
20251031,53151,0663_6867,2.50194444,48.89361111,83.59,38
20251031,86684,0666_6867,2.53750000,48.89361111,130.94,38
20251031,82134,0667_6867,2.56111111,48.89361111,142.17,26
20251031,17335,0680_6866,2.72861111,48.89361111,151.89,26
20251031,172536,0643_6867,2.22611111,48.89388889,80.48,38
20251031,124950,0643_6867,2.23611111,48.89388889,79.09,32
20251031,126092,0644_6867,2.23861111,48.89388889,69.69,23
20251031,130178,0646_6867,2.27166667,48.89388889,50.68,17
20251031,90243,0647_6867,2.28555556,48.89388889,75.76,38
20251031,91178,0648_6867,2.29611111,48.89388889,77.22,38
20251031,188969,0649_6867,2.31277778,48.89388889,64.87,17
20251031,91547,0649_6867,2.31527778,48.89388889,72.72,38
20251031,89492,0654_6867,2.38027778,48.89388889,80.29,38
20251031,135143,0656_6867,2.41194444,48.89388889,84.37,38
20251031,43123,0657_6867,2.42416667,48.89388889,101.35,38
20251031,7792,0667_6867,2.56027778,48.89388889,142.16,26
20251031,96607,0631_6867,2.06972222,48.89416667,92.93,12
20251031,188344,0633_6867,2.08916667,48.89416667,101.80,38
20251031,79476,0633_6867,2.09277778,48.89416667,110.29,38
20251031,95240,0640_6867,2.18888889,48.89416667,45.71,38
20251031,112905,0644_6867,2.24444444,48.89416667,62.95,38
20251031,157100,0644_6867,2.24527778,48.89416667,82.56,38
20251031,155438,0645_6867,2.25638889,48.89416667,61.95,17
20251031,133904,0646_6867,2.27500000,48.89416667,63.72,38
20251031,109863,0647_6867,2.28361111,48.89416667,54.61,17
20251031,188305,0649_6867,2.31194444,48.89416667,62.55,17
20251031,55052,0650_6867,2.32222222,48.89416667,69.79,38
20251031,140407,0651_6867,2.33638889,48.89416667,97.67,38
20251031,141020,0652_6867,2.35694444,48.89416667,59.92,17
20251031,122828,0652_6867,2.35805556,48.89416667,77.61,42
20251031,106106,0655_6867,2.39305556,48.89416667,72.81,17
20251031,176788,0655_6867,2.39333333,48.89416667,72.01,38
20251031,92705,0664_6867,2.51361111,48.89416667,98.33,17
20251031,6628,0636_6867,2.13472222,48.89444444,61.37,17
20251031,132164,0643_6867,2.22611111,48.89444444,88.64,38
20251031,164778,0644_6867,2.24166667,48.89444444,105.86,38
20251031,52742,0645_6867,2.25777778,48.89444444,65.47,38
20251031,142146,0649_6867,2.30638889,48.89444444,51.52,17
20251031,171063,0651_6867,2.33472222,48.89444444,80.78,38
20251031,178110,0652_6867,2.34944444,48.89444444,82.43,38
20251031,70158,0652_6867,2.34972222,48.89444444,80.12,38
20251031,190126,0652_6867,2.35888889,48.89444444,78.70,38
20251031,138591,0654_6867,2.37333333,48.89444444,104.78,17
20251031,176998,0656_6867,2.40555556,48.89444444,77.15,17
20251031,133394,0657_6867,2.41833333,48.89444444,66.95,38
20251031,191594,0660_6867,2.45472222,48.89444444,101.93,38
20251031,88254,0660_6867,2.46805556,48.89444444,82.18,38
20251031,135047,0643_6867,2.22555556,48.89472222,90.17,17
20251031,98874,0644_6867,2.23972222,48.89472222,56.73,32
20251031,37345,0647_6867,2.28472222,48.89472222,83.73,38
20251031,183690,0649_6867,2.31527778,48.89472222,65.05,17
20251031,173034,0650_6867,2.33055556,48.89472222,76.84,38
20251031,182413,0654_6867,2.37916667,48.89472222,90.97,38
20251031,79751,0633_6867,2.09416667,48.89500000,112.69,38
20251031,118225,0635_6867,2.12611111,48.89500000,48.95,23
20251031,169688,0642_6867,2.22222222,48.89500000,89.82,38
20251031,89488,0643_6867,2.22472222,48.89500000,91.26,17
20251031,172542,0643_6867,2.22944444,48.89500000,97.23,17
20251031,135088,0644_6867,2.23916667,48.89500000,121.23,17
20251031,81818,0650_6867,2.32833333,48.89500000,71.43,17
20251031,47734,0651_6867,2.34222222,48.89500000,90.92,38
20251031,128890,0651_6867,2.34277778,48.89500000,84.12,38
20251031,36982,0651_6867,2.34444444,48.89500000,79.97,38
20251031,171877,0653_6867,2.36527778,48.89500000,75.84,38
20251031,109511,0657_6867,2.42611111,48.89500000,75.80,17
20251031,48638,0659_6867,2.44638889,48.89500000,86.82,26
20251031,167645,0660_6867,2.46277778,48.89500000,87.04,38
20251031,37552,0631_6867,2.06888889,48.89527778,126.07,38
20251031,140395,0634_6867,2.10666667,48.89527778,45.18,38
20251031,49381,0637_6867,2.15416667,48.89527778,59.54,38
20251031,73828,0640_6867,2.18722222,48.89527778,51.18,38
20251031,170318,0640_6867,2.18833333,48.89527778,44.67,38
20251031,5161,0640_6867,2.18916667,48.89527778,58.97,38
20251031,74656,0643_6867,2.22444444,48.89527778,90.13,38
20251031,168606,0643_6867,2.23555556,48.89527778,90.48,17
20251031,149546,0648_6867,2.29861111,48.89527778,61.17,17
20251031,189622,0649_6867,2.30805556,48.89527778,67.77,38
20251031,85210,0650_6867,2.32138889,48.89527778,67.12,17
20251031,137062,0653_6867,2.37000000,48.89527778,76.70,23
20251031,124240,0654_6867,2.37694444,48.89527778,78.39,38
20251031,73815,0657_6867,2.42222222,48.89527778,94.14,17
20251031,152401,0634_6867,2.10527778,48.89555556,53.11,17
20251031,92188,0634_6867,2.10555556,48.89555556,51.71,38
20251031,87264,0641_6867,2.19583333,48.89555556,40.82,17
20251031,102300,0643_6867,2.22361111,48.89555556,92.18,17
20251031,114634,0643_6867,2.22944444,48.89555556,101.23,17
20251031,112901,0644_6867,2.23861111,48.89555556,91.69,17
20251031,52739,0644_6867,2.24500000,48.89555556,80.33,38
20251031,174397,0645_6867,2.25444444,48.89555556,84.36,38
20251031,117704,0646_6867,2.27444444,48.89555556,59.25,17
20251031,74222,0650_6867,2.32194444,48.89555556,73.51,38
20251031,94200,0650_6867,2.33055556,48.89555556,79.46,38
20251031,181385,0652_6867,2.35333333,48.89555556,82.43,38
20251031,91852,0653_6867,2.36222222,48.89555556,76.56,38
20251031,161706,0655_6867,2.38805556,48.89555556,83.90,17
20251031,186385,0656_6867,2.40055556,48.89555556,77.86,17
20251031,45829,0658_6867,2.43722222,48.89555556,98.77,38
20251031,39162,0663_6867,2.50527778,48.89555556,83.84,38
20251031,63377,0631_6867,2.06888889,48.89583333,112.36,38
20251031,172539,0643_6867,2.23083333,48.89583333,91.78,39
20251031,66466,0643_6867,2.23500000,48.89583333,79.36,17
20251031,164431,0651_6867,2.34388889,48.89583333,73.80,17
20251031,120396,0652_6867,2.34777778,48.89583333,79.91,38
20251031,171718,0652_6867,2.35333333,48.89583333,88.13,38
20251031,141746,0654_6867,2.37333333,48.89583333,80.28,17
20251031,97940,0671_6867,2.61611111,48.89583333,78.47,38
20251031,150875,0671_6867,2.61694444,48.89583333,77.76,38
20251031,53343,0637_6867,2.14138889,48.89611111,93.86,4
20251031,131597,0642_6867,2.21944444,48.89611111,84.52,17
20251031,35833,0644_6867,2.23694444,48.89611111,94.63,38
20251031,137313,0644_6867,2.24888889,48.89611111,64.54,38
20251031,173866,0645_6867,2.26111111,48.89611111,70.77,38
20251031,146838,0653_6867,2.36055556,48.89611111,95.09,38
20251031,131707,0654_6867,2.37611111,48.89611111,100.00,38
20251031,125414,0660_6867,2.45888889,48.89611111,90.46,38
20251031,136178,0661_6867,2.47444444,48.89611111,91.47,38
20251031,94208,0643_6867,2.23444444,48.89638889,103.37,38
20251031,178449,0643_6867,2.23500000,48.89638889,95.67,38
20251031,112903,0644_6867,2.24666667,48.89638889,75.59,38
20251031,163860,0649_6867,2.30805556,48.89638889,62.77,38
20251031,102122,0649_6867,2.30972222,48.89638889,39.08,49
20251031,128377,0650_6867,2.32000000,48.89638889,71.05,38
20251031,176807,0652_6867,2.35777778,48.89638889,87.77,38
20251031,100220,0655_6867,2.38722222,48.89638889,52.85,34
20251031,133393,0656_6867,2.40250000,48.89638889,97.62,38
20251031,162859,0661_6867,2.47916667,48.89638889,75.67,38
20251031,134167,0662_6867,2.48861111,48.89638889,91.55,38
20251031,132679,0639_6867,2.17972222,48.89666667,51.05,17
20251031,156527,0641_6867,2.19555556,48.89666667,58.73,38
20251031,86972,0642_6867,2.22055556,48.89666667,89.47,39
20251031,52818,0644_6867,2.24666667,48.89666667,70.79,38
20251031,61638,0645_6867,2.25277778,48.89666667,65.58,38
20251031,60561,0645_6867,2.26222222,48.89666667,68.45,38
20251031,193262,0647_6867,2.28861111,48.89666667,54.01,38
20251031,85257,0648_6867,2.29861111,48.89666667,62.15,23
20251031,191837,0650_6867,2.32638889,48.89666667,77.73,38
20251031,71983,0650_6867,2.33055556,48.89666667,82.85,38
20251031,94068,0651_6867,2.34333333,48.89666667,78.72,38
20251031,176454,0652_6867,2.35861111,48.89666667,83.66,38
20251031,70037,0653_6867,2.36055556,48.89666667,95.09,38
20251031,188536,0655_6867,2.38972222,48.89666667,77.51,17
20251031,107665,0658_6867,2.43666667,48.89666667,71.08,17
20251031,112997,0660_6867,2.45944444,48.89666667,82.26,23
20251031,52255,0665_6867,2.53083333,48.89666667,129.16,38
20251031,187285,0632_6867,2.08111111,48.89694444,95.12,38
20251031,73060,0642_6867,2.21333333,48.89694444,75.29,38
20251031,3481,0642_6867,2.21500000,48.89694444,74.97,17
20251031,130933,0642_6867,2.21972222,48.89694444,87.29,38
20251031,39148,0648_6867,2.29388889,48.89694444,74.18,38
20251031,137772,0648_6867,2.29500000,48.89694444,61.54,38
20251031,3533,0649_6867,2.31166667,48.89694444,45.23,999999999
20251031,81013,0650_6867,2.32138889,48.89694444,79.91,17
20251031,64894,0655_6867,2.39000000,48.89694444,68.99,17
20251031,5078,0660_6867,2.46111111,48.89694444,85.14,23
20251031,25836,0642_6867,2.21583333,48.89722222,166.95,17
20251031,130932,0642_6867,2.21888889,48.89722222,86.30,38
20251031,190135,0646_6867,2.26472222,48.89722222,62.54,38
20251031,145087,0647_6867,2.28611111,48.89722222,57.81,38
20251031,74224,0649_6867,2.31305556,48.89722222,69.21,38
20251031,133372,0650_6867,2.32777778,48.89722222,76.16,38
20251031,182122,0651_6867,2.34194444,48.89722222,78.21,38
20251031,63098,0633_6867,2.08916667,48.89750000,108.88,38
20251031,130934,0642_6867,2.22250000,48.89750000,86.80,38
20251031,123020,0643_6867,2.23500000,48.89750000,83.25,17
20251031,52198,0646_6867,2.26388889,48.89750000,58.01,38
20251031,52816,0646_6867,2.26416667,48.89750000,71.01,38
20251031,134904,0651_6867,2.33444444,48.89750000,71.42,38
20251031,92490,0651_6867,2.33666667,48.89750000,83.35,38
20251031,71984,0651_6867,2.33861111,48.89750000,91.74,38
20251031,71999,0651_6867,2.33944444,48.89750000,94.09,38
20251031,177716,0651_6867,2.34527778,48.89750000,82.06,38
20251031,70001,0652_6867,2.35222222,48.89750000,91.51,38
20251031,193069,0655_6867,2.39750000,48.89750000,71.13,38
20251031,58552,0660_6867,2.46277778,48.89750000,98.76,38
20251031,81196,0662_6867,2.48888889,48.89750000,91.25,38
20251031,56491,0665_6867,2.53277778,48.89750000,132.83,4
20251031,48634,0668_6867,2.56972222,48.89750000,115.33,38
20251031,59601,0670_6867,2.59194444,48.89750000,85.24,38
20251031,142126,0634_6867,2.11166667,48.89777778,50.60,38
20251031,146110,0644_6867,2.23888889,48.89777778,74.56,38
20251031,134497,0649_6867,2.31222222,48.89777778,70.37,38
20251031,164129,0652_6867,2.35361111,48.89777778,87.86,17
20251031,56286,0666_6867,2.54444444,48.89777778,134.26,38
20251031,117825,0647_6867,2.28000000,48.89805556,73.36,17
20251031,167058,0653_6867,2.36611111,48.89805556,84.78,17
20251031,112996,0655_6867,2.39944444,48.89805556,61.88,23
20251031,88251,0661_6867,2.47888889,48.89805556,82.00,38
20251031,34469,0666_6867,2.54555556,48.89805556,136.33,38
20251031,46407,0668_6867,2.56972222,48.89805556,130.33,38
20251031,70726,0676_6867,2.67805556,48.89805556,116.69,23
20251031,86642,0635_6867,2.12222222,48.89833333,39.15,17
20251031,189115,0642_6867,2.21027778,48.89833333,65.71,17
20251031,5142,0642_6867,2.21444444,48.89833333,100.60,17
20251031,52819,0644_6867,2.24250000,48.89833333,70.66,38
20251031,52741,0645_6867,2.25250000,48.89833333,69.21,38
20251031,97011,0646_6867,2.26472222,48.89833333,60.23,38
20251031,56811,0647_6867,2.27972222,48.89833333,68.82,38
20251031,181545,0647_6867,2.28305556,48.89833333,60.10,38
20251031,128198,0649_6867,2.30583333,48.89833333,69.37,38
20251031,127132,0649_6867,2.31527778,48.89833333,44.45,49
20251031,154306,0654_6867,2.37805556,48.89833333,83.78,17
20251031,82686,0654_6867,2.38472222,48.89833333,86.50,17
20251031,48513,0662_6867,2.48500000,48.89833333,92.58,38
20251031,142770,0685_6867,2.80305556,48.89833333,85.97,23
20251031,100251,0633_6867,2.09277778,48.89861111,117.00,38
20251031,86643,0633_6867,2.09527778,48.89861111,94.89,17
20251031,31033,0648_6867,2.29500000,48.89861111,58.40,38
20251031,182927,0654_6867,2.38305556,48.89861111,81.03,17
20251031,189372,0654_6867,2.38388889,48.89861111,78.16,38
20251031,86401,0664_6867,2.51611111,48.89861111,113.44,38
20251031,138851,0664_6867,2.51888889,48.89861111,97.94,17
20251031,190120,0685_6867,2.80222222,48.89861111,89.06,23
20251031,173100,0634_6867,2.11305556,48.89888889,45.74,38
20251031,170360,0643_6867,2.23583333,48.89888889,92.44,17
20251031,5277,0644_6867,2.23861111,48.89888889,86.33,38
20251031,169263,0645_6867,2.25722222,48.89888889,69.20,38
20251031,81711,0647_6867,2.28166667,48.89888889,54.99,17
20251031,81195,0649_6867,2.30583333,48.89888889,59.63,38
20251031,71296,0653_6867,2.36777778,48.89888889,79.70,38
20251031,71306,0653_6867,2.36944444,48.89888889,69.51,38
20251031,67576,0653_6867,2.37000000,48.89888889,76.25,38
20251031,5174,0656_6867,2.40416667,48.89888889,80.47,23
20251031,153605,0667_6867,2.56055556,48.89888889,128.68,38
20251031,53692,0632_6867,2.08388889,48.89916667,145.44,4
20251031,97916,0638_6867,2.15944444,48.89916667,75.09,38
20251031,92387,0641_6867,2.20277778,48.89916667,68.62,38
20251031,104451,0642_6867,2.21111111,48.89916667,89.27,38
20251031,181437,0643_6867,2.23527778,48.89916667,77.89,38
20251031,152096,0644_6867,2.24555556,48.89916667,85.11,38
20251031,52817,0645_6867,2.25861111,48.89916667,71.57,17
20251031,104636,0645_6867,2.26166667,48.89916667,59.18,38
20251031,94485,0651_6867,2.34388889,48.89916667,72.93,38
20251031,167396,0667_6867,2.55166667,48.89916667,122.25,38
20251031,143874,0644_6867,2.23805556,48.89944444,87.62,38
20251031,173719,0644_6867,2.24861111,48.89944444,68.59,38
20251031,98049,0647_6867,2.28972222,48.89944444,51.85,17
20251031,144960,0650_6867,2.32194444,48.89944444,75.92,38
20251031,164688,0650_6867,2.32222222,48.89944444,76.92,38
20251031,79279,0651_6867,2.33250000,48.89944444,115.39,38
20251031,172428,0653_6867,2.36138889,48.89944444,75.61,17
20251031,160023,0653_6867,2.36583333,48.89944444,67.37,38
20251031,110374,0655_6867,2.39305556,48.89944444,54.66,11
20251031,73822,0655_6867,2.39527778,48.89944444,82.05,17
20251031,139115,0663_6867,2.50194444,48.89944444,88.54,17
20251031,77922,0647_6867,2.28361111,48.89972222,68.21,38
20251031,84053,0650_6867,2.32861111,48.89972222,79.43,38
20251031,110442,0653_6867,2.37000000,48.89972222,71.71,38
20251031,185211,0654_6867,2.37388889,48.89972222,75.75,38
20251031,3040,0627_6868,2.00527778,48.90000000,177.65,26
20251031,49148,0638_6868,2.15861111,48.90000000,77.45,38
20251031,192883,0651_6867,2.33972222,48.90000000,84.49,38
20251031,189513,0652_6867,2.34888889,48.90000000,70.25,26
20251031,147494,0652_6867,2.35250000,48.90000000,71.32,38
20251031,120253,0654_6867,2.37805556,48.90000000,49.27,49
20251031,123538,0662_6867,2.48500000,48.90000000,79.16,17
20251031,192630,0662_6867,2.49000000,48.90000000,88.24,17
20251031,125731,0638_6868,2.16027778,48.90027778,86.86,38
20251031,79742,0638_6868,2.16777778,48.90027778,65.05,38
20251031,71338,0640_6867,2.19277778,48.90027778,85.82,38
20251031,96242,0642_6867,2.21194444,48.90027778,45.02,32
20251031,52737,0646_6867,2.26833333,48.90027778,78.35,38
20251031,125107,0651_6867,2.33500000,48.90027778,83.94,38
20251031,91712,0655_6867,2.39416667,48.90027778,74.48,38
20251031,180560,0655_6867,2.39527778,48.90027778,71.76,38
20251031,121407,0656_6867,2.41055556,48.90027778,66.48,38
20251031,98289,0659_6867,2.44194444,48.90027778,73.61,38
20251031,151597,0662_6867,2.48333333,48.90027778,88.22,38
20251031,96974,0631_6868,2.07000000,48.90055556,100.26,17
20251031,161671,0640_6868,2.18750000,48.90055556,54.06,23
20251031,140196,0647_6867,2.28638889,48.90055556,57.68,17
20251031,175713,0649_6867,2.31611111,48.90055556,62.54,38
20251031,92412,0652_6867,2.34555556,48.90055556,81.80,38
20251031,133460,0652_6867,2.35250000,48.90055556,67.29,38
20251031,120046,0653_6867,2.37055556,48.90055556,50.17,49
20251031,52253,0664_6867,2.51388889,48.90055556,99.54,38
20251031,72597,0665_6867,2.53000000,48.90055556,124.40,17
20251031,99321,0668_6867,2.57527778,48.90055556,120.70,17
20251031,65498,0683_6867,2.77083333,48.90055556,79.90,23
20251031,141244,0637_6868,2.14361111,48.90083333,79.91,17
20251031,175107,0642_6868,2.21750000,48.90083333,67.84,38
20251031,172088,0644_6868,2.24194444,48.90083333,72.91,38
20251031,52736,0646_6868,2.26805556,48.90083333,74.34,38
20251031,125003,0652_6867,2.35083333,48.90083333,52.84,49
20251031,85180,0629_6868,2.03722222,48.90111111,186.67,4
20251031,149678,0632_6868,2.07305556,48.90111111,100.42,42
20251031,140898,0637_6868,2.14583333,48.90111111,79.47,38
20251031,193388,0638_6868,2.15500000,48.90111111,74.32,38
20251031,159587,0644_6868,2.24000000,48.90111111,67.00,38
20251031,10636,0645_6868,2.25583333,48.90111111,89.36,38
20251031,55630,0648_6868,2.30055556,48.90111111,56.38,38
20251031,97538,0650_6868,2.32305556,48.90111111,81.49,17
20251031,48383,0651_6867,2.34138889,48.90111111,53.92,12
20251031,119191,0653_6867,2.36305556,48.90111111,53.08,49
20251031,189940,0659_6867,2.44138889,48.90111111,72.33,38
20251031,192201,0629_6868,2.04138889,48.90138889,158.96,38
20251031,96333,0632_6868,2.07305556,48.90138889,87.62,32
20251031,180228,0642_6868,2.20888889,48.90138889,76.86,38
20251031,185202,0642_6868,2.21638889,48.90138889,76.09,38
20251031,61427,0644_6868,2.24166667,48.90138889,74.08,38
20251031,157005,0646_6868,2.26694444,48.90138889,69.01,38
20251031,147683,0646_6868,2.27333333,48.90138889,69.16,38
20251031,105763,0648_6868,2.30111111,48.90138889,55.95,38
20251031,150622,0650_6868,2.32750000,48.90138889,76.31,38
20251031,98830,0652_6868,2.35777778,48.90138889,63.67,23
20251031,85139,0654_6868,2.37305556,48.90138889,70.01,17
20251031,176319,0654_6868,2.37500000,48.90138889,58.79,17
20251031,128568,0660_6867,2.46361111,48.90138889,92.28,38
20251031,58144,0661_6867,2.48083333,48.90138889,83.23,17
20251031,91711,0664_6867,2.50972222,48.90138889,84.98,38
20251031,187389,0664_6867,2.51027778,48.90138889,84.38,38
20251031,84377,0668_6867,2.57555556,48.90138889,138.77,26
20251031,6012,0683_6867,2.77500000,48.90138889,63.02,42
20251031,79482,0635_6868,2.11777778,48.90166667,47.32,38
20251031,109508,0642_6868,2.21527778,48.90166667,46.41,38
20251031,83544,0645_6868,2.25833333,48.90166667,80.86,38
20251031,52729,0647_6868,2.27861111,48.90166667,65.46,38
20251031,117535,0649_6868,2.31138889,48.90166667,64.15,38
20251031,96854,0650_6868,2.32888889,48.90166667,67.23,38
20251031,39878,0652_6868,2.34777778,48.90166667,63.97,38
20251031,180696,0656_6868,2.40166667,48.90166667,64.47,38
20251031,94064,0656_6868,2.40694444,48.90166667,69.35,17
20251031,91992,0660_6867,2.46194444,48.90166667,103.84,17
20251031,135820,0670_6867,2.60361111,48.90166667,80.19,38
20251031,78060,0629_6868,2.04194444,48.90194444,155.80,38
20251031,167222,0635_6868,2.11694444,48.90194444,44.60,38
20251031,79676,0636_6868,2.13305556,48.90194444,58.79,38
20251031,167313,0639_6868,2.17916667,48.90194444,63.39,48
20251031,149860,0646_6868,2.27666667,48.90194444,51.29,38
20251031,185077,0648_6868,2.29083333,48.90194444,68.60,38
20251031,6298,0650_6868,2.32805556,48.90194444,67.76,38
20251031,155009,0654_6868,2.38500000,48.90194444,72.08,38
20251031,149486,0655_6868,2.39055556,48.90194444,73.18,38
20251031,73820,0656_6868,2.40666667,48.90194444,68.68,38
20251031,182120,0664_6867,2.51166667,48.90194444,81.59,38
20251031,169098,0667_6867,2.55388889,48.90194444,144.05,26
20251031,52695,0627_6868,2.00472222,48.90222222,185.05,23
20251031,164695,0645_6868,2.25861111,48.90222222,66.84,38
20251031,169838,0648_6868,2.29083333,48.90222222,61.95,38
20251031,34480,0655_6868,2.38638889,48.90222222,110.36,38
20251031,190593,0655_6868,2.39972222,48.90222222,64.99,38
20251031,174402,0657_6868,2.42166667,48.90222222,74.86,26
20251031,49724,0660_6868,2.46472222,48.90222222,101.27,38
20251031,167685,0669_6867,2.58083333,48.90222222,101.44,24
20251031,163405,0636_6868,2.13638889,48.90250000,59.30,38
20251031,192947,0639_6868,2.17638889,48.90250000,52.63,26
20251031,111315,0642_6868,2.21861111,48.90250000,72.58,32
20251031,159006,0644_6868,2.24861111,48.90250000,67.44,38
20251031,161083,0644_6868,2.24888889,48.90250000,68.75,38
20251031,29043,0649_6868,2.31777778,48.90250000,84.99,38
20251031,76930,0651_6868,2.34055556,48.90250000,68.13,38
20251031,102952,0653_6868,2.35972222,48.90250000,63.46,17
20251031,138345,0662_6868,2.49250000,48.90250000,73.48,38
20251031,93752,0678_6867,2.70638889,48.90250000,150.98,4
20251031,115482,0632_6868,2.07333333,48.90277778,93.13,23
20251031,36662,0640_6868,2.19277778,48.90277778,78.67,26
20251031,142970,0642_6868,2.21166667,48.90277778,55.65,17
20251031,52738,0645_6868,2.25861111,48.90277778,61.14,38
20251031,86400,0652_6868,2.34777778,48.90277778,75.75,38
20251031,83706,0654_6868,2.37500000,48.90277778,62.75,17
20251031,41969,0655_6868,2.38694444,48.90277778,94.48,38
20251031,94997,0663_6868,2.50666667,48.90277778,78.51,17
20251031,83728,0642_6868,2.20944444,48.90305556,44.15,17
20251031,73058,0642_6868,2.21583333,48.90305556,69.28,38
20251031,126084,0642_6868,2.22055556,48.90305556,61.08,23
20251031,115932,0643_6868,2.22444444,48.90305556,78.23,17
20251031,5160,0645_6868,2.26083333,48.90305556,53.65,17
20251031,84220,0648_6868,2.29111111,48.90305556,53.23,17
20251031,79009,0650_6868,2.31916667,48.90305556,59.55,38
20251031,85299,0651_6868,2.33694444,48.90305556,60.51,17
20251031,127889,0653_6868,2.37138889,48.90305556,57.19,17
20251031,174480,0662_6868,2.49138889,48.90305556,70.23,38
20251031,122110,0664_6868,2.51250000,48.90305556,83.82,23
20251031,119810,0665_6868,2.52333333,48.90305556,86.14,38
20251031,139969,0669_6868,2.58916667,48.90305556,79.26,38
20251031,101490,0683_6868,2.77222222,48.90305556,79.42,23
20251031,117492,0641_6868,2.19888889,48.90333333,62.14,23
20251031,95233,0641_6868,2.20750000,48.90333333,74.60,38
20251031,173515,0645_6868,2.25277778,48.90333333,65.42,38
20251031,156057,0646_6868,2.26694444,48.90333333,75.81,38
20251031,30525,0648_6868,2.29861111,48.90333333,54.42,38
20251031,49862,0649_6868,2.30666667,48.90333333,79.40,38
20251031,156163,0650_6868,2.32555556,48.90333333,78.16,38
20251031,48628,0652_6868,2.35055556,48.90333333,64.07,38
20251031,93179,0667_6868,2.56083333,48.90333333,136.36,17
20251031,90969,0669_6868,2.58888889,48.90333333,81.46,38
20251031,178446,0645_6868,2.25833333,48.90361111,65.10,17
20251031,142236,0646_6868,2.26750000,48.90361111,70.07,38
20251031,134084,0650_6868,2.32083333,48.90361111,60.91,38
20251031,168855,0652_6868,2.34916667,48.90361111,61.36,38
20251031,109125,0657_6868,2.41777778,48.90361111,73.52,38
20251031,81796,0658_6868,2.42916667,48.90361111,72.33,24
20251031,141011,0658_6868,2.43527778,48.90361111,76.46,23
20251031,39883,0663_6868,2.50416667,48.90361111,78.47,38
20251031,123923,0666_6868,2.54555556,48.90361111,162.58,17
20251031,149978,0669_6868,2.58944444,48.90361111,81.06,38
20251031,84218,0644_6868,2.24916667,48.90388889,60.82,17
20251031,105379,0649_6868,2.30555556,48.90388889,84.84,38
20251031,126365,0649_6868,2.31777778,48.90388889,64.30,38
20251031,175412,0654_6868,2.38611111,48.90388889,80.87,38
20251031,128889,0641_6868,2.20861111,48.90416667,70.13,38
20251031,126091,0646_6868,2.26444444,48.90416667,73.96,23
20251031,101226,0646_6868,2.26583333,48.90416667,63.62,23
20251031,48639,0651_6868,2.33166667,48.90416667,67.94,38
20251031,49739,0654_6868,2.37555556,48.90416667,46.57,17
20251031,54670,0658_6868,2.43194444,48.90416667,59.77,17
20251031,59378,0661_6868,2.47500000,48.90416667,89.01,38
20251031,126298,0661_6868,2.47555556,48.90416667,88.20,38
20251031,183816,0666_6868,2.54611111,48.90416667,159.89,38
20251031,88252,0667_6868,2.55472222,48.90416667,149.66,38
20251031,132052,0645_6868,2.25944444,48.90444444,58.24,38
20251031,7013,0646_6868,2.27305556,48.90444444,65.13,38
20251031,46470,0652_6868,2.34888889,48.90444444,71.03,38
20251031,168312,0655_6868,2.39111111,48.90444444,71.16,38
20251031,3861,0665_6868,2.52305556,48.90444444,83.83,38
20251031,72655,0647_6868,2.28472222,48.90472222,65.65,17
20251031,82698,0650_6868,2.32166667,48.90472222,66.89,17
20251031,134956,0650_6868,2.32611111,48.90472222,58.92,17
20251031,141963,0651_6868,2.34444444,48.90472222,65.84,38
20251031,160865,0661_6868,2.48055556,48.90472222,76.56,38
20251031,190738,0663_6868,2.50277778,48.90472222,74.29,17
20251031,4644,0663_6868,2.50305556,48.90472222,85.03,38
20251031,160674,0667_6868,2.55111111,48.90472222,129.04,38
20251031,157290,0630_6868,2.05638889,48.90500000,94.77,23
20251031,188149,0646_6868,2.26861111,48.90500000,67.15,38
20251031,57708,0648_6868,2.29861111,48.90500000,54.53,38
20251031,106445,0651_6868,2.33805556,48.90500000,62.89,38
20251031,179765,0655_6868,2.39305556,48.90500000,69.80,38
20251031,127935,0659_6868,2.44833333,48.90500000,103.72,38
20251031,101134,0663_6868,2.49944444,48.90500000,82.64,38
20251031,97012,0665_6868,2.53222222,48.90500000,87.33,17
20251031,79021,0667_6868,2.55111111,48.90500000,132.60,17
20251031,165038,0636_6868,2.14055556,48.90527778,62.55,17
20251031,185314,0647_6868,2.28333333,48.90527778,50.85,17
20251031,173514,0648_6868,2.30138889,48.90527778,56.01,38
20251031,140197,0649_6868,2.31527778,48.90527778,61.98,17
20251031,60857,0651_6868,2.33527778,48.90527778,60.75,38
20251031,94898,0659_6868,2.44611111,48.90527778,107.07,38
20251031,96164,0660_6868,2.46111111,48.90527778,73.82,23
20251031,88218,0662_6868,2.48777778,48.90527778,81.65,26
20251031,9229,0665_6868,2.53305556,48.90527778,93.12,17
20251031,140379,0665_6868,2.53388889,48.90527778,118.70,26
20251031,146101,0629_6868,2.03944444,48.90555556,128.00,17
20251031,130517,0630_6868,2.04750000,48.90555556,103.67,17
20251031,115115,0645_6868,2.25388889,48.90555556,65.77,38
20251031,91834,0646_6868,2.26527778,48.90555556,78.10,17
20251031,99790,0650_6868,2.32055556,48.90555556,65.19,38
20251031,126344,0650_6868,2.32083333,48.90555556,40.99,24
20251031,48542,0654_6868,2.38305556,48.90555556,79.99,38
20251031,149487,0655_6868,2.39277778,48.90555556,78.11,38
20251031,188674,0658_6868,2.42861111,48.90555556,70.57,23
20251031,3224,0658_6868,2.43888889,48.90555556,77.93,38
20251031,123537,0661_6868,2.48027778,48.90555556,76.94,17
20251031,139085,0662_6868,2.48500000,48.90555556,90.22,17
20251031,99609,0643_6868,2.22722222,48.90583333,63.28,23
20251031,62638,0643_6868,2.23000000,48.90583333,70.55,26
20251031,91376,0644_6868,2.23833333,48.90583333,99.88,38
20251031,37280,0645_6868,2.25250000,48.90583333,72.15,38
20251031,99061,0649_6868,2.31305556,48.90583333,65.22,38
20251031,190737,0655_6868,2.39694444,48.90583333,93.80,38
20251031,182664,0660_6868,2.46555556,48.90583333,72.95,38
20251031,115348,0661_6868,2.46916667,48.90583333,74.19,38
20251031,49446,0637_6868,2.15361111,48.90611111,69.60,38
20251031,127745,0644_6868,2.24055556,48.90611111,58.19,38
20251031,118740,0647_6868,2.28361111,48.90611111,47.48,17
20251031,37680,0650_6868,2.32722222,48.90611111,61.11,38
20251031,151181,0651_6868,2.33611111,48.90611111,62.36,38
20251031,58860,0653_6868,2.35888889,48.90611111,61.16,38
20251031,64717,0654_6868,2.37472222,48.90611111,82.98,38
20251031,83853,0660_6868,2.45583333,48.90611111,85.96,17
20251031,127704,0662_6868,2.48305556,48.90611111,69.40,38
20251031,92223,0667_6868,2.55722222,48.90611111,164.84,38
20251031,167182,0635_6868,2.11722222,48.90638889,38.29,17
20251031,64815,0638_6868,2.15444444,48.90638889,72.84,38
20251031,109991,0641_6868,2.20472222,48.90638889,56.20,17
20251031,67351,0647_6868,2.28916667,48.90638889,55.57,38
20251031,52248,0648_6868,2.30083333,48.90638889,58.50,17
20251031,149836,0651_6868,2.33166667,48.90638889,59.96,17
20251031,147626,0643_6868,2.22583333,48.90666667,62.15,17
20251031,139767,0644_6868,2.24583333,48.90666667,65.69,38
20251031,102424,0646_6868,2.27583333,48.90666667,46.24,32
20251031,39875,0651_6868,2.33888889,48.90666667,66.65,38
20251031,164592,0653_6868,2.36055556,48.90666667,61.87,38
20251031,58824,0657_6868,2.42361111,48.90666667,69.80,38
20251031,58821,0658_6868,2.44055556,48.90666667,87.24,38
20251031,114179,0635_6868,2.11777778,48.90694444,50.37,26
20251031,95691,0644_6868,2.24638889,48.90694444,76.76,17
20251031,117251,0644_6868,2.24666667,48.90694444,47.76,17
20251031,4769,0646_6868,2.26555556,48.90694444,79.85,38
20251031,72653,0646_6868,2.26833333,48.90694444,71.28,38
20251031,52821,0646_6868,2.27194444,48.90694444,65.39,38
20251031,186788,0648_6868,2.30277778,48.90694444,71.22,38
20251031,191269,0648_6868,2.30388889,48.90694444,53.52,38
20251031,73188,0649_6868,2.30611111,48.90694444,75.10,38
20251031,27127,0667_6868,2.55583333,48.90694444,176.39,17
20251031,118418,0643_6868,2.23416667,48.90722222,57.33,38
20251031,102426,0646_6868,2.26416667,48.90722222,49.68,32
20251031,104739,0646_6868,2.27472222,48.90722222,67.83,38
20251031,59856,0659_6868,2.45083333,48.90722222,86.46,38
20251031,171917,0660_6868,2.45861111,48.90722222,75.42,38
20251031,111603,0667_6868,2.55583333,48.90722222,174.17,38
20251031,97612,0671_6868,2.60666667,48.90722222,97.23,26
20251031,112029,0648_6868,2.29861111,48.90750000,77.91,17
20251031,46397,0655_6868,2.38944444,48.90750000,68.25,38
20251031,169055,0667_6868,2.55027778,48.90750000,130.61,17
20251031,154811,0675_6868,2.66083333,48.90750000,96.14,23
20251031,3991,0676_6868,2.68111111,48.90750000,168.78,23
20251031,103491,0638_6868,2.15833333,48.90777778,85.27,17
20251031,61682,0644_6868,2.24666667,48.90777778,68.31,38
20251031,77931,0646_6868,2.26555556,48.90777778,72.54,38
20251031,115400,0647_6868,2.28111111,48.90777778,61.65,17
20251031,169907,0653_6868,2.35916667,48.90777778,67.74,38
20251031,131651,0653_6868,2.36527778,48.90777778,58.32,17
20251031,163796,0654_6868,2.38305556,48.90777778,68.33,38
20251031,142971,0661_6868,2.48138889,48.90777778,65.69,17
20251031,180153,0666_6868,2.54416667,48.90777778,144.64,17
20251031,95078,0648_6868,2.29222222,48.90805556,56.31,38
20251031,88632,0649_6868,2.31055556,48.90805556,130.15,38
20251031,106079,0651_6868,2.34361111,48.90805556,71.09,38
20251031,119533,0655_6868,2.38722222,48.90805556,71.50,38
20251031,134733,0655_6868,2.39750000,48.90805556,98.17,38
20251031,148022,0663_6868,2.49638889,48.90805556,77.90,38
20251031,125207,0664_6868,2.51666667,48.90805556,84.90,38
20251031,12245,0646_6868,2.26333333,48.90833333,79.45,38
20251031,158926,0649_6868,2.30444444,48.90833333,66.36,38
20251031,189186,0649_6868,2.30555556,48.90833333,66.83,38
20251031,172540,0649_6868,2.31000000,48.90833333,60.15,17
20251031,109437,0653_6868,2.36444444,48.90833333,46.00,17
20251031,177008,0654_6868,2.38138889,48.90833333,73.74,38
20251031,173041,0658_6868,2.43277778,48.90833333,64.86,38
20251031,173444,0663_6868,2.50000000,48.90833333,77.23,17
20251031,61467,0665_6868,2.53500000,48.90833333,92.79,38
20251031,73011,0644_6868,2.23777778,48.90861111,65.58,38
20251031,98302,0645_6868,2.25500000,48.90861111,86.71,17
20251031,94220,0650_6868,2.32111111,48.90861111,70.30,26
20251031,137275,0651_6868,2.34361111,48.90861111,92.04,38
20251031,96779,0643_6868,2.22944444,48.90888889,70.92,38
20251031,62058,0649_6868,2.30777778,48.90888889,66.29,38
20251031,66370,0652_6868,2.35750000,48.90888889,64.28,38
20251031,168619,0654_6868,2.37361111,48.90888889,49.39,17
20251031,180196,0657_6868,2.41972222,48.90888889,70.50,26
20251031,186374,0659_6868,2.44388889,48.90888889,103.17,38
20251031,191122,0665_6868,2.52638889,48.90888889,81.23,38
20251031,23645,0685_6868,2.80416667,48.90888889,138.53,26
20251031,46085,0628_6869,2.02916667,48.90916667,103.59,26
20251031,52514,0654_6868,2.38583333,48.90916667,90.92,17
20251031,170366,0655_6868,2.39111111,48.90916667,78.93,38
20251031,49719,0655_6868,2.39416667,48.90916667,98.37,23
20251031,94717,0657_6868,2.41833333,48.90916667,72.21,23
20251031,145603,0659_6868,2.45166667,48.90916667,98.09,38
20251031,46086,0628_6869,2.02805556,48.90944444,109.83,23
20251031,149677,0632_6869,2.07472222,48.90944444,97.39,26
20251031,142240,0644_6868,2.24833333,48.90944444,63.74,38
20251031,187273,0645_6868,2.25638889,48.90944444,69.45,38
20251031,87972,0646_6868,2.27333333,48.90944444,81.97,38
20251031,94642,0650_6868,2.32055556,48.90944444,40.09,32
20251031,168617,0662_6868,2.48805556,48.90944444,79.17,17
20251031,176800,0665_6868,2.52694444,48.90944444,84.60,38
20251031,164832,0627_6869,2.00500000,48.90972222,161.97,23
20251031,48997,0628_6869,2.02944444,48.90972222,98.59,26
20251031,73826,0642_6869,2.21138889,48.90972222,58.89,26
20251031,49693,0643_6869,2.23444444,48.90972222,69.36,38
20251031,149903,0649_6868,2.30888889,48.90972222,59.35,17
20251031,132702,0651_6868,2.34388889,48.90972222,63.00,17
20251031,93873,0654_6868,2.37833333,48.90972222,62.11,17
20251031,95626,0655_6868,2.39805556,48.90972222,73.81,38
20251031,130329,0628_6869,2.02833333,48.91000000,104.56,23
20251031,103099,0651_6868,2.33388889,48.91000000,64.38,38
20251031,3059,0658_6868,2.43666667,48.91000000,71.05,38
20251031,168523,0663_6868,2.50805556,48.91000000,75.03,17
20251031,150791,0664_6868,2.50944444,48.91000000,74.46,38
20251031,94322,0646_6869,2.27638889,48.91027778,48.88,26
20251031,187089,0654_6868,2.37361111,48.91027778,60.42,38
20251031,160642,0654_6868,2.37833333,48.91027778,71.37,38
20251031,182208,0643_6869,2.22750000,48.91055556,68.57,38
20251031,116263,0645_6869,2.25361111,48.91055556,55.17,38
20251031,60287,0646_6869,2.27361111,48.91055556,69.11,38
20251031,72648,0647_6869,2.29027778,48.91055556,63.53,38
20251031,35871,0648_6869,2.29138889,48.91055556,68.94,38
20251031,77940,0653_6869,2.36833333,48.91055556,63.89,26
20251031,167441,0654_6869,2.38194444,48.91055556,90.97,38
20251031,192781,0657_6868,2.42694444,48.91055556,95.93,17
20251031,39158,0663_6868,2.50305556,48.91055556,85.31,38
20251031,78475,0673_6868,2.63861111,48.91055556,113.35,26
20251031,126482,0643_6869,2.23500000,48.91083333,61.34,38
20251031,76941,0651_6869,2.34472222,48.91083333,64.09,38
20251031,3221,0660_6869,2.45472222,48.91083333,73.18,38
20251031,133869,0671_6868,2.60722222,48.91083333,91.54,23
20251031,109408,0639_6869,2.17305556,48.91111111,63.98,17
20251031,66956,0646_6869,2.27055556,48.91111111,67.96,17
20251031,160866,0655_6869,2.38611111,48.91111111,72.47,38
20251031,63213,0669_6868,2.58333333,48.91111111,92.44,38
20251031,76942,0664_6869,2.51527778,48.91138889,90.31,38
20251031,24960,0667_6869,2.55027778,48.91138889,136.68,38
20251031,86830,0629_6869,2.03555556,48.91166667,81.28,42
20251031,187038,0643_6869,2.22416667,48.91166667,73.37,17
20251031,79607,0645_6869,2.25388889,48.91166667,69.03,38
20251031,188903,0651_6869,2.33305556,48.91166667,66.78,38
20251031,140000,0653_6869,2.36861111,48.91166667,68.55,17
20251031,121134,0655_6869,2.39972222,48.91166667,75.11,17
20251031,35281,0656_6869,2.41111111,48.91166667,87.26,38
20251031,156803,0662_6869,2.49361111,48.91166667,90.64,26
20251031,77936,0662_6869,2.49444444,48.91166667,70.46,17
20251031,62627,0643_6869,2.22416667,48.91194444,74.46,38
20251031,102425,0645_6869,2.26166667,48.91194444,49.43,32
20251031,100179,0647_6869,2.28166667,48.91194444,60.69,38
20251031,87036,0650_6869,2.32500000,48.91194444,60.06,17
20251031,122829,0652_6869,2.35222222,48.91194444,67.60,42
20251031,146840,0653_6869,2.36250000,48.91194444,57.06,17
20251031,142084,0641_6869,2.19722222,48.91222222,44.23,38
20251031,99561,0646_6869,2.27222222,48.91222222,65.05,38
20251031,19115,0649_6869,2.31472222,48.91222222,58.88,38
20251031,159271,0653_6869,2.36805556,48.91222222,75.11,38
20251031,190819,0655_6869,2.38750000,48.91222222,59.59,38
20251031,145375,0662_6869,2.49222222,48.91222222,77.72,26
20251031,95393,0643_6869,2.22305556,48.91250000,54.08,38
20251031,142038,0643_6869,2.23111111,48.91250000,62.63,17
20251031,181738,0646_6869,2.27222222,48.91250000,65.15,38
20251031,27373,0651_6869,2.33916667,48.91250000,76.44,38
20251031,192626,0655_6869,2.39194444,48.91250000,75.54,38
20251031,52287,0655_6869,2.39861111,48.91250000,78.80,38
20251031,116717,0657_6869,2.41500000,48.91250000,69.30,38
20251031,60703,0664_6869,2.52111111,48.91250000,87.95,38
20251031,123536,0661_6869,2.47777778,48.91277778,88.17,17
20251031,86764,0651_6869,2.33333333,48.91305556,78.28,38
20251031,116141,0651_6869,2.33361111,48.91305556,65.78,38
20251031,168096,0656_6869,2.40194444,48.91305556,72.40,38
20251031,173660,0658_6869,2.43305556,48.91305556,64.97,17
20251031,88208,0660_6869,2.46583333,48.91305556,67.85,38
20251031,91268,0644_6869,2.24055556,48.91333333,63.37,38
20251031,49861,0646_6869,2.27111111,48.91333333,66.32,38
20251031,182069,0648_6869,2.30305556,48.91333333,49.49,17
20251031,188902,0651_6869,2.33305556,48.91333333,61.85,38
20251031,114673,0651_6869,2.34472222,48.91333333,67.14,38
20251031,125421,0652_6869,2.35194444,48.91333333,67.90,23
20251031,46462,0654_6869,2.38194444,48.91333333,65.51,38
20251031,189516,0655_6869,2.39111111,48.91333333,58.92,38
20251031,13148,0658_6869,2.42722222,48.91333333,71.73,38
20251031,162332,0659_6869,2.44972222,48.91333333,67.17,38
20251031,39881,0661_6869,2.47777778,48.91333333,87.64,38
20251031,107668,0663_6869,2.49750000,48.91333333,82.18,26
20251031,116287,0665_6869,2.52944444,48.91333333,83.53,38
20251031,183102,0649_6869,2.30583333,48.91361111,68.33,17
20251031,71284,0651_6869,2.33166667,48.91361111,65.85,17
20251031,59793,0654_6869,2.38305556,48.91361111,72.83,17
20251031,98958,0657_6869,2.42305556,48.91361111,69.50,38
20251031,137603,0658_6869,2.43666667,48.91361111,96.12,38
20251031,150682,0658_6869,2.43888889,48.91361111,60.31,17
20251031,121091,0664_6869,2.51638889,48.91361111,80.29,38
20251031,157590,0669_6869,2.58555556,48.91361111,85.16,48
20251031,50893,0641_6869,2.19750000,48.91388889,55.81,38
20251031,154205,0642_6869,2.21861111,48.91388889,58.07,26
20251031,136084,0643_6869,2.22694444,48.91388889,84.50,38
20251031,97517,0645_6869,2.25722222,48.91388889,49.01,48
20251031,190567,0648_6869,2.29972222,48.91388889,59.99,38
20251031,151199,0650_6869,2.32527778,48.91388889,67.82,38
20251031,89545,0651_6869,2.34361111,48.91388889,61.66,38
20251031,98782,0654_6869,2.37694444,48.91388889,67.82,38
20251031,138307,0660_6869,2.46194444,48.91388889,67.68,23
20251031,84097,0680_6869,2.73111111,48.91388889,53.48,42
20251031,7805,0636_6869,2.13083333,48.91416667,63.24,26
20251031,147431,0636_6869,2.13111111,48.91416667,68.24,26
20251031,128177,0646_6869,2.27138889,48.91416667,45.81,17
20251031,72654,0647_6869,2.28055556,48.91416667,55.85,38
20251031,112437,0648_6869,2.29611111,48.91416667,44.80,38
20251031,48824,0648_6869,2.29916667,48.91416667,63.05,17
20251031,186966,0648_6869,2.30027778,48.91416667,57.23,38
20251031,42615,0655_6869,2.39416667,48.91416667,71.08,38
20251031,45714,0657_6869,2.42388889,48.91416667,84.11,38
20251031,84940,0661_6869,2.47833333,48.91416667,92.52,38
20251031,60615,0638_6869,2.16111111,48.91444444,88.46,23
20251031,137535,0644_6869,2.24861111,48.91444444,60.69,38
20251031,46183,0645_6869,2.26194444,48.91444444,67.71,38
20251031,132170,0647_6869,2.28722222,48.91444444,53.27,38
20251031,142717,0652_6869,2.34944444,48.91444444,67.05,17
20251031,128297,0654_6869,2.38361111,48.91444444,57.09,38
20251031,124600,0656_6869,2.40333333,48.91444444,68.06,38
20251031,164259,0657_6869,2.41388889,48.91444444,76.78,38
20251031,153213,0663_6869,2.50472222,48.91444444,67.79,38
20251031,185867,0665_6869,2.52805556,48.91444444,83.99,17
20251031,152877,0639_6869,2.17333333,48.91472222,78.58,38
20251031,139046,0643_6869,2.22611111,48.91472222,59.55,17
20251031,171872,0650_6869,2.32361111,48.91472222,69.38,38
20251031,27925,0652_6869,2.35583333,48.91472222,71.67,38
20251031,69458,0653_6869,2.36194444,48.91472222,48.83,17
20251031,69274,0656_6869,2.40250000,48.91472222,70.42,38
20251031,181893,0657_6869,2.41444444,48.91472222,61.61,17
20251031,142500,0641_6869,2.19555556,48.91500000,50.31,23
20251031,150491,0642_6869,2.21805556,48.91500000,58.87,26
20251031,37333,0644_6869,2.24694444,48.91500000,68.62,38
20251031,111314,0646_6869,2.27055556,48.91500000,41.50,32
20251031,151659,0652_6869,2.35833333,48.91500000,61.88,38
20251031,4725,0653_6869,2.36361111,48.91500000,63.97,38
20251031,12377,0659_6869,2.44694444,48.91500000,73.02,17
20251031,139114,0669_6869,2.57722222,48.91500000,82.11,39
20251031,26421,0632_6869,2.07777778,48.91527778,140.86,26
20251031,55834,0649_6869,2.30666667,48.91527778,62.10,38
20251031,149861,0656_6869,2.40916667,48.91527778,82.83,38
20251031,58823,0657_6869,2.42638889,48.91527778,69.00,38
20251031,83707,0661_6869,2.47861111,48.91527778,89.46,38
20251031,66798,0682_6869,2.75555556,48.91527778,89.34,23
20251031,177556,0652_6869,2.35305556,48.91555556,62.05,17
20251031,178893,0653_6869,2.36750000,48.91555556,56.96,38
20251031,39157,0653_6869,2.37222222,48.91555556,71.60,38
20251031,99152,0657_6869,2.42583333,48.91555556,62.92,23
20251031,45431,0659_6869,2.44138889,48.91555556,81.89,38
20251031,88255,0659_6869,2.44694444,48.91555556,66.22,38
20251031,17608,0677_6869,2.69361111,48.91555556,156.82,26
20251031,8222,0619_6869,1.90027778,48.91583333,262.67,24
20251031,167421,0639_6869,2.17638889,48.91583333,71.28,38
20251031,97963,0645_6869,2.25250000,48.91583333,67.00,38
20251031,89832,0646_6869,2.27638889,48.91583333,41.59,38
20251031,182901,0647_6869,2.27888889,48.91583333,50.92,38
20251031,180639,0651_6869,2.33250000,48.91583333,60.42,38
20251031,137071,0652_6869,2.34527778,48.91583333,61.89,38
20251031,46105,0655_6869,2.38916667,48.91583333,68.07,38
20251031,106166,0655_6869,2.39861111,48.91583333,76.76,38
20251031,155813,0662_6869,2.48944444,48.91583333,82.60,23
20251031,149840,0663_6869,2.50138889,48.91583333,81.35,26
20251031,42479,0625_6869,1.97972222,48.91611111,163.78,48
20251031,160124,0639_6869,2.17722222,48.91611111,71.18,38
20251031,165210,0646_6869,2.27194444,48.91611111,54.57,38
20251031,176576,0648_6869,2.29638889,48.91611111,74.87,38
20251031,155591,0652_6869,2.35805556,48.91611111,61.85,38
20251031,85297,0654_6869,2.38388889,48.91611111,54.13,38
20251031,38365,0657_6869,2.41583333,48.91611111,94.68,23
20251031,149164,0658_6869,2.42805556,48.91611111,75.15,42
20251031,192617,0664_6869,2.51722222,48.91611111,69.37,38
20251031,139113,0668_6869,2.57250000,48.91611111,90.19,17
20251031,35211,0647_6869,2.28250000,48.91638889,59.16,38
20251031,72652,0648_6869,2.29388889,48.91638889,57.70,38
20251031,56913,0651_6869,2.33750000,48.91638889,93.57,38
20251031,188870,0661_6869,2.47527778,48.91638889,66.53,38
20251031,99794,0667_6869,2.55416667,48.91638889,146.96,26
20251031,72992,0651_6869,2.33666667,48.91666667,81.35,38
20251031,94853,0659_6869,2.45361111,48.91666667,67.92,38
20251031,162778,0667_6869,2.55444444,48.91666667,156.05,23
20251031,174987,0645_6869,2.25222222,48.91694444,60.43,38
20251031,37230,0645_6869,2.26138889,48.91694444,58.11,38
20251031,178003,0651_6869,2.33583333,48.91694444,70.99,38
20251031,88913,0652_6869,2.34694444,48.91694444,56.69,23
20251031,107284,0653_6869,2.36861111,48.91694444,58.42,17
20251031,138849,0643_6869,2.22888889,48.91722222,61.90,17
20251031,75267,0646_6869,2.26694444,48.91722222,55.62,17
20251031,24748,0649_6869,2.30583333,48.91722222,74.84,38
20251031,124951,0655_6869,2.39138889,48.91722222,91.20,38
20251031,163133,0656_6869,2.40638889,48.91722222,62.52,38
20251031,175728,0661_6869,2.47916667,48.91722222,68.93,38
20251031,136096,0641_6869,2.20611111,48.91750000,58.92,26
20251031,178756,0643_6869,2.22888889,48.91750000,60.42,38
20251031,10644,0644_6869,2.23694444,48.91750000,62.91,38
20251031,80592,0653_6869,2.36861111,48.91750000,59.34,38
20251031,151081,0654_6869,2.37500000,48.91750000,55.39,38
20251031,66485,0658_6869,2.43527778,48.91750000,100.87,38
20251031,120911,0660_6869,2.45638889,48.91750000,67.17,17
20251031,34512,0643_6869,2.22805556,48.91777778,78.69,38
20251031,178030,0643_6869,2.22861111,48.91777778,59.88,38
20251031,175378,0653_6869,2.36361111,48.91777778,53.03,38
20251031,48548,0654_6869,2.38444444,48.91777778,68.90,38
20251031,89283,0658_6869,2.43416667,48.91777778,101.36,38
20251031,153021,0665_6869,2.53527778,48.91777778,86.37,38
20251031,153616,0629_6870,2.03777778,48.91805556,87.65,38
20251031,139812,0646_6869,2.27472222,48.91805556,58.89,17
20251031,180812,0648_6869,2.29750000,48.91805556,49.50,38
20251031,188714,0656_6869,2.40722222,48.91805556,63.15,17
20251031,94936,0659_6869,2.45055556,48.91805556,65.77,38
20251031,82620,0671_6869,2.60500000,48.91805556,87.47,17
20251031,7094,0682_6869,2.76000000,48.91805556,91.37,4
20251031,149930,0641_6869,2.20555556,48.91833333,61.83,26
20251031,133494,0648_6869,2.29222222,48.91833333,55.64,17
20251031,32193,0655_6869,2.39250000,48.91833333,93.79,38
20251031,189182,0656_6869,2.40000000,48.91833333,59.05,38
20251031,39879,0656_6869,2.40194444,48.91833333,75.60,38
20251031,172139,0657_6869,2.41777778,48.91833333,79.16,38
20251031,48636,0660_6869,2.46777778,48.91833333,97.74,38
20251031,182607,0670_6869,2.59444444,48.91833333,101.67,23
20251031,170870,0670_6869,2.59527778,48.91833333,102.62,23
20251031,82625,0671_6869,2.60500000,48.91833333,90.18,17
20251031,135944,0646_6869,2.27388889,48.91861111,59.12,38
20251031,187991,0647_6869,2.27972222,48.91861111,56.34,38
20251031,102899,0648_6869,2.29750000,48.91861111,53.01,38
20251031,77288,0651_6869,2.33222222,48.91861111,67.79,38
20251031,184118,0664_6869,2.52194444,48.91861111,73.06,38
20251031,135370,0657_6869,2.41805556,48.91888889,80.68,17
20251031,107249,0660_6869,2.46138889,48.91888889,104.33,38
20251031,111557,0660_6869,2.46666667,48.91888889,95.45,38
20251031,155372,0668_6869,2.57250000,48.91888889,115.32,26
20251031,50538,0672_6869,2.63111111,48.91888889,104.60,26
20251031,83150,0650_6870,2.32722222,48.91916667,90.40,17
20251031,176856,0654_6869,2.37833333,48.91916667,62.90,38
20251031,64926,0657_6869,2.41527778,48.91916667,69.84,38
20251031,48633,0663_6869,2.50000000,48.91916667,85.47,17
20251031,123173,0651_6870,2.34444444,48.91944444,53.14,38
20251031,123396,0654_6870,2.37916667,48.91944444,60.54,38
20251031,169313,0657_6869,2.42111111,48.91944444,55.41,17
20251031,44863,0648_6870,2.29055556,48.91972222,73.31,38
20251031,87020,0653_6870,2.36250000,48.91972222,86.99,17
20251031,100004,0653_6870,2.36611111,48.91972222,45.43,12
20251031,49725,0656_6870,2.41000000,48.91972222,64.26,38
20251031,5400,0628_6870,2.01972222,48.92000000,98.94,17
20251031,73092,0645_6870,2.25611111,48.92000000,65.36,38
20251031,166995,0656_6870,2.41027778,48.92000000,70.58,38
20251031,133275,0665_6869,2.52583333,48.92000000,77.29,38
20251031,160292,0629_6870,2.03333333,48.92027778,93.47,38
20251031,146459,0640_6870,2.18388889,48.92027778,54.26,17
20251031,170217,0650_6870,2.32916667,48.92027778,80.31,38
20251031,110546,0651_6870,2.34083333,48.92027778,63.38,38
20251031,119751,0656_6870,2.40027778,48.92027778,70.74,17
20251031,48549,0657_6870,2.42000000,48.92027778,80.43,38
20251031,95451,0628_6870,2.02416667,48.92055556,102.61,26
20251031,152030,0641_6870,2.19972222,48.92055556,44.84,38
20251031,178659,0644_6870,2.24333333,48.92055556,63.60,38
20251031,73091,0644_6870,2.24611111,48.92055556,81.30,38
20251031,184221,0646_6870,2.26583333,48.92055556,56.49,38
20251031,28523,0651_6870,2.34277778,48.92055556,77.40,17
20251031,3181,0653_6870,2.37055556,48.92055556,65.88,32
20251031,95303,0657_6870,2.42472222,48.92055556,62.97,23
20251031,161983,0659_6870,2.44583333,48.92055556,73.70,38
20251031,42617,0662_6870,2.49277778,48.92055556,63.82,17
20251031,152317,0666_6870,2.53861111,48.92055556,83.78,38
20251031,55989,0628_6870,2.02166667,48.92083333,111.52,38
20251031,61186,0645_6870,2.25250000,48.92083333,65.96,38
20251031,32485,0650_6870,2.31833333,48.92083333,64.43,38
20251031,114672,0655_6870,2.39666667,48.92083333,74.37,38
20251031,89450,0656_6870,2.41111111,48.92083333,64.59,38
20251031,137847,0658_6870,2.43527778,48.92083333,60.42,38
20251031,109866,0666_6870,2.54638889,48.92083333,110.59,38
20251031,176463,0626_6870,2.00305556,48.92111111,104.94,23
20251031,187934,0645_6870,2.25388889,48.92111111,63.26,38
20251031,102423,0645_6870,2.26138889,48.92111111,55.52,12
20251031,65838,0646_6870,2.27194444,48.92111111,57.38,38
20251031,154132,0648_6870,2.29444444,48.92111111,68.69,38
20251031,183677,0648_6870,2.29722222,48.92111111,57.61,17
20251031,177709,0658_6870,2.42833333,48.92111111,63.77,38
20251031,78043,0658_6870,2.43388889,48.92111111,64.44,38
20251031,4541,0641_6870,2.19722222,48.92138889,42.59,17
20251031,90838,0652_6870,2.35361111,48.92138889,77.20,17
20251031,95271,0653_6870,2.36472222,48.92138889,61.51,17
20251031,43627,0654_6870,2.38305556,48.92138889,63.35,38
20251031,45054,0656_6870,2.41194444,48.92138889,68.55,17
20251031,148104,0665_6870,2.53027778,48.92138889,80.15,38
20251031,175603,0667_6870,2.55138889,48.92138889,149.35,23
20251031,52983,0629_6870,2.03277778,48.92166667,94.36,38
20251031,184871,0641_6870,2.20055556,48.92166667,41.67,38
20251031,41184,0646_6870,2.27222222,48.92166667,65.86,38
20251031,2519,0650_6870,2.32527778,48.92166667,67.75,17
20251031,90837,0652_6870,2.35666667,48.92166667,76.28,17
20251031,89238,0652_6870,2.35750000,48.92166667,52.13,49
20251031,61253,0659_6870,2.44833333,48.92166667,65.92,38
20251031,173258,0659_6870,2.45250000,48.92166667,67.93,38
20251031,152575,0666_6870,2.54583333,48.92166667,110.98,38
20251031,53206,0667_6870,2.55111111,48.92166667,130.37,31
20251031,136277,0653_6870,2.36861111,48.92194444,41.84,42
20251031,140347,0654_6870,2.37388889,48.92194444,56.95,38
20251031,135474,0658_6870,2.42750000,48.92194444,58.89,32
20251031,25289,0679_6870,2.71666667,48.92194444,102.60,4
20251031,163490,0639_6870,2.17666667,48.92222222,56.20,38
20251031,3744,0645_6870,2.25277778,48.92222222,70.06,999999999
20251031,50726,0645_6870,2.25555556,48.92222222,94.37,17
20251031,184902,0647_6870,2.27833333,48.92222222,60.05,17
20251031,93161,0651_6870,2.34305556,48.92222222,61.99,38
20251031,101983,0652_6870,2.35138889,48.92222222,74.00,17
20251031,67103,0652_6870,2.35555556,48.92222222,57.73,42
20251031,67100,0652_6870,2.35666667,48.92222222,49.84,32
20251031,43764,0657_6870,2.42277778,48.92222222,89.76,38
20251031,47927,0659_6870,2.44638889,48.92222222,70.05,17
20251031,132535,0660_6870,2.45694444,48.92222222,79.19,38
20251031,74944,0666_6870,2.53666667,48.92222222,84.26,38
20251031,4418,0666_6870,2.54055556,48.92222222,87.52,17
20251031,180654,0644_6870,2.24944444,48.92250000,80.58,38
20251031,19114,0648_6870,2.29944444,48.92250000,56.83,38
20251031,158712,0649_6870,2.30694444,48.92250000,56.02,38
20251031,89239,0652_6870,2.35750000,48.92250000,49.25,12
20251031,160867,0659_6870,2.44083333,48.92250000,70.16,38
20251031,124952,0663_6870,2.50333333,48.92250000,77.13,17
20251031,160003,0663_6870,2.50361111,48.92250000,76.36,38
20251031,165146,0626_6870,2.00083333,48.92277778,106.57,23
20251031,22665,0629_6870,2.03805556,48.92277778,103.73,4
20251031,139047,0645_6870,2.25388889,48.92277778,52.06,17
20251031,85055,0647_6870,2.28222222,48.92277778,71.08,38
20251031,118852,0655_6870,2.39000000,48.92277778,64.02,38
20251031,133340,0642_6870,2.20861111,48.92305556,49.14,38
20251031,110572,0649_6870,2.31472222,48.92305556,70.87,26
20251031,115880,0656_6870,2.40583333,48.92305556,63.16,38
20251031,93031,0659_6870,2.44472222,48.92305556,71.85,38
20251031,191334,0660_6870,2.46583333,48.92305556,64.76,38
20251031,108823,0664_6870,2.51805556,48.92305556,81.19,38
20251031,166065,0629_6870,2.03500000,48.92333333,95.77,38
20251031,8876,0642_6870,2.21861111,48.92333333,74.96,38
20251031,135148,0644_6870,2.24111111,48.92333333,60.99,38
20251031,19612,0647_6870,2.28277778,48.92333333,53.79,38
20251031,179861,0651_6870,2.33527778,48.92333333,72.69,17
20251031,173070,0651_6870,2.33972222,48.92333333,71.26,38
20251031,175924,0653_6870,2.36055556,48.92333333,109.00,17
20251031,140672,0655_6870,2.39027778,48.92333333,68.68,26
20251031,193563,0658_6870,2.43944444,48.92333333,66.05,38
20251031,136677,0659_6870,2.44805556,48.92333333,86.47,38
20251031,90056,0640_6870,2.18583333,48.92361111,51.24,17
20251031,170218,0652_6870,2.34694444,48.92361111,60.39,17
20251031,175681,0652_6870,2.35527778,48.92361111,56.91,17
20251031,182626,0654_6870,2.37388889,48.92361111,58.28,26
20251031,2604,0654_6870,2.38555556,48.92361111,50.31,12
20251031,33705,0626_6870,2.00166667,48.92388889,100.49,26
20251031,79592,0626_6870,2.00194444,48.92388889,87.49,26
20251031,77975,0641_6870,2.20694444,48.92388889,53.32,38
20251031,116389,0643_6870,2.22277778,48.92388889,63.47,38
20251031,128011,0654_6870,2.38361111,48.92388889,47.93,42
20251031,56976,0660_6870,2.46694444,48.92388889,66.83,38
20251031,85286,0624_6870,1.96388889,48.92416667,133.30,26
20251031,87849,0640_6870,2.18638889,48.92416667,58.45,17
20251031,120674,0645_6870,2.26194444,48.92416667,54.00,38
20251031,28429,0648_6870,2.29416667,48.92416667,67.70,38
20251031,135482,0661_6870,2.47388889,48.92416667,64.33,38
20251031,165408,0666_6870,2.54250000,48.92416667,84.79,38
20251031,124628,0626_6870,2.00277778,48.92444444,83.40,17
20251031,189836,0646_6870,2.26777778,48.92444444,55.37,38
20251031,156160,0648_6870,2.30000000,48.92444444,57.64,38
20251031,166467,0653_6870,2.35861111,48.92444444,108.87,17
20251031,112145,0653_6870,2.35888889,48.92444444,108.83,17
20251031,65469,0653_6870,2.36027778,48.92444444,109.30,17
20251031,139973,0653_6870,2.36861111,48.92444444,61.32,17
20251031,4723,0657_6870,2.41527778,48.92444444,75.06,38
20251031,94276,0659_6870,2.44666667,48.92444444,85.51,38
20251031,95801,0664_6870,2.51916667,48.92444444,84.88,38
20251031,115059,0630_6870,2.04805556,48.92472222,95.50,38
20251031,181831,0637_6870,2.15222222,48.92472222,70.00,26
20251031,78055,0638_6870,2.15472222,48.92472222,67.30,26
20251031,79653,0640_6870,2.18333333,48.92472222,68.23,38
20251031,132019,0642_6870,2.21055556,48.92472222,53.16,38
20251031,17623,0645_6870,2.26250000,48.92472222,53.73,38
20251031,166463,0653_6870,2.36138889,48.92472222,109.06,17
20251031,151368,0657_6870,2.41444444,48.92472222,65.30,38
20251031,88253,0658_6870,2.43638889,48.92472222,66.24,38
20251031,75654,0638_6870,2.16083333,48.92500000,78.92,38
20251031,122918,0644_6870,2.23611111,48.92500000,73.91,17
20251031,86761,0648_6870,2.29388889,48.92500000,50.24,17
20251031,90462,0650_6870,2.32333333,48.92500000,54.81,38
20251031,191276,0653_6870,2.36416667,48.92500000,61.15,38
20251031,78255,0662_6870,2.48500000,48.92500000,69.45,38
20251031,140277,0665_6870,2.53361111,48.92500000,77.25,26
20251031,176784,0648_6870,2.29305556,48.92527778,115.44,38
20251031,26208,0651_6870,2.34027778,48.92527778,49.30,49
20251031,137072,0656_6870,2.40222222,48.92527778,52.59,17
20251031,160868,0658_6870,2.42916667,48.92527778,62.61,38
20251031,114330,0662_6870,2.48277778,48.92527778,73.20,38
20251031,54740,0664_6870,2.52083333,48.92527778,75.14,17
20251031,138850,0666_6870,2.54666667,48.92527778,89.62,17
20251031,117201,0640_6870,2.18638889,48.92555556,46.41,17
20251031,78558,0644_6870,2.24388889,48.92555556,54.37,38
20251031,193311,0649_6870,2.30611111,48.92555556,59.16,17
20251031,184350,0650_6870,2.32972222,48.92555556,57.61,17
20251031,146863,0652_6870,2.34944444,48.92555556,53.56,17
20251031,166470,0653_6870,2.36000000,48.92555556,108.70,17
20251031,66487,0653_6870,2.37055556,48.92555556,67.90,38
20251031,86296,0679_6870,2.71361111,48.92555556,105.34,26
20251031,169387,0630_6870,2.05138889,48.92583333,83.48,38
20251031,166456,0644_6870,2.24638889,48.92583333,50.76,38
20251031,55136,0645_6870,2.26250000,48.92583333,51.93,38
20251031,119809,0648_6870,2.29083333,48.92583333,48.59,17
20251031,145672,0653_6870,2.37166667,48.92583333,61.10,38
20251031,143088,0643_6870,2.22555556,48.92611111,53.19,26
20251031,154164,0647_6870,2.28583333,48.92611111,66.80,38
20251031,99559,0650_6870,2.32861111,48.92611111,58.62,17
20251031,177164,0651_6870,2.34250000,48.92611111,57.91,17
20251031,67106,0651_6870,2.34388889,48.92611111,56.75,38
20251031,81088,0655_6870,2.39666667,48.92611111,44.94,32
20251031,182199,0664_6870,2.52055556,48.92611111,84.07,38
20251031,154449,0648_6870,2.30250000,48.92638889,53.60,38
20251031,66490,0652_6870,2.35222222,48.92638889,59.33,38
20251031,182800,0652_6870,2.35527778,48.92638889,72.66,38
20251031,29626,0660_6870,2.46000000,48.92638889,80.17,38
20251031,73090,0644_6870,2.24722222,48.92666667,60.63,38
20251031,81192,0648_6870,2.29111111,48.92666667,47.04,38
20251031,156161,0655_6870,2.39194444,48.92666667,64.63,38
20251031,138048,0662_6870,2.49222222,48.92666667,73.36,38
20251031,138049,0662_6870,2.49250000,48.92666667,71.86,38
20251031,45953,0648_6870,2.29527778,48.92694444,45.50,38
20251031,182749,0658_6870,2.42916667,48.92694444,61.17,38
20251031,42613,0661_6870,2.47388889,48.92694444,89.74,38
20251031,3885,0661_6870,2.47527778,48.92694444,90.83,38
20251031,190650,0681_6870,2.74194444,48.92694444,80.61,23
20251031,90404,0637_6871,2.14472222,48.92722222,40.05,17
20251031,20598,0640_6871,2.18972222,48.92722222,57.46,38
20251031,85761,0656_6870,2.41277778,48.92722222,71.28,26
20251031,118810,0661_6870,2.47472222,48.92722222,90.73,38
20251031,129431,0630_6871,2.05083333,48.92750000,73.19,38
20251031,4329,0640_6871,2.19333333,48.92750000,57.32,38
20251031,152872,0644_6870,2.24777778,48.92750000,82.12,38
20251031,24938,0647_6870,2.28027778,48.92750000,66.52,38
20251031,97272,0640_6871,2.19250000,48.92777778,58.34,17
20251031,135637,0640_6871,2.19388889,48.92777778,60.34,38
20251031,140940,0642_6871,2.21611111,48.92777778,58.22,17
20251031,142083,0649_6870,2.31111111,48.92777778,55.67,26
20251031,170659,0652_6870,2.35138889,48.92777778,72.29,17
20251031,88250,0665_6870,2.53444444,48.92777778,76.55,38
20251031,46404,0666_6870,2.53861111,48.92777778,81.32,17
20251031,39154,0666_6870,2.53888889,48.92777778,82.32,38
20251031,73089,0645_6871,2.25500000,48.92805556,51.93,38
20251031,55133,0647_6871,2.27833333,48.92805556,71.29,38
20251031,159400,0648_6871,2.29166667,48.92805556,54.21,17
20251031,92060,0654_6870,2.38305556,48.92805556,77.48,38
20251031,100960,0655_6870,2.39250000,48.92805556,84.54,38
20251031,97924,0656_6870,2.40861111,48.92805556,54.28,23
20251031,37475,0657_6870,2.41527778,48.92805556,76.77,23
20251031,46142,0658_6870,2.42777778,48.92805556,73.90,38
20251031,56644,0664_6870,2.50972222,48.92805556,83.30,38
20251031,106165,0664_6870,2.51027778,48.92805556,71.20,38
20251031,174988,0666_6870,2.54333333,48.92805556,86.83,38
20251031,69116,0625_6871,1.98722222,48.92833333,123.19,26
20251031,129673,0629_6871,2.03916667,48.92833333,39.33,17
20251031,173991,0637_6871,2.14388889,48.92833333,48.56,17
20251031,173456,0637_6871,2.14472222,48.92833333,40.22,17
20251031,58283,0640_6871,2.18527778,48.92833333,63.24,38
20251031,137498,0653_6871,2.36555556,48.92833333,48.40,38
20251031,76940,0658_6870,2.43694444,48.92833333,72.83,38
20251031,48552,0662_6870,2.48250000,48.92833333,72.07,17
20251031,101285,0627_6871,2.01416667,48.92861111,46.34,23
20251031,72421,0646_6871,2.27333333,48.92861111,71.28,38
20251031,166857,0650_6871,2.33111111,48.92861111,44.20,49
20251031,81797,0651_6871,2.34083333,48.92861111,56.62,38
20251031,35282,0653_6871,2.36861111,48.92861111,56.88,38
20251031,37465,0658_6871,2.42777778,48.92861111,80.53,38
20251031,176882,0658_6870,2.43527778,48.92861111,66.43,38
20251031,4194,0666_6870,2.54166667,48.92861111,77.75,38
20251031,51070,0630_6871,2.04555556,48.92888889,49.50,17
20251031,185438,0637_6871,2.14527778,48.92888889,43.98,17
20251031,140970,0642_6871,2.21472222,48.92888889,42.46,17
20251031,158013,0645_6871,2.25388889,48.92888889,75.63,38
20251031,144097,0651_6871,2.34027778,48.92888889,55.45,38
20251031,39876,0658_6871,2.43555556,48.92888889,69.82,38
20251031,167674,0652_6871,2.35444444,48.92916667,59.89,17
20251031,191491,0657_6871,2.41916667,48.92916667,64.49,38
20251031,48632,0667_6870,2.55861111,48.92916667,118.47,23
20251031,123902,0673_6870,2.64361111,48.92916667,177.82,23
20251031,94970,0642_6871,2.21416667,48.92944444,64.09,38
20251031,20740,0653_6871,2.36138889,48.92944444,43.11,49
20251031,151851,0655_6871,2.39500000,48.92944444,48.14,38
20251031,109867,0666_6871,2.54666667,48.92944444,75.91,17
20251031,192350,0640_6871,2.19444444,48.92972222,56.92,38
20251031,73086,0646_6871,2.26777778,48.92972222,57.84,38
20251031,143875,0650_6871,2.32944444,48.92972222,60.83,17
20251031,76018,0652_6871,2.35527778,48.92972222,65.24,17
20251031,187234,0653_6871,2.36555556,48.92972222,55.38,17
20251031,136278,0657_6871,2.41666667,48.92972222,48.31,42
20251031,138498,0659_6871,2.44694444,48.92972222,71.77,23
20251031,166806,0664_6871,2.51638889,48.92972222,72.59,38
20251031,7168,0650_6871,2.32527778,48.93000000,42.35,42
20251031,5486,0659_6871,2.44611111,48.93000000,65.50,26
20251031,123475,0638_6871,2.16305556,48.93027778,58.93,38
20251031,131542,0643_6871,2.23111111,48.93027778,47.21,17
20251031,134186,0646_6871,2.27138889,48.93027778,50.04,38
20251031,104290,0659_6871,2.44500000,48.93027778,66.26,23
20251031,66738,0660_6871,2.45611111,48.93027778,65.86,38
20251031,150111,0665_6871,2.52750000,48.93027778,64.71,26
20251031,142054,0643_6871,2.22250000,48.93055556,51.54,38
20251031,75454,0643_6871,2.23166667,48.93055556,50.39,38
20251031,45084,0650_6871,2.32111111,48.93055556,61.96,26
20251031,80892,0652_6871,2.35833333,48.93055556,55.42,17
20251031,160937,0655_6871,2.38638889,48.93055556,65.20,17
20251031,66146,0655_6871,2.38666667,48.93055556,65.20,38
20251031,138739,0658_6871,2.42944444,48.93055556,78.89,38
20251031,105367,0660_6871,2.45416667,48.93055556,69.30,38
20251031,81529,0662_6871,2.48722222,48.93055556,75.67,17
20251031,112211,0665_6871,2.52750000,48.93055556,64.64,38
20251031,104637,0666_6871,2.54000000,48.93055556,77.82,17
20251031,149776,0630_6871,2.05694444,48.93083333,83.64,38
20251031,32618,0645_6871,2.25916667,48.93083333,51.84,38
20251031,173828,0648_6871,2.29472222,48.93083333,48.77,17
20251031,46854,0649_6871,2.31277778,48.93083333,55.13,23
20251031,85708,0652_6871,2.35833333,48.93083333,54.42,38
20251031,146029,0641_6871,2.20444444,48.93111111,70.89,38
20251031,46749,0642_6871,2.21333333,48.93111111,63.99,38
20251031,163819,0643_6871,2.22277778,48.93111111,53.96,38
20251031,192214,0645_6871,2.25361111,48.93111111,61.18,38
20251031,139030,0646_6871,2.26416667,48.93111111,45.61,38
20251031,173938,0655_6871,2.39388889,48.93111111,65.97,38
20251031,128012,0658_6871,2.43111111,48.93111111,74.62,42
20251031,97925,0661_6871,2.46972222,48.93111111,58.52,23
20251031,110205,0629_6871,2.03916667,48.93138889,44.82,38
20251031,54330,0662_6871,2.48611111,48.93138889,79.58,38
20251031,134235,0667_6871,2.55500000,48.93138889,86.49,38
20251031,29158,0629_6871,2.04444444,48.93166667,75.06,38
20251031,166452,0640_6871,2.18388889,48.93166667,66.01,38
20251031,65405,0652_6871,2.35305556,48.93166667,58.26,38
20251031,67104,0654_6871,2.38194444,48.93166667,86.07,38
20251031,56872,0661_6871,2.47666667,48.93166667,68.52,26
20251031,118737,0662_6871,2.49361111,48.93166667,64.93,17
20251031,4981,0664_6871,2.51805556,48.93166667,63.04,17
20251031,172541,0644_6871,2.24611111,48.93194444,45.89,38
20251031,192451,0646_6871,2.27472222,48.93194444,71.26,38
20251031,162653,0650_6871,2.32833333,48.93194444,58.68,38
20251031,67105,0653_6871,2.36750000,48.93194444,63.56,38
20251031,56077,0657_6871,2.42194444,48.93194444,81.26,38
20251031,128015,0664_6871,2.51305556,48.93194444,72.58,42
20251031,170350,0647_6871,2.28750000,48.93222222,62.28,38
20251031,124207,0649_6871,2.31583333,48.93222222,53.71,23
20251031,149937,0655_6871,2.39888889,48.93222222,70.08,38
20251031,48547,0656_6871,2.41055556,48.93222222,61.05,38
20251031,128013,0661_6871,2.47777778,48.93222222,58.41,42
20251031,6019,0664_6871,2.51222222,48.93222222,75.66,23
20251031,94268,0667_6871,2.55777778,48.93222222,92.67,38
20251031,159629,0647_6871,2.28166667,48.93250000,45.41,38
20251031,79149,0647_6871,2.28888889,48.93250000,62.62,17
20251031,132147,0652_6871,2.35055556,48.93250000,55.76,38
20251031,126050,0660_6871,2.46000000,48.93250000,58.58,23
20251031,104799,0662_6871,2.49416667,48.93250000,71.27,38
20251031,181627,0641_6871,2.20166667,48.93277778,64.71,38
20251031,12551,0646_6871,2.27638889,48.93277778,62.29,38
20251031,28422,0648_6871,2.30000000,48.93277778,68.78,38
20251031,2589,0653_6871,2.37055556,48.93277778,70.79,23
20251031,91449,0655_6871,2.39805556,48.93277778,67.82,38
20251031,93973,0656_6871,2.39972222,48.93277778,54.06,38
20251031,177660,0657_6871,2.42388889,48.93277778,66.57,38
20251031,45659,0659_6871,2.44694444,48.93277778,66.22,26
20251031,144888,0663_6871,2.49750000,48.93277778,64.36,17
20251031,102129,0624_6871,1.97055556,48.93305556,127.37,26
20251031,121831,0626_6871,1.99250000,48.93305556,108.92,48
20251031,126609,0629_6871,2.04111111,48.93305556,32.92,17
20251031,169853,0637_6871,2.15138889,48.93305556,50.22,38
20251031,132798,0637_6871,2.15250000,48.93305556,44.94,38
20251031,49863,0648_6871,2.30000000,48.93305556,66.78,38
20251031,45828,0651_6871,2.33861111,48.93305556,63.87,38
20251031,39340,0655_6871,2.39750000,48.93305556,65.56,38
20251031,95300,0638_6871,2.16333333,48.93333333,58.08,23
20251031,115799,0639_6871,2.17694444,48.93333333,58.69,17
20251031,121137,0644_6871,2.23694444,48.93333333,50.15,23
20251031,192218,0645_6871,2.25444444,48.93333333,65.55,17
20251031,160643,0655_6871,2.39166667,48.93333333,64.28,38
20251031,165386,0656_6871,2.40416667,48.93333333,57.37,17
20251031,128105,0639_6871,2.17638889,48.93361111,70.16,26
20251031,142744,0639_6871,2.17694444,48.93361111,71.79,26
20251031,94001,0639_6871,2.17805556,48.93361111,71.39,26
20251031,112688,0649_6871,2.30722222,48.93361111,44.81,17
20251031,144895,0654_6871,2.37611111,48.93361111,52.65,17
20251031,132992,0654_6871,2.37638889,48.93361111,62.45,17
20251031,121494,0659_6871,2.44166667,48.93361111,66.20,17
20251031,134877,0663_6871,2.50305556,48.93361111,63.29,38
20251031,126611,0638_6871,2.16222222,48.93388889,50.27,17
20251031,142043,0641_6871,2.20083333,48.93388889,69.00,38
20251031,54944,0645_6871,2.25805556,48.93388889,47.66,38
20251031,126051,0652_6871,2.34583333,48.93388889,58.44,23
20251031,139999,0653_6871,2.36972222,48.93388889,59.90,17
20251031,134783,0656_6871,2.41222222,48.93388889,66.45,26
20251031,83235,0656_6871,2.41305556,48.93388889,68.40,26
20251031,173902,0661_6871,2.47333333,48.93388889,61.86,38
20251031,88256,0663_6871,2.49638889,48.93388889,68.27,38
20251031,138646,0664_6871,2.51111111,48.93388889,78.17,38
20251031,167013,0666_6871,2.53666667,48.93388889,72.86,38
20251031,188441,0669_6871,2.58722222,48.93388889,116.78,23
20251031,106163,0629_6871,2.04111111,48.93416667,44.60,17
20251031,91530,0630_6871,2.04500000,48.93416667,49.19,17
20251031,169771,0642_6871,2.21500000,48.93416667,60.69,38
20251031,65667,0653_6871,2.37166667,48.93416667,71.28,38
20251031,10843,0655_6871,2.38777778,48.93416667,48.34,49
20251031,126086,0629_6871,2.04416667,48.93444444,47.57,23
20251031,180746,0638_6871,2.16305556,48.93444444,55.57,38
20251031,96642,0645_6871,2.25888889,48.93444444,48.25,38
20251031,140446,0645_6871,2.25916667,48.93444444,51.25,17
20251031,84219,0650_6871,2.32833333,48.93444444,60.51,38
20251031,188062,0652_6871,2.34972222,48.93444444,66.94,38
20251031,185977,0665_6871,2.53000000,48.93444444,72.60,38
20251031,102939,0652_6871,2.34611111,48.93472222,51.87,17
20251031,125502,0654_6871,2.38527778,48.93472222,64.00,26
20251031,160634,0657_6871,2.41527778,48.93472222,68.94,26
20251031,104077,0657_6871,2.42500000,48.93472222,61.62,17
20251031,90182,0664_6871,2.51361111,48.93472222,95.23,38
20251031,135419,0666_6871,2.53666667,48.93472222,74.29,17
20251031,117350,0644_6871,2.24194444,48.93500000,49.06,17
20251031,172451,0650_6871,2.32861111,48.93500000,58.50,38
20251031,104654,0650_6871,2.32916667,48.93500000,67.46,38
20251031,141984,0652_6871,2.34861111,48.93500000,63.35,17
20251031,152854,0652_6871,2.35555556,48.93500000,50.91,17
20251031,116843,0652_6871,2.35611111,48.93500000,49.49,17
20251031,4786,0656_6871,2.41305556,48.93500000,65.66,17
20251031,72287,0669_6871,2.57722222,48.93500000,96.37,38
20251031,188719,0643_6871,2.23138889,48.93527778,44.43,38
20251031,115103,0651_6871,2.33527778,48.93527778,83.09,38
20251031,98492,0658_6871,2.43527778,48.93527778,68.66,26
20251031,41186,0669_6871,2.57694444,48.93527778,90.25,38
20251031,70828,0672_6871,2.62277778,48.93527778,116.91,23
20251031,84200,0630_6872,2.05194444,48.93555556,61.07,23
20251031,128298,0660_6871,2.46111111,48.93555556,63.07,38
20251031,156676,0664_6871,2.52111111,48.93555556,72.09,38
20251031,39152,0669_6871,2.57694444,48.93555556,93.25,38
20251031,152511,0628_6872,2.02333333,48.93583333,43.11,26
20251031,68005,0638_6871,2.15944444,48.93583333,64.24,17
20251031,178665,0644_6871,2.24111111,48.93583333,49.00,38
20251031,66800,0648_6871,2.29222222,48.93583333,58.78,38
20251031,45660,0664_6871,2.51472222,48.93583333,83.94,38
20251031,126057,0665_6871,2.53416667,48.93583333,79.87,23
20251031,91324,0669_6871,2.57750000,48.93583333,93.82,38
20251031,141944,0678_6871,2.70000000,48.93583333,107.35,23
20251031,73583,0643_6871,2.22750000,48.93611111,49.58,38
20251031,157680,0643_6871,2.22833333,48.93611111,67.97,26
20251031,186342,0651_6871,2.33972222,48.93611111,47.68,38
20251031,89834,0652_6871,2.34750000,48.93611111,49.69,38
20251031,113190,0663_6871,2.49500000,48.93611111,75.92,17
20251031,98000,0649_6871,2.30750000,48.93638889,56.88,23
20251031,64916,0652_6871,2.34888889,48.93638889,62.38,38
20251031,84197,0628_6872,2.02361111,48.93666667,48.58,23
20251031,188685,0638_6872,2.15666667,48.93666667,45.70,38
20251031,14899,0653_6871,2.37027778,48.93666667,77.15,38
20251031,179876,0658_6871,2.43444444,48.93666667,86.62,38
20251031,115057,0664_6871,2.51388889,48.93666667,81.51,38
20251031,60023,0672_6871,2.63027778,48.93666667,114.44,26
20251031,109733,0636_6872,2.13472222,48.93694444,56.81,38
20251031,20119,0641_6872,2.20472222,48.93694444,87.31,38
20251031,172177,0651_6871,2.34416667,48.93694444,56.10,17
20251031,103419,0660_6871,2.45888889,48.93694444,65.94,17
20251031,192465,0651_6872,2.34416667,48.93722222,57.10,38
20251031,77932,0658_6871,2.42833333,48.93722222,65.95,38
20251031,123535,0660_6871,2.46250000,48.93722222,64.20,17
20251031,189701,0680_6871,2.72861111,48.93722222,74.22,23
20251031,163818,0642_6872,2.21444444,48.93750000,57.15,38
20251031,99274,0646_6872,2.26361111,48.93750000,46.78,26
20251031,165583,0653_6872,2.36000000,48.93750000,59.41,38
20251031,49721,0663_6871,2.50333333,48.93750000,78.47,38
20251031,178448,0642_6872,2.21194444,48.93777778,79.96,26
20251031,156114,0653_6872,2.36222222,48.93777778,56.86,17
20251031,58547,0654_6872,2.37277778,48.93777778,67.47,38
20251031,187498,0657_6872,2.41861111,48.93777778,58.99,23
20251031,163763,0660_6872,2.46111111,48.93777778,70.03,38
20251031,138879,0665_6871,2.52944444,48.93777778,72.95,17
20251031,128467,0665_6871,2.53416667,48.93777778,105.52,38
20251031,37409,0670_6871,2.59166667,48.93777778,84.14,23
20251031,167455,0631_6872,2.05916667,48.93805556,59.70,38
20251031,79481,0631_6872,2.05944444,48.93805556,60.15,38
20251031,10346,0639_6872,2.18055556,48.93805556,78.35,38
20251031,133558,0653_6872,2.36111111,48.93805556,57.48,38
20251031,168552,0654_6872,2.37583333,48.93805556,68.47,38
20251031,185887,0658_6872,2.43638889,48.93805556,79.02,23
20251031,4798,0662_6872,2.48777778,48.93805556,58.99,38
20251031,173075,0671_6871,2.60638889,48.93805556,95.62,17
20251031,165407,0671_6871,2.60666667,48.93805556,99.76,38
20251031,4638,0671_6871,2.60777778,48.93805556,97.25,38
20251031,190913,0631_6872,2.05916667,48.93833333,62.30,38
20251031,76935,0657_6872,2.41583333,48.93833333,54.66,32
20251031,54269,0640_6872,2.18638889,48.93861111,69.28,38
20251031,39880,0658_6872,2.42888889,48.93861111,70.23,38
20251031,39161,0661_6872,2.48027778,48.93861111,71.49,26
20251031,85296,0665_6872,2.53111111,48.93861111,74.43,38
20251031,165787,0670_6872,2.59611111,48.93861111,91.00,26
20251031,170144,0649_6872,2.30916667,48.93888889,51.19,23
20251031,45329,0650_6872,2.32472222,48.93888889,68.78,38
20251031,89833,0652_6872,2.34972222,48.93888889,51.83,38
20251031,94584,0659_6872,2.44555556,48.93888889,68.63,26
20251031,174366,0642_6872,2.21694444,48.93916667,47.83,38
20251031,77115,0646_6872,2.27222222,48.93916667,68.66,31
20251031,5000,0659_6872,2.44777778,48.93916667,53.12,38
20251031,83858,0661_6872,2.47361111,48.93916667,69.37,38
20251031,128728,0672_6872,2.63000000,48.93916667,99.80,24
20251031,138218,0641_6872,2.20472222,48.93944444,57.68,38
20251031,169725,0644_6872,2.24750000,48.93944444,71.83,38
20251031,141426,0649_6872,2.30861111,48.93944444,60.78,38
20251031,149536,0660_6872,2.45555556,48.93944444,64.29,38
20251031,176574,0664_6872,2.51972222,48.93944444,72.03,38
20251031,26086,0623_6872,1.95250000,48.93972222,136.75,23
20251031,89234,0630_6872,2.04611111,48.93972222,49.33,17
20251031,70128,0643_6872,2.22777778,48.93972222,58.45,38
20251031,113588,0652_6872,2.35444444,48.93972222,67.49,38
20251031,39680,0658_6872,2.43666667,48.93972222,73.40,26
20251031,174436,0670_6872,2.59472222,48.93972222,86.77,23
20251031,9228,0627_6872,2.01500000,48.94000000,44.78,38
20251031,124985,0630_6872,2.04638889,48.94000000,66.95,17
20251031,141180,0643_6872,2.23527778,48.94000000,58.70,38
20251031,134122,0650_6872,2.32805556,48.94000000,70.70,38
20251031,162652,0650_6872,2.32861111,48.94000000,70.11,38
20251031,190739,0652_6872,2.34555556,48.94000000,55.45,38
20251031,184361,0660_6872,2.46222222,48.94000000,65.75,38
20251031,12264,0661_6872,2.47194444,48.94000000,84.34,38
20251031,6626,0671_6872,2.61722222,48.94000000,76.10,17
20251031,4829,0639_6872,2.16777778,48.94027778,57.55,38
20251031,149100,0642_6872,2.22166667,48.94027778,55.91,38
20251031,141427,0649_6872,2.30750000,48.94027778,47.37,38
20251031,38733,0652_6872,2.35055556,48.94027778,52.33,38
20251031,48929,0659_6872,2.44527778,48.94027778,70.87,26
20251031,89597,0629_6872,2.04027778,48.94055556,43.18,17
20251031,166079,0635_6872,2.12138889,48.94055556,92.09,4
20251031,77765,0660_6872,2.45611111,48.94055556,66.52,17
20251031,60627,0661_6872,2.47111111,48.94055556,84.49,38
20251031,37036,0678_6872,2.70444444,48.94055556,92.34,23
20251031,40114,0650_6872,2.32972222,48.94083333,81.37,38
20251031,24964,0654_6872,2.37416667,48.94083333,45.48,38
20251031,154348,0654_6872,2.38416667,48.94083333,66.45,38
20251031,10846,0617_6872,1.87138889,48.94111111,213.72,48
20251031,101283,0631_6872,2.05805556,48.94111111,49.53,23
20251031,181225,0640_6872,2.19333333,48.94111111,78.30,38
20251031,68720,0648_6872,2.29472222,48.94111111,59.75,38
20251031,152178,0653_6872,2.36555556,48.94111111,63.12,38
20251031,183413,0653_6872,2.36916667,48.94111111,47.06,38
20251031,66491,0654_6872,2.37416667,48.94111111,46.68,38
20251031,104042,0663_6872,2.49583333,48.94111111,62.61,17
20251031,75655,0641_6872,2.19777778,48.94138889,71.12,38
20251031,73591,0644_6872,2.23722222,48.94138889,61.54,38
20251031,164470,0663_6872,2.50000000,48.94138889,68.06,38
20251031,136605,0638_6872,2.16361111,48.94166667,53.10,38
20251031,150739,0638_6872,2.16472222,48.94166667,51.97,38
20251031,70130,0644_6872,2.24861111,48.94166667,62.99,38
20251031,138107,0648_6872,2.30333333,48.94166667,62.52,23
20251031,116737,0650_6872,2.32194444,48.94166667,42.89,17
20251031,102927,0656_6872,2.41250000,48.94166667,67.35,26
20251031,77938,0658_6872,2.42972222,48.94166667,48.59,32
20251031,139475,0664_6872,2.52138889,48.94166667,73.79,38
20251031,127372,0673_6872,2.64416667,48.94166667,92.99,26
20251031,73499,0617_6872,1.87055556,48.94194444,210.85,48
20251031,64959,0620_6872,1.91861111,48.94194444,164.38,23
20251031,161502,0644_6872,2.24444444,48.94194444,55.42,38
20251031,3540,0661_6872,2.46888889,48.94194444,70.03,999999999
20251031,3751,0662_6872,2.49027778,48.94194444,87.56,999999999
20251031,48993,0629_6872,2.03222222,48.94222222,53.94,38
20251031,144078,0640_6872,2.19444444,48.94222222,78.81,38
20251031,162701,0652_6872,2.35333333,48.94222222,89.72,17
20251031,172962,0654_6872,2.38194444,48.94222222,88.23,38
20251031,45655,0665_6872,2.53055556,48.94222222,87.82,23
20251031,167812,0668_6872,2.57194444,48.94222222,74.36,38
20251031,4639,0669_6872,2.58138889,48.94222222,89.52,26
20251031,183024,0653_6872,2.35888889,48.94250000,71.75,38
20251031,4542,0662_6872,2.48194444,48.94250000,54.60,17
20251031,177350,0628_6872,2.02638889,48.94277778,50.80,17
20251031,3976,0629_6872,2.03138889,48.94277778,59.89,38
20251031,149859,0640_6872,2.18777778,48.94277778,71.76,38
20251031,129072,0654_6872,2.37972222,48.94277778,50.15,38
20251031,189817,0664_6872,2.51833333,48.94277778,89.98,38
20251031,189472,0642_6872,2.21361111,48.94305556,68.12,38
20251031,96346,0657_6872,2.42638889,48.94305556,56.82,17
20251031,96345,0658_6872,2.42805556,48.94305556,62.17,17
20251031,6764,0663_6872,2.49611111,48.94305556,85.65,17
20251031,28609,0645_6872,2.25138889,48.94333333,66.16,38
20251031,163213,0649_6872,2.30583333,48.94333333,53.57,17
20251031,121258,0652_6872,2.34722222,48.94333333,49.69,26
20251031,33282,0663_6872,2.49555556,48.94333333,89.65,38
20251031,4546,0669_6872,2.59027778,48.94333333,70.48,17
20251031,182653,0671_6872,2.61555556,48.94333333,70.28,38
20251031,140808,0639_6872,2.18055556,48.94361111,82.93,38
20251031,3419,0644_6872,2.24111111,48.94361111,66.81,999999999
20251031,183224,0650_6872,2.32555556,48.94361111,56.07,38
20251031,173759,0654_6872,2.37416667,48.94361111,49.28,23
20251031,3752,0660_6872,2.46527778,48.94361111,74.43,999999999
20251031,168748,0664_6872,2.51277778,48.94361111,77.12,26
20251031,76943,0664_6872,2.51750000,48.94361111,89.96,38
20251031,156937,0683_6872,2.77305556,48.94361111,100.20,4
20251031,109861,0629_6872,2.03416667,48.94388889,47.92,17
20251031,61345,0639_6872,2.18083333,48.94388889,90.60,38
20251031,169873,0657_6872,2.42527778,48.94388889,59.24,38
20251031,89591,0658_6872,2.42777778,48.94388889,62.28,17
20251031,165454,0658_6872,2.42888889,48.94388889,57.36,17
20251031,97758,0663_6872,2.49583333,48.94388889,88.67,38
20251031,64966,0652_6872,2.34888889,48.94416667,83.77,38
20251031,164942,0662_6872,2.48194444,48.94416667,64.39,38
20251031,128014,0668_6872,2.56694444,48.94416667,72.24,42
20251031,186125,0637_6872,2.14333333,48.94444444,54.90,38
20251031,71521,0642_6872,2.21638889,48.94444444,60.74,38
20251031,99916,0658_6872,2.43166667,48.94444444,66.32,17
20251031,188953,0661_6872,2.47138889,48.94444444,66.73,17
20251031,153405,0641_6872,2.20055556,48.94472222,91.49,38
20251031,93516,0643_6872,2.23083333,48.94472222,96.48,38
20251031,73580,0645_6872,2.25083333,48.94472222,84.25,38
20251031,182512,0655_6872,2.39861111,48.94472222,56.05,26
20251031,191397,0658_6872,2.42750000,48.94472222,55.37,17
20251031,135897,0658_6872,2.42916667,48.94472222,61.08,38
20251031,99484,0671_6872,2.60722222,48.94472222,93.35,23
20251031,165123,0672_6872,2.62361111,48.94472222,86.73,23
20251031,19841,0641_6872,2.20138889,48.94500000,112.48,38
20251031,70131,0645_6872,2.24944444,48.94500000,82.79,38
20251031,95425,0658_6872,2.43111111,48.94500000,61.62,17
20251031,182832,0659_6872,2.44833333,48.94500000,84.13,17
20251031,56912,0671_6872,2.60777778,48.94500000,84.01,38
20251031,99277,0642_6872,2.21111111,48.94527778,68.89,23
20251031,4760,0643_6872,2.23305556,48.94527778,77.85,38
20251031,191730,0645_6872,2.25694444,48.94527778,56.46,17
20251031,147509,0647_6872,2.28861111,48.94527778,60.59,23
20251031,108913,0650_6872,2.31777778,48.94527778,59.20,23
20251031,193233,0658_6872,2.43583333,48.94527778,67.39,38
20251031,147453,0668_6872,2.56555556,48.94527778,77.39,17
20251031,130476,0675_6872,2.67166667,48.94527778,96.13,26
20251031,100375,0640_6873,2.18416667,48.94555556,81.97,48
20251031,74406,0641_6873,2.20166667,48.94555556,80.63,38
20251031,66144,0652_6872,2.34833333,48.94555556,79.07,38
20251031,20447,0653_6872,2.37083333,48.94555556,77.63,38
20251031,48551,0655_6872,2.38916667,48.94555556,68.61,38
20251031,60915,0658_6872,2.43472222,48.94555556,78.23,17
20251031,48629,0663_6872,2.50694444,48.94555556,85.72,38
20251031,8185,0636_6873,2.13027778,48.94583333,95.57,4
20251031,116259,0637_6873,2.15194444,48.94583333,49.28,17
20251031,168297,0643_6873,2.22277778,48.94583333,63.10,38
20251031,66369,0652_6872,2.35000000,48.94583333,68.62,38
20251031,65663,0653_6872,2.36000000,48.94583333,80.39,17
20251031,34475,0654_6872,2.38472222,48.94583333,87.87,38
20251031,165648,0663_6872,2.50750000,48.94583333,86.22,38
20251031,114465,0666_6872,2.54361111,48.94583333,88.38,26
20251031,171628,0637_6873,2.15166667,48.94611111,51.38,17
20251031,170705,0639_6873,2.16972222,48.94611111,51.96,38
20251031,41548,0647_6873,2.28361111,48.94611111,58.15,32
20251031,87973,0652_6872,2.35833333,48.94611111,73.82,17
20251031,81528,0655_6872,2.38916667,48.94611111,65.61,17
20251031,168098,0670_6872,2.59944444,48.94611111,74.94,38
20251031,82626,0676_6872,2.68166667,48.94611111,76.04,17
20251031,193263,0625_6873,1.98861111,48.94638889,144.59,23
20251031,110061,0631_6873,2.06805556,48.94638889,44.52,38
20251031,165313,0640_6873,2.19111111,48.94638889,85.47,38
20251031,7768,0662_6872,2.48250000,48.94638889,71.17,26
20251031,116621,0666_6872,2.54333333,48.94638889,87.33,26
20251031,74410,0640_6873,2.18750000,48.94666667,84.09,48
20251031,52261,0649_6873,2.30861111,48.94666667,51.16,17
20251031,137372,0653_6873,2.37083333,48.94666667,61.01,38
20251031,22032,0660_6872,2.45472222,48.94666667,90.03,38
20251031,89243,0662_6872,2.48611111,48.94666667,73.98,17
20251031,175636,0662_6872,2.48777778,48.94666667,68.93,26
20251031,86402,0666_6872,2.54444444,48.94666667,87.56,26
20251031,173760,0667_6872,2.55527778,48.94666667,72.99,38
20251031,133490,0677_6872,2.69472222,48.94666667,85.62,38
20251031,79652,0637_6873,2.14444444,48.94694444,56.48,17
20251031,118191,0644_6873,2.23777778,48.94694444,98.45,38
20251031,149342,0653_6873,2.35944444,48.94694444,63.31,17
20251031,168175,0657_6873,2.42250000,48.94694444,57.14,42
20251031,70069,0658_6873,2.43611111,48.94694444,59.30,17
20251031,80469,0664_6872,2.51750000,48.94694444,87.83,38
20251031,142311,0665_6872,2.53083333,48.94694444,68.74,17
20251031,163586,0668_6872,2.57500000,48.94694444,103.37,23
20251031,45198,0631_6873,2.06416667,48.94722222,42.43,38
20251031,152104,0640_6873,2.18722222,48.94722222,83.09,48
20251031,175722,0642_6873,2.20861111,48.94722222,64.38,38
20251031,30881,0655_6873,2.38916667,48.94722222,68.51,38
20251031,192627,0658_6873,2.43527778,48.94722222,63.71,17
20251031,127934,0659_6873,2.44611111,48.94722222,74.72,38
20251031,187640,0664_6873,2.51888889,48.94722222,81.87,38
20251031,59861,0639_6873,2.16805556,48.94750000,49.61,38
20251031,118739,0645_6873,2.25666667,48.94750000,49.90,17
20251031,168620,0658_6873,2.43666667,48.94750000,55.78,17
20251031,126757,0662_6873,2.48250000,48.94750000,70.12,48
20251031,179113,0662_6873,2.48416667,48.94750000,69.74,26
20251031,189487,0663_6873,2.50666667,48.94750000,84.77,38
20251031,60928,0675_6873,2.66361111,48.94750000,75.19,17
20251031,128178,0645_6873,2.25666667,48.94777778,60.83,23
20251031,159464,0654_6873,2.38027778,48.94777778,79.44,38
20251031,177472,0657_6873,2.41333333,48.94777778,60.72,38
20251031,139021,0664_6873,2.51222222,48.94777778,92.52,17
20251031,183516,0628_6873,2.02611111,48.94805556,55.12,23
20251031,152790,0629_6873,2.03750000,48.94805556,54.14,17
20251031,144272,0645_6873,2.26055556,48.94805556,60.91,38
20251031,97619,0651_6873,2.33138889,48.94805556,59.43,38
20251031,98831,0651_6873,2.33611111,48.94805556,63.59,23
20251031,171212,0654_6873,2.37916667,48.94805556,78.44,38
20251031,134144,0659_6873,2.44777778,48.94805556,60.94,17
20251031,39960,0661_6873,2.47750000,48.94805556,76.37,38
20251031,171629,0665_6873,2.53166667,48.94805556,91.70,26
20251031,16928,0677_6873,2.69194444,48.94805556,95.15,23
20251031,155439,0631_6873,2.06222222,48.94833333,38.48,38
20251031,114525,0653_6873,2.36000000,48.94833333,76.83,17
20251031,126866,0661_6873,2.47666667,48.94833333,68.75,26
20251031,129676,0661_6873,2.47722222,48.94833333,68.80,23
20251031,186992,0664_6873,2.51305556,48.94833333,92.09,38
20251031,90283,0665_6873,2.52250000,48.94833333,85.22,38
20251031,37322,0627_6873,2.00972222,48.94861111,53.36,23
20251031,153929,0642_6873,2.21805556,48.94861111,84.76,26
20251031,99243,0647_6873,2.28888889,48.94861111,39.00,17
20251031,94534,0648_6873,2.29527778,48.94861111,55.58,26
20251031,146413,0651_6873,2.34111111,48.94861111,49.41,38
20251031,82663,0659_6873,2.45305556,48.94861111,49.46,17
20251031,32947,0660_6873,2.45472222,48.94861111,93.19,38
20251031,95758,0664_6873,2.51277778,48.94861111,92.19,38
20251031,170650,0665_6873,2.52638889,48.94861111,77.23,17
20251031,176041,0636_6873,2.13916667,48.94888889,60.02,38
20251031,105084,0637_6873,2.14555556,48.94888889,88.78,20
20251031,16664,0643_6873,2.23194444,48.94888889,58.86,17
20251031,49712,0650_6873,2.32972222,48.94888889,71.12,38
20251031,188116,0657_6873,2.41361111,48.94888889,62.07,38
20251031,162721,0658_6873,2.43916667,48.94888889,67.19,38
20251031,110480,0665_6873,2.53416667,48.94888889,114.18,38
20251031,6814,0670_6873,2.60000000,48.94888889,80.37,38
20251031,57099,0675_6873,2.66972222,48.94888889,102.68,23
20251031,139279,0627_6873,2.01055556,48.94916667,55.54,26
20251031,140740,0644_6873,2.24861111,48.94916667,56.32,38
20251031,191650,0658_6873,2.43250000,48.94916667,63.72,12
20251031,160537,0662_6873,2.49333333,48.94916667,82.46,38
20251031,90988,0667_6873,2.56222222,48.94916667,91.75,26
20251031,137605,0672_6873,2.61888889,48.94916667,77.67,38
20251031,96163,0646_6873,2.27388889,48.94944444,63.27,23
20251031,128202,0661_6873,2.47666667,48.94944444,68.88,48
20251031,133949,0665_6873,2.53277778,48.94944444,89.15,38
20251031,4952,0665_6873,2.53444444,48.94944444,109.85,38
20251031,92311,0667_6873,2.56305556,48.94944444,91.21,23
20251031,79544,0672_6873,2.61833333,48.94944444,80.05,38
20251031,79392,0639_6873,2.17472222,48.94972222,62.90,38
20251031,154380,0641_6873,2.19833333,48.94972222,60.77,26
20251031,160635,0641_6873,2.19861111,48.94972222,73.82,26
20251031,155871,0643_6873,2.22444444,48.94972222,85.20,23
20251031,143098,0643_6873,2.22638889,48.94972222,77.12,26
20251031,139998,0644_6873,2.24472222,48.94972222,52.45,38
20251031,73585,0645_6873,2.26194444,48.94972222,64.77,38
20251031,100308,0658_6873,2.43694444,48.94972222,61.41,17
20251031,136709,0665_6873,2.52361111,48.94972222,80.33,38
20251031,24725,0651_6873,2.34444444,48.95000000,50.05,17
20251031,140641,0655_6873,2.38611111,48.95000000,54.14,38
20251031,157964,0655_6873,2.39000000,48.95000000,55.90,38
20251031,2787,0672_6873,2.62944444,48.95000000,73.50,17
20251031,100903,0617_6873,1.86694444,48.95027778,146.81,26
20251031,104095,0646_6873,2.26777778,48.95027778,93.26,38
20251031,104881,0658_6873,2.43805556,48.95027778,66.22,17
20251031,136568,0663_6873,2.49527778,48.95027778,70.01,17
20251031,92499,0667_6873,2.56166667,48.95027778,91.72,26
20251031,93821,0667_6873,2.56277778,48.95027778,91.96,26
20251031,181572,0685_6873,2.80611111,48.95027778,114.79,26
20251031,161995,0652_6873,2.35388889,48.95055556,73.78,38
20251031,191266,0652_6873,2.35444444,48.95055556,72.78,38
20251031,155770,0660_6873,2.46666667,48.95083333,80.18,17
20251031,149428,0663_6873,2.49500000,48.95083333,69.78,38
20251031,186823,0670_6873,2.60027778,48.95083333,75.34,38
20251031,70299,0670_6873,2.60194444,48.95083333,87.41,38
20251031,85115,0651_6873,2.34194444,48.95111111,89.92,38
20251031,139684,0667_6873,2.55138889,48.95111111,89.42,17
20251031,144067,0670_6873,2.60083333,48.95111111,76.38,38
20251031,167533,0642_6873,2.21416667,48.95138889,62.65,39
20251031,107514,0645_6873,2.25250000,48.95138889,64.81,38
20251031,76938,0650_6873,2.32277778,48.95138889,77.87,38
20251031,108170,0658_6873,2.43916667,48.95138889,67.93,17
20251031,59996,0669_6873,2.57805556,48.95138889,97.79,38
20251031,104302,0644_6873,2.23722222,48.95166667,79.68,23
20251031,73582,0646_6873,2.27361111,48.95166667,82.44,38
20251031,55316,0647_6873,2.28000000,48.95166667,81.72,26
20251031,82201,0651_6873,2.33222222,48.95166667,84.21,17
20251031,66360,0651_6873,2.34055556,48.95166667,81.18,17
20251031,4294,0653_6873,2.36027778,48.95166667,59.69,38
20251031,136711,0653_6873,2.36444444,48.95166667,75.84,38
20251031,183563,0655_6873,2.38638889,48.95166667,59.86,17
20251031,169535,0659_6873,2.44472222,48.95166667,73.70,38
20251031,128866,0669_6873,2.57750000,48.95166667,90.51,38
20251031,81248,0616_6874,1.86111111,48.95194444,122.66,17
20251031,119449,0629_6873,2.03250000,48.95222222,80.26,23
20251031,77935,0651_6873,2.33916667,48.95222222,71.25,38
20251031,184068,0655_6873,2.38861111,48.95222222,53.97,38
20251031,44771,0657_6873,2.42222222,48.95222222,78.77,26
20251031,186503,0658_6873,2.43583333,48.95222222,79.80,23
20251031,94553,0662_6873,2.48638889,48.95222222,77.33,26
20251031,179176,0667_6873,2.55305556,48.95222222,83.57,38
20251031,94444,0632_6873,2.08305556,48.95250000,65.61,23
20251031,193054,0643_6873,2.22916667,48.95250000,79.14,38
20251031,73424,0645_6873,2.25638889,48.95250000,59.99,38
20251031,85295,0649_6873,2.31416667,48.95250000,75.95,38
20251031,172747,0663_6873,2.50166667,48.95250000,83.43,38
20251031,4532,0663_6873,2.50194444,48.95250000,80.93,38
20251031,140643,0663_6873,2.50222222,48.95250000,79.52,17
20251031,48546,0664_6873,2.52000000,48.95250000,84.67,38
20251031,70156,0664_6873,2.52027778,48.95250000,90.07,38
20251031,96855,0670_6873,2.60194444,48.95250000,94.61,23
20251031,187117,0631_6873,2.07083333,48.95277778,51.20,26
20251031,132593,0640_6873,2.18222222,48.95277778,89.89,23
20251031,55899,0646_6873,2.27583333,48.95277778,97.71,38
20251031,172120,0654_6873,2.37444444,48.95277778,92.26,38
20251031,131601,0657_6873,2.42166667,48.95277778,76.13,26
20251031,36984,0663_6873,2.50416667,48.95277778,86.47,26
20251031,98670,0649_6873,2.31277778,48.95305556,86.20,38
20251031,43766,0651_6873,2.33972222,48.95305556,88.17,38
20251031,77286,0659_6873,2.45138889,48.95305556,65.20,38
20251031,138675,0659_6873,2.45361111,48.95305556,73.51,26
20251031,191381,0660_6873,2.45861111,48.95305556,64.42,17
20251031,135992,0662_6873,2.48555556,48.95305556,80.78,17
20251031,193061,0664_6873,2.51611111,48.95305556,139.86,38
20251031,186653,0664_6873,2.51972222,48.95305556,80.05,38
20251031,168797,0631_6874,2.06722222,48.95333333,45.62,38
20251031,165140,0639_6873,2.18027778,48.95333333,91.07,26
20251031,178734,0649_6873,2.31444444,48.95333333,49.78,17
20251031,104297,0652_6873,2.35555556,48.95333333,52.89,23
20251031,191322,0658_6873,2.43527778,48.95333333,53.64,42
20251031,174620,0660_6873,2.45916667,48.95333333,70.26,23
20251031,83152,0661_6873,2.47361111,48.95333333,58.75,32
20251031,181391,0670_6873,2.60166667,48.95333333,75.27,38
20251031,126058,0670_6873,2.60305556,48.95333333,81.87,23
20251031,111081,0682_6873,2.76111111,48.95333333,121.89,23
20251031,90078,0642_6873,2.22027778,48.95361111,114.48,17
20251031,27100,0647_6873,2.27972222,48.95361111,94.91,23
20251031,92395,0649_6873,2.31416667,48.95361111,50.78,17
20251031,189617,0656_6873,2.41250000,48.95361111,60.48,38
20251031,180190,0668_6873,2.56472222,48.95361111,98.35,17
20251031,168361,0631_6874,2.06805556,48.95388889,43.04,38
20251031,73575,0642_6873,2.21833333,48.95388889,105.54,38
20251031,161673,0644_6873,2.24305556,48.95388889,64.82,38
20251031,71522,0645_6873,2.25277778,48.95388889,65.64,38
20251031,176464,0650_6873,2.32777778,48.95388889,91.47,38
20251031,95222,0659_6873,2.44111111,48.95388889,56.45,17
20251031,62539,0659_6873,2.44805556,48.95388889,97.39,23
20251031,133239,0662_6873,2.49250000,48.95388889,76.14,38
20251031,126343,0648_6873,2.30250000,48.95416667,59.87,17
20251031,6195,0649_6873,2.30833333,48.95416667,62.07,38
20251031,91161,0649_6873,2.31250000,48.95416667,69.24,17
20251031,168359,0651_6873,2.33777778,48.95416667,79.19,38
20251031,172960,0659_6873,2.44388889,48.95416667,66.89,38
20251031,92547,0663_6873,2.49583333,48.95416667,94.94,38
20251031,69888,0667_6873,2.55111111,48.95416667,80.64,38
20251031,48543,0655_6873,2.38555556,48.95444444,65.97,38
20251031,95529,0655_6873,2.39166667,48.95444444,61.02,23
20251031,4724,0659_6873,2.44416667,48.95444444,59.49,23
20251031,73423,0643_6874,2.23250000,48.95472222,87.43,38
20251031,73579,0646_6873,2.27555556,48.95472222,98.92,26
20251031,160606,0648_6873,2.29972222,48.95472222,63.66,38
20251031,126707,0649_6873,2.31111111,48.95472222,91.38,38
20251031,193705,0659_6873,2.44444444,48.95472222,65.17,38
20251031,73592,0642_6874,2.21555556,48.95527778,102.19,38
20251031,65090,0647_6874,2.27694444,48.95527778,102.99,26
20251031,136562,0654_6873,2.37638889,48.95527778,62.09,38
20251031,101009,0654_6873,2.38333333,48.95527778,61.10,38
20251031,132717,0657_6873,2.41750000,48.95527778,64.36,38
20251031,71523,0643_6874,2.23055556,48.95555556,94.29,38
20251031,99273,0648_6874,2.30250000,48.95555556,56.11,23
20251031,141920,0651_6874,2.33250000,48.95555556,58.56,23
20251031,46405,0653_6874,2.35888889,48.95555556,76.13,38
20251031,48625,0661_6873,2.47027778,48.95555556,85.67,17
20251031,147169,0666_6873,2.53833333,48.95555556,90.52,38
20251031,187937,0616_6874,1.86361111,48.95583333,135.18,26
20251031,54563,0633_6874,2.09444444,48.95583333,90.27,23
20251031,3983,0666_6873,2.53833333,48.95583333,133.24,4
20251031,129781,0668_6873,2.56500000,48.95583333,90.85,17
20251031,36621,0669_6873,2.59027778,48.95583333,79.72,38
20251031,167500,0616_6874,1.86444444,48.95611111,131.86,48
20251031,88216,0633_6874,2.09388889,48.95611111,73.83,23
20251031,182444,0641_6874,2.19694444,48.95611111,74.32,17
20251031,71519,0643_6874,2.23361111,48.95611111,89.17,38
20251031,25308,0650_6874,2.32888889,48.95611111,88.86,38
20251031,178895,0666_6874,2.53972222,48.95611111,86.34,38
20251031,76929,0653_6874,2.36555556,48.95638889,81.22,38
20251031,143177,0666_6874,2.54638889,48.95638889,91.89,17
20251031,91354,0670_6874,2.60222222,48.95638889,75.39,38
20251031,156336,0653_6874,2.36833333,48.95666667,73.85,26
20251031,8239,0671_6874,2.60916667,48.95666667,83.69,17
20251031,7172,0631_6874,2.06222222,48.95694444,73.52,38
20251031,46043,0639_6874,2.16972222,48.95694444,57.92,17
20251031,163485,0640_6874,2.18388889,48.95694444,94.42,26
20251031,139947,0641_6874,2.20472222,48.95694444,71.48,17
20251031,176056,0644_6874,2.24222222,48.95694444,69.42,38
20251031,119970,0652_6874,2.34750000,48.95694444,70.60,23
20251031,160092,0652_6874,2.35500000,48.95694444,65.70,17
20251031,25932,0660_6874,2.46611111,48.95694444,83.80,38
20251031,130631,0663_6874,2.49805556,48.95694444,85.84,17
20251031,10408,0676_6874,2.68555556,48.95694444,105.48,26
20251031,182295,0631_6874,2.06722222,48.95722222,50.43,17
20251031,99276,0642_6874,2.21166667,48.95722222,76.36,23
20251031,167734,0650_6874,2.32500000,48.95722222,73.69,38
20251031,76928,0652_6874,2.35361111,48.95722222,77.63,38
20251031,45652,0653_6874,2.36250000,48.95722222,57.22,23
20251031,132020,0653_6874,2.36861111,48.95722222,72.34,23
20251031,148339,0618_6874,1.88861111,48.95750000,135.58,23
20251031,126085,0635_6874,2.12444444,48.95750000,73.68,23
20251031,175541,0651_6874,2.34333333,48.95750000,72.74,17
20251031,147165,0652_6874,2.34722222,48.95750000,73.19,23
20251031,164907,0653_6874,2.35916667,48.95750000,69.61,38
20251031,189240,0654_6874,2.38527778,48.95750000,71.42,23
20251031,81086,0660_6874,2.46250000,48.95750000,54.81,11
20251031,185907,0663_6874,2.49666667,48.95750000,85.20,38
20251031,172914,0663_6874,2.49805556,48.95750000,82.12,38
20251031,79633,0663_6874,2.50277778,48.95750000,91.77,38
20251031,133517,0667_6874,2.55777778,48.95750000,106.11,38
20251031,183514,0647_6874,2.28750000,48.95777778,87.54,38
20251031,86403,0657_6874,2.41638889,48.95777778,61.90,38
20251031,160227,0667_6874,2.56111111,48.95777778,86.18,48
20251031,73425,0647_6874,2.28333333,48.95805556,89.87,38
20251031,177089,0647_6874,2.28583333,48.95805556,86.95,38
20251031,115782,0648_6874,2.29694444,48.95805556,64.54,38
20251031,45122,0654_6874,2.37805556,48.95805556,101.37,17
20251031,163153,0657_6874,2.41472222,48.95805556,62.04,26
20251031,192800,0662_6874,2.49361111,48.95805556,85.38,38
20251031,139751,0649_6874,2.30555556,48.95833333,55.66,38
20251031,169215,0657_6874,2.41666667,48.95833333,65.21,38
20251031,105784,0666_6874,2.54138889,48.95833333,109.23,38
20251031,73426,0647_6874,2.28333333,48.95861111,85.66,38
20251031,115254,0665_6874,2.52916667,48.95861111,87.01,48
20251031,60923,0648_6874,2.29555556,48.95888889,90.50,38
20251031,42714,0651_6874,2.33527778,48.95888889,57.95,38
20251031,60871,0665_6874,2.52861111,48.95888889,80.94,48
20251031,75212,0636_6874,2.13638889,48.95916667,71.68,23
20251031,60920,0649_6874,2.31527778,48.95916667,76.12,38
20251031,171426,0655_6874,2.39527778,48.95916667,71.35,26
20251031,161178,0650_6874,2.31722222,48.95944444,73.60,17
20251031,95301,0651_6874,2.33361111,48.95944444,57.06,26
20251031,142859,0654_6874,2.38194444,48.95944444,61.26,38
20251031,93541,0661_6874,2.47527778,48.95944444,89.92,17
20251031,45454,0665_6874,2.52805556,48.95944444,79.88,26
20251031,176002,0654_6874,2.37694444,48.95972222,76.50,26
20251031,6630,0616_6874,1.85500000,48.96000000,53.72,17
20251031,163952,0618_6874,1.88888889,48.96000000,122.15,26
20251031,69064,0618_6874,1.88972222,48.96000000,120.00,26
20251031,2760,0668_6874,2.57194444,48.96000000,87.02,38
20251031,155924,0637_6874,2.15111111,48.96027778,60.57,26
20251031,127515,0637_6874,2.14944444,48.96055556,64.62,26
20251031,14003,0653_6874,2.36666667,48.96055556,84.25,26
20251031,100669,0657_6874,2.42138889,48.96055556,51.74,17
20251031,96367,0659_6874,2.44694444,48.96083333,66.90,17
20251031,110576,0666_6874,2.54694444,48.96083333,92.77,26
20251031,148863,0617_6875,1.87277778,48.96111111,81.99,38
20251031,93937,0634_6874,2.10805556,48.96111111,69.56,23
20251031,79740,0637_6874,2.14472222,48.96111111,73.61,4
20251031,95625,0652_6874,2.34611111,48.96111111,63.58,38
20251031,186853,0655_6874,2.38694444,48.96111111,82.51,26
20251031,5101,0659_6874,2.44277778,48.96111111,61.44,17
20251031,161672,0632_6874,2.07138889,48.96138889,46.96,38
20251031,73589,0644_6874,2.24666667,48.96138889,124.27,38
20251031,142157,0645_6874,2.26222222,48.96138889,89.80,26
20251031,89470,0647_6874,2.28083333,48.96138889,93.28,38
20251031,146637,0649_6874,2.30777778,48.96138889,66.44,38
20251031,82898,0666_6874,2.54666667,48.96138889,92.55,26
20251031,138648,0670_6874,2.60166667,48.96138889,82.80,38
20251031,174401,0673_6874,2.63250000,48.96138889,86.02,23
20251031,159585,0631_6874,2.06944444,48.96166667,47.09,17
20251031,156393,0646_6874,2.26916667,48.96194444,107.65,23
20251031,138960,0647_6874,2.28916667,48.96194444,84.24,38
20251031,141943,0647_6874,2.28055556,48.96222222,82.76,38
20251031,140726,0654_6874,2.37944444,48.96222222,63.99,38
20251031,141201,0659_6874,2.44944444,48.96222222,74.48,17
20251031,109313,0621_6875,1.93027778,48.96277778,107.86,23
20251031,136961,0641_6874,2.19527778,48.96277778,91.93,17
20251031,73576,0644_6874,2.24722222,48.96277778,141.60,38
20251031,193261,0650_6874,2.32083333,48.96277778,51.79,38
20251031,48627,0655_6874,2.39027778,48.96277778,81.77,26
20251031,167130,0648_6874,2.29638889,48.96305556,83.46,38
20251031,85298,0651_6874,2.34361111,48.96305556,66.69,38
20251031,129089,0656_6874,2.40277778,48.96305556,58.05,38
20251031,171874,0666_6874,2.54055556,48.96305556,80.91,38
20251031,92536,0667_6874,2.55833333,48.96305556,76.61,17
20251031,192618,0667_6874,2.56111111,48.96305556,91.69,26
20251031,138314,0640_6875,2.18861111,48.96333333,85.89,38
20251031,126052,0653_6874,2.37138889,48.96333333,67.90,23
20251031,152617,0666_6874,2.53972222,48.96333333,83.25,38
20251031,136988,0667_6874,2.55250000,48.96333333,95.53,48
20251031,161689,0616_6875,1.86083333,48.96361111,70.32,26
20251031,166022,0640_6875,2.19166667,48.96361111,89.04,17
20251031,177604,0653_6874,2.37000000,48.96361111,81.93,38
20251031,179883,0660_6874,2.46305556,48.96361111,74.63,23
20251031,97985,0664_6874,2.51194444,48.96361111,88.37,23
20251031,82858,0672_6874,2.62555556,48.96361111,101.09,26
20251031,143058,0616_6875,1.86083333,48.96388889,70.32,26
20251031,192492,0629_6875,2.04138889,48.96388889,75.37,26
20251031,184450,0630_6875,2.05527778,48.96388889,47.89,23
20251031,44285,0647_6875,2.28583333,48.96388889,76.33,38
20251031,84973,0651_6874,2.34444444,48.96388889,69.83,17
20251031,142441,0667_6874,2.56055556,48.96388889,92.70,23
20251031,159222,0645_6875,2.25916667,48.96416667,90.87,38
20251031,37172,0650_6875,2.32833333,48.96416667,71.09,17
20251031,6887,0650_6875,2.32916667,48.96416667,63.88,38
20251031,4428,0652_6874,2.35500000,48.96416667,76.56,38
20251031,180834,0650_6875,2.32777778,48.96444444,72.29,17
20251031,193389,0653_6875,2.36138889,48.96444444,66.84,38
20251031,106271,0654_6875,2.37388889,48.96444444,69.78,23
20251031,58577,0631_6875,2.06166667,48.96472222,44.88,26
20251031,185823,0655_6875,2.39555556,48.96472222,74.41,38
20251031,45658,0662_6874,2.49305556,48.96472222,91.84,26
20251031,44740,0667_6874,2.56111111,48.96472222,77.58,38
20251031,189089,0630_6875,2.05722222,48.96500000,47.45,23
20251031,97520,0647_6875,2.28111111,48.96500000,64.47,23
20251031,172936,0652_6875,2.35777778,48.96500000,89.61,38
20251031,115251,0654_6875,2.38138889,48.96500000,65.13,38
20251031,81089,0654_6875,2.38222222,48.96500000,65.26,38
20251031,113965,0667_6875,2.55750000,48.96527778,94.89,26
20251031,4338,0653_6875,2.36638889,48.96555556,69.93,38
20251031,168613,0666_6875,2.54833333,48.96555556,74.75,38
20251031,176637,0648_6875,2.29722222,48.96583333,87.09,38
20251031,179766,0648_6875,2.29972222,48.96583333,70.68,38
20251031,99024,0650_6875,2.32388889,48.96583333,62.15,23
20251031,175911,0651_6875,2.34333333,48.96583333,88.69,38
20251031,160644,0655_6875,2.39888889,48.96583333,71.45,38
20251031,161151,0647_6875,2.28527778,48.96611111,85.77,17
20251031,121315,0648_6875,2.29777778,48.96611111,85.98,38
20251031,145311,0655_6875,2.39111111,48.96611111,74.86,38
20251031,141038,0631_6875,2.06555556,48.96638889,47.70,38
20251031,54897,0656_6875,2.41000000,48.96638889,68.45,38
20251031,189420,0660_6875,2.46611111,48.96638889,71.00,23
20251031,150051,0623_6875,1.95027778,48.96666667,105.89,23
20251031,116358,0631_6875,2.06611111,48.96666667,48.30,38
20251031,170296,0639_6875,2.17444444,48.96666667,60.81,23
20251031,154136,0653_6875,2.37138889,48.96666667,57.71,17
20251031,79372,0656_6875,2.41111111,48.96666667,72.65,26
20251031,138081,0664_6875,2.51722222,48.96666667,93.69,38
20251031,78940,0668_6875,2.57444444,48.96666667,97.42,4
20251031,179669,0629_6875,2.03194444,48.96694444,59.33,17
20251031,179200,0642_6875,2.21027778,48.96694444,97.62,17
20251031,172045,0641_6875,2.20083333,48.96722222,85.62,38
20251031,185252,0666_6875,2.54000000,48.96722222,96.32,48
20251031,86140,0667_6875,2.55361111,48.96722222,81.24,17
20251031,184039,0645_6875,2.25555556,48.96750000,89.47,38
20251031,169386,0666_6875,2.54833333,48.96750000,82.49,38
20251031,96332,0626_6875,1.99416667,48.96777778,47.37,26
20251031,134644,0629_6875,2.03305556,48.96777778,70.20,26
20251031,12094,0653_6875,2.36305556,48.96777778,78.62,38
20251031,126848,0654_6875,2.38250000,48.96777778,66.68,17
20251031,156956,0655_6875,2.39472222,48.96777778,91.58,38
20251031,62933,0644_6875,2.24333333,48.96805556,212.66,23
20251031,7809,0645_6875,2.25527778,48.96805556,112.57,38
20251031,77375,0677_6875,2.68694444,48.96805556,93.68,23
20251031,45633,0649_6875,2.30555556,48.96833333,66.47,38
20251031,136607,0650_6875,2.31916667,48.96833333,58.77,38
20251031,132330,0653_6875,2.36277778,48.96833333,81.75,38
20251031,146608,0680_6875,2.72694444,48.96833333,124.29,23
20251031,140445,0621_6875,1.92472222,48.96861111,68.91,23
20251031,8385,0624_6875,1.96638889,48.96861111,93.92,48
20251031,168971,0619_6875,1.89694444,48.96888889,75.99,23
20251031,185191,0624_6875,1.96694444,48.96888889,92.69,48
20251031,168292,0649_6875,2.31027778,48.96888889,78.94,38
20251031,51493,0641_6875,2.19694444,48.96916667,93.36,38
20251031,22037,0641_6875,2.20583333,48.96916667,100.09,17
20251031,165925,0660_6875,2.46333333,48.96916667,77.39,38
20251031,42306,0656_6875,2.39972222,48.96944444,101.83,38
20251031,20595,0681_6875,2.74944444,48.96944444,135.83,31
20251031,49074,0617_6876,1.87000000,48.96972222,74.02,23
20251031,180242,0632_6875,2.07250000,48.96972222,43.23,17
20251031,180241,0632_6875,2.07333333,48.96972222,43.67,17
20251031,97926,0629_6875,2.03055556,48.97000000,68.95,23
20251031,128179,0640_6875,2.19055556,48.97000000,100.21,23
20251031,175170,0651_6875,2.34166667,48.97000000,57.57,17
20251031,120727,0616_6876,1.86222222,48.97027778,62.09,26
20251031,128181,0628_6875,2.02750000,48.97027778,73.46,23
20251031,118738,0632_6875,2.07500000,48.97027778,40.69,17
20251031,155082,0640_6875,2.18333333,48.97027778,79.21,38
20251031,147822,0641_6875,2.20111111,48.97027778,94.93,38
20251031,83132,0662_6875,2.48305556,48.97027778,76.41,49
20251031,81082,0663_6875,2.50222222,48.97027778,83.61,49
20251031,108631,0665_6875,2.52361111,48.97027778,92.81,17
20251031,96399,0649_6875,2.31027778,48.97055556,62.44,32
20251031,58171,0653_6875,2.36444444,48.97055556,114.97,38
20251031,178451,0655_6875,2.38944444,48.97055556,67.93,38
20251031,169195,0640_6875,2.18333333,48.97083333,81.81,38
20251031,140678,0647_6875,2.27666667,48.97083333,61.77,26
20251031,188388,0640_6875,2.18805556,48.97111111,99.23,26
20251031,99298,0645_6875,2.25388889,48.97111111,90.19,38
20251031,36286,0646_6875,2.27472222,48.97111111,78.29,38
20251031,77671,0653_6875,2.37138889,48.97111111,89.32,38
20251031,82701,0664_6875,2.51111111,48.97111111,97.74,38
20251031,62602,0664_6875,2.51944444,48.97111111,95.84,17
20251031,49272,0682_6875,2.76083333,48.97111111,134.04,20
20251031,158434,0631_6876,2.06611111,48.97138889,56.82,23
20251031,134062,0664_6875,2.51888889,48.97138889,86.33,38
20251031,120332,0654_6875,2.37416667,48.97166667,67.52,38
20251031,187945,0654_6875,2.38222222,48.97166667,83.56,38
20251031,176740,0669_6875,2.58388889,48.97166667,111.09,26
20251031,98194,0629_6876,2.03444444,48.97194444,90.03,38
20251031,187802,0653_6875,2.36972222,48.97194444,84.48,17
20251031,113491,0649_6875,2.30750000,48.97222222,61.82,23
20251031,87209,0655_6875,2.39833333,48.97222222,100.56,38
20251031,139663,0628_6876,2.02722222,48.97250000,80.65,38
20251031,52326,0649_6875,2.31055556,48.97250000,75.05,38
20251031,171123,0651_6875,2.33305556,48.97250000,60.44,38
20251031,90559,0654_6875,2.38361111,48.97250000,97.86,38
20251031,184231,0616_6876,1.86333333,48.97277778,70.52,26
20251031,14912,0629_6876,2.04333333,48.97277778,90.37,23
20251031,146290,0646_6876,2.27138889,48.97277778,84.49,38
20251031,37390,0649_6875,2.30611111,48.97277778,69.90,38
20251031,124596,0654_6875,2.37527778,48.97277778,99.46,38
20251031,84198,0628_6876,2.02722222,48.97305556,83.74,38
20251031,48996,0639_6876,2.17000000,48.97305556,42.10,26
20251031,49722,0663_6875,2.50222222,48.97305556,88.97,26
20251031,100199,0652_6876,2.34583333,48.97333333,96.94,38
20251031,139698,0662_6875,2.48861111,48.97333333,106.89,23
20251031,85389,0629_6876,2.03972222,48.97361111,84.47,26
20251031,25434,0654_6876,2.38277778,48.97361111,96.64,38
20251031,126059,0664_6875,2.51472222,48.97361111,78.11,23
20251031,37276,0627_6876,2.00611111,48.97388889,47.58,38
20251031,4078,0648_6876,2.29000000,48.97388889,55.87,38
20251031,57417,0650_6876,2.31944444,48.97388889,84.84,38
20251031,165452,0664_6875,2.52111111,48.97388889,93.05,17
20251031,159106,0682_6875,2.76611111,48.97388889,129.69,26
20251031,147878,0629_6876,2.04027778,48.97416667,91.23,26
20251031,130365,0646_6876,2.26250000,48.97416667,73.00,17
20251031,169246,0649_6876,2.31250000,48.97416667,67.04,17
20251031,130256,0653_6876,2.36777778,48.97416667,117.59,38
20251031,51351,0662_6876,2.48861111,48.97416667,88.67,32
20251031,178901,0641_6876,2.20666667,48.97444444,118.34,23
20251031,53820,0663_6876,2.50222222,48.97444444,100.11,26
20251031,97037,0664_6876,2.51166667,48.97444444,103.13,38
20251031,160662,0674_6876,2.64638889,48.97444444,83.01,38
20251031,139824,0653_6876,2.37111111,48.97472222,94.69,38
20251031,75703,0655_6876,2.38694444,48.97472222,97.55,38
20251031,125797,0656_6876,2.41083333,48.97472222,83.70,38
20251031,112627,0664_6876,2.51138889,48.97472222,100.04,17
20251031,105048,0649_6876,2.30361111,48.97500000,55.23,12
20251031,90129,0652_6876,2.34750000,48.97500000,78.08,38
20251031,61187,0654_6876,2.37694444,48.97500000,68.78,17
20251031,126488,0673_6876,2.64055556,48.97500000,101.34,42
20251031,111662,0632_6876,2.07777778,48.97527778,48.94,23
20251031,10141,0673_6876,2.63222222,48.97527778,84.29,38
20251031,182357,0656_6876,2.40750000,48.97555556,92.65,26
20251031,135364,0665_6876,2.52888889,48.97555556,85.72,23
20251031,5157,0625_6876,1.98416667,48.97583333,37.13,42
20251031,157595,0628_6876,2.01944444,48.97583333,105.36,48
20251031,153900,0644_6876,2.24305556,48.97583333,101.12,26
20251031,191659,0646_6876,2.26361111,48.97583333,66.03,17
20251031,20384,0625_6876,1.98500000,48.97611111,67.80,38
20251031,52322,0641_6876,2.19472222,48.97611111,118.70,38
20251031,5143,0641_6876,2.19944444,48.97611111,126.53,17
20251031,3189,0644_6876,2.23722222,48.97611111,90.04,32
20251031,115983,0663_6876,2.49750000,48.97638889,97.60,26
20251031,23737,0620_6876,1.91583333,48.97666667,73.88,38
20251031,61428,0654_6876,2.37527778,48.97666667,101.33,38
20251031,122081,0655_6876,2.38944444,48.97666667,101.61,17
20251031,128382,0670_6876,2.59583333,48.97666667,99.18,23
20251031,112690,0674_6876,2.64500000,48.97666667,83.78,26
20251031,20087,0674_6876,2.64527778,48.97666667,103.28,26
20251031,163925,0644_6876,2.24583333,48.97694444,78.80,38
20251031,177557,0648_6876,2.29111111,48.97722222,60.71,26
20251031,175109,0641_6876,2.20000000,48.97750000,150.67,38
20251031,173786,0655_6876,2.39888889,48.97750000,94.29,17
20251031,75312,0657_6876,2.41500000,48.97750000,87.09,26
20251031,47924,0664_6876,2.51833333,48.97750000,105.82,23
20251031,187873,0675_6876,2.65972222,48.97750000,116.32,23
20251031,168622,0650_6876,2.32416667,48.97777778,80.52,17
20251031,177242,0652_6876,2.35222222,48.97777778,81.08,38
20251031,164035,0644_6876,2.23583333,48.97805556,93.14,23
20251031,79371,0648_6876,2.29222222,48.97805556,67.69,17
20251031,81978,0654_6876,2.37527778,48.97805556,111.67,38
20251031,64035,0654_6876,2.38333333,48.97805556,85.13,38
20251031,133550,0663_6876,2.49666667,48.97805556,100.65,26
20251031,108544,0663_6876,2.49972222,48.97805556,100.85,26
20251031,86762,0664_6876,2.51361111,48.97805556,86.52,17
20251031,161503,0645_6876,2.24888889,48.97833333,78.26,38
20251031,119832,0646_6876,2.26833333,48.97833333,61.62,17
20251031,108059,0655_6876,2.39527778,48.97833333,94.12,38
20251031,33796,0656_6876,2.40972222,48.97833333,85.82,38
20251031,46386,0673_6876,2.63583333,48.97833333,104.94,26
20251031,43770,0631_6876,2.06555556,48.97861111,65.59,23
20251031,101395,0638_6876,2.16444444,48.97861111,55.09,23
20251031,109148,0653_6876,2.36666667,48.97861111,94.38,38
20251031,49777,0641_6876,2.19888889,48.97888889,156.79,38
20251031,180491,0640_6876,2.18138889,48.97916667,89.88,38
20251031,47585,0642_6876,2.21277778,48.97916667,197.70,17
20251031,4263,0647_6876,2.28444444,48.97916667,55.81,38
20251031,57671,0654_6876,2.37250000,48.97916667,112.30,38
20251031,137121,0659_6876,2.44277778,48.97916667,77.83,23
20251031,134220,0673_6876,2.63416667,48.97916667,104.55,23
20251031,111771,0673_6876,2.64000000,48.97944444,104.11,26
20251031,82948,0644_6876,2.23861111,48.97972222,89.72,38
20251031,98001,0648_6876,2.29055556,48.97972222,54.57,12
20251031,15231,0664_6876,2.51166667,48.97972222,110.76,26
20251031,166201,0623_6877,1.95916667,48.98000000,60.40,17
20251031,152411,0626_6877,1.99805556,48.98000000,47.72,23
20251031,72944,0663_6876,2.49916667,48.98000000,104.26,26
20251031,85045,0649_6876,2.31111111,48.98027778,82.37,38
20251031,97981,0655_6876,2.39555556,48.98027778,84.71,23
20251031,157701,0644_6876,2.23833333,48.98055556,97.80,38
20251031,109971,0668_6876,2.56388889,48.98055556,109.36,23
20251031,179426,0627_6877,2.00277778,48.98083333,45.63,38
20251031,52327,0643_6876,2.23055556,48.98083333,132.78,38
20251031,146941,0646_6876,2.26416667,48.98083333,73.24,17
20251031,5001,0646_6876,2.26611111,48.98083333,73.09,38
20251031,173131,0646_6876,2.26805556,48.98083333,67.66,17
20251031,182255,0646_6876,2.27111111,48.98083333,56.26,17
20251031,189911,0655_6876,2.38722222,48.98083333,93.06,38
20251031,135494,0660_6876,2.46638889,48.98083333,93.26,26
20251031,49147,0632_6877,2.07861111,48.98111111,47.20,23
20251031,153833,0646_6876,2.26777778,48.98111111,78.79,23
20251031,122017,0646_6876,2.26888889,48.98111111,87.09,23
20251031,140106,0654_6876,2.38500000,48.98111111,91.75,38
20251031,177434,0658_6876,2.43000000,48.98111111,63.19,17
20251031,122712,0659_6876,2.44777778,48.98111111,69.31,26
20251031,166018,0671_6876,2.61305556,48.98111111,124.19,26
20251031,187748,0632_6877,2.07888889,48.98138889,56.72,23
20251031,92029,0646_6876,2.26722222,48.98138889,54.27,42
20251031,144548,0624_6877,1.97222222,48.98166667,50.02,38
20251031,36973,0640_6877,2.18361111,48.98166667,115.02,38
20251031,87214,0643_6877,2.22944444,48.98166667,123.97,17
20251031,184660,0644_6877,2.24500000,48.98166667,94.93,38
20251031,180818,0659_6876,2.45277778,48.98166667,76.75,23
20251031,55549,0641_6877,2.19722222,48.98194444,203.84,23
20251031,86887,0648_6877,2.29500000,48.98194444,85.07,38
20251031,178664,0660_6876,2.46250000,48.98194444,91.48,26
20251031,179313,0671_6876,2.61250000,48.98194444,126.26,26
20251031,92171,0660_6876,2.46555556,48.98222222,76.29,17
20251031,180985,0664_6876,2.51555556,48.98250000,109.61,26
20251031,34725,0619_6877,1.90638889,48.98277778,93.07,4
20251031,155694,0620_6877,1.91305556,48.98277778,51.49,38
20251031,51068,0627_6877,2.01250000,48.98277778,133.38,4
20251031,72138,0635_6877,2.11833333,48.98277778,67.18,4
20251031,132926,0618_6877,1.89305556,48.98305556,61.35,23
20251031,178696,0644_6877,2.24277778,48.98305556,92.82,26
20251031,163882,0648_6877,2.30277778,48.98305556,72.05,17
20251031,50633,0650_6877,2.32222222,48.98305556,117.69,17
20251031,175383,0653_6877,2.36388889,48.98305556,92.74,26
20251031,138508,0653_6877,2.36583333,48.98305556,96.41,23
20251031,152174,0667_6876,2.55861111,48.98305556,112.27,23
20251031,150877,0620_6877,1.90888889,48.98333333,48.77,38
20251031,101394,0636_6877,2.13916667,48.98333333,56.82,23
20251031,121757,0653_6877,2.36944444,48.98333333,86.40,26
20251031,96192,0660_6877,2.45500000,48.98333333,80.46,23
20251031,187749,0660_6877,2.45527778,48.98333333,86.46,23
20251031,79370,0661_6877,2.47305556,48.98333333,99.77,26
20251031,157594,0618_6877,1.89277778,48.98361111,60.77,23
20251031,131588,0661_6877,2.46805556,48.98361111,95.02,48
20251031,27958,0666_6877,2.54333333,48.98361111,107.10,26
20251031,180492,0674_6877,2.65305556,48.98361111,106.41,26
20251031,183698,0630_6877,2.05222222,48.98388889,118.53,23
20251031,102015,0639_6877,2.17305556,48.98388889,76.64,48
20251031,45865,0644_6877,2.23777778,48.98388889,105.04,38
20251031,121759,0655_6877,2.39833333,48.98388889,85.30,26
20251031,91112,0666_6877,2.54361111,48.98388889,109.30,23
20251031,97038,0649_6877,2.30861111,48.98444444,84.61,26
20251031,102675,0657_6877,2.42111111,48.98444444,106.21,4
20251031,187332,0650_6877,2.32277778,48.98472222,119.78,38
20251031,146126,0653_6877,2.35972222,48.98472222,79.28,26
20251031,35655,0642_6877,2.21805556,48.98500000,94.45,17
20251031,190862,0656_6877,2.40305556,48.98500000,77.60,17
20251031,38697,0672_6877,2.62861111,48.98500000,115.28,23
20251031,169642,0643_6877,2.22916667,48.98527778,93.04,38
20251031,4581,0643_6877,2.22944444,48.98527778,95.34,38
20251031,99473,0672_6877,2.62888889,48.98527778,109.78,23
20251031,167165,0643_6877,2.22361111,48.98555556,87.96,38
20251031,153877,0648_6877,2.29805556,48.98555556,64.24,38
20251031,95068,0654_6877,2.37277778,48.98555556,95.73,17
20251031,163820,0624_6877,1.96472222,48.98583333,46.49,38
20251031,52062,0634_6877,2.11138889,48.98583333,60.61,23
20251031,156081,0639_6877,2.17555556,48.98583333,84.69,38
20251031,162997,0646_6877,2.26444444,48.98583333,63.57,38
20251031,101867,0654_6877,2.37472222,48.98583333,90.46,17
20251031,187441,0622_6877,1.93472222,48.98611111,61.85,17
20251031,185009,0648_6877,2.29777778,48.98611111,65.71,17
20251031,46856,0658_6877,2.43972222,48.98611111,81.60,17
20251031,19134,0640_6877,2.18305556,48.98638889,97.47,17
20251031,131598,0655_6877,2.39305556,48.98638889,87.62,26
20251031,173011,0621_6877,1.92611111,48.98666667,65.56,38
20251031,180811,0630_6877,2.04694444,48.98666667,148.58,48
20251031,42721,0646_6877,2.27361111,48.98666667,93.14,38
20251031,28388,0682_6877,2.76444444,48.98666667,147.12,23
20251031,96331,0619_6877,1.89555556,48.98694444,48.66,23
20251031,52302,0652_6877,2.34583333,48.98694444,87.65,38
20251031,66349,0652_6877,2.34944444,48.98694444,77.64,38
20251031,185311,0620_6877,1.91305556,48.98722222,43.34,17
20251031,42724,0644_6877,2.23944444,48.98722222,89.39,38
20251031,5311,0657_6877,2.41972222,48.98722222,84.67,17
20251031,130255,0620_6877,1.90861111,48.98750000,46.89,17
20251031,181364,0621_6877,1.92305556,48.98750000,64.34,38
20251031,155269,0640_6877,2.18972222,48.98750000,133.80,38
20251031,101630,0642_6877,2.20861111,48.98750000,122.35,23
20251031,163352,0646_6877,2.26500000,48.98750000,63.98,38
20251031,52304,0650_6877,2.31944444,48.98750000,147.27,38
20251031,95787,0621_6877,1.92527778,48.98777778,67.46,17
20251031,152185,0645_6877,2.25805556,48.98777778,76.77,23
20251031,91934,0656_6877,2.40722222,48.98777778,74.66,17
20251031,189236,0664_6877,2.51750000,48.98777778,97.47,17
20251031,181113,0665_6877,2.53027778,48.98777778,123.33,23
20251031,51076,0624_6877,1.97500000,48.98805556,56.48,23
20251031,52308,0645_6877,2.25666667,48.98805556,73.12,38
20251031,177407,0650_6877,2.31861111,48.98805556,142.71,38
20251031,104638,0660_6877,2.45416667,48.98805556,82.19,26
20251031,142537,0640_6877,2.19027778,48.98833333,120.65,17
20251031,81158,0645_6877,2.25527778,48.98833333,70.20,38
20251031,175540,0619_6878,1.89694444,48.98861111,42.98,38
20251031,131188,0638_6877,2.16388889,48.98861111,85.73,38
20251031,6938,0619_6878,1.89555556,48.98888889,45.31,17
20251031,76990,0644_6877,2.24166667,48.98888889,85.77,38
20251031,178452,0646_6877,2.26472222,48.98888889,72.84,38
20251031,46862,0650_6877,2.32777778,48.98888889,140.05,38
20251031,97521,0664_6877,2.52083333,48.98888889,112.36,23
20251031,140741,0666_6877,2.54527778,48.98888889,111.56,26
20251031,90577,0624_6878,1.96972222,48.98916667,61.66,23
20251031,167164,0644_6877,2.24000000,48.98916667,77.01,38
20251031,112898,0644_6877,2.24055556,48.98916667,75.15,38
20251031,153205,0658_6877,2.43472222,48.98944444,100.36,26
20251031,151516,0665_6877,2.52777778,48.98944444,109.10,26
20251031,147930,0632_6878,2.07472222,48.98972222,47.50,38
20251031,146827,0645_6877,2.25638889,48.98972222,80.28,17
20251031,144759,0653_6877,2.36944444,48.98972222,109.05,38
20251031,126326,0657_6877,2.41861111,48.98972222,89.66,38
20251031,5144,0657_6877,2.42166667,48.98972222,83.82,17
20251031,142096,0631_6878,2.06500000,48.99000000,45.31,38
20251031,183412,0638_6877,2.16333333,48.99000000,78.34,17
20251031,106404,0648_6877,2.30222222,48.99000000,76.21,23
20251031,23254,0659_6877,2.44944444,48.99000000,98.94,38
20251031,104291,0653_6877,2.36388889,48.99027778,106.01,23
20251031,152930,0667_6877,2.56083333,48.99027778,113.02,26
20251031,155196,0630_6878,2.05250000,48.99055556,99.65,38
20251031,52324,0647_6877,2.28444444,48.99055556,84.64,38
20251031,138812,0652_6877,2.34444444,48.99055556,102.71,48
20251031,52334,0653_6877,2.35944444,48.99055556,98.01,38
20251031,75698,0655_6877,2.38805556,48.99055556,113.68,23
20251031,135506,0656_6877,2.41166667,48.99055556,81.31,38
20251031,101598,0626_6878,1.99277778,48.99083333,78.76,48
20251031,7027,0645_6878,2.26000000,48.99083333,85.35,38
20251031,97816,0648_6878,2.29027778,48.99083333,67.63,17
20251031,144132,0658_6877,2.43555556,48.99083333,95.52,26
20251031,187126,0665_6877,2.52305556,48.99083333,110.79,17
20251031,126489,0668_6877,2.57333333,48.99083333,116.15,42
20251031,112705,0684_6877,2.78361111,48.99083333,140.23,26
20251031,139048,0647_6878,2.27944444,48.99111111,79.36,38
20251031,165579,0648_6878,2.29861111,48.99111111,76.27,17
20251031,114470,0653_6877,2.36250000,48.99111111,104.40,26
20251031,139086,0665_6877,2.52194444,48.99111111,95.88,17
20251031,7794,0665_6877,2.53027778,48.99111111,102.85,17
20251031,144320,0665_6877,2.53055556,48.99111111,100.11,17
20251031,94789,0668_6877,2.57388889,48.99111111,105.56,26
20251031,175475,0631_6878,2.06527778,48.99138889,66.81,23
20251031,177298,0639_6878,2.17333333,48.99138889,106.08,38
20251031,157217,0627_6878,2.00694444,48.99166667,140.53,23
20251031,128180,0632_6878,2.07583333,48.99194444,63.43,23
20251031,176455,0639_6878,2.16666667,48.99194444,89.99,17
20251031,52318,0646_6878,2.27527778,48.99194444,79.97,38
20251031,120942,0658_6878,2.43388889,48.99194444,92.16,26
20251031,185504,0618_6878,1.89166667,48.99222222,56.59,23
20251031,117742,0644_6878,2.24333333,48.99222222,77.11,38
20251031,94790,0668_6878,2.57277778,48.99222222,109.96,32
20251031,121421,0620_6878,1.91305556,48.99250000,34.86,17
20251031,164135,0639_6878,2.17305556,48.99250000,96.58,38
20251031,190820,0655_6878,2.38833333,48.99250000,104.80,26
20251031,86300,0628_6878,2.01833333,48.99277778,202.17,4
20251031,37750,0633_6878,2.08944444,48.99277778,62.37,38
20251031,192256,0634_6878,2.10027778,48.99277778,73.15,26
20251031,186029,0638_6878,2.15722222,48.99277778,84.26,38
20251031,82949,0641_6878,2.20444444,48.99277778,141.28,38
20251031,162200,0644_6878,2.23500000,48.99277778,79.62,38
20251031,144887,0633_6878,2.09222222,48.99305556,54.35,38
20251031,81160,0648_6878,2.29361111,48.99305556,98.02,38
20251031,104816,0620_6878,1.91333333,48.99333333,62.49,17
20251031,38415,0638_6878,2.16583333,48.99333333,95.89,38
20251031,139482,0645_6878,2.25500000,48.99333333,92.85,38
20251031,35932,0620_6878,1.91305556,48.99361111,57.14,38
20251031,134804,0621_6878,1.92638889,48.99361111,64.34,23
20251031,104658,0659_6878,2.44916667,48.99361111,97.77,38
20251031,180938,0649_6878,2.31055556,48.99388889,97.43,23
20251031,180332,0650_6878,2.32027778,48.99388889,135.99,17
20251031,171588,0659_6878,2.45305556,48.99388889,104.40,26
20251031,156953,0623_6878,1.95611111,48.99416667,62.27,23
20251031,98403,0642_6878,2.21694444,48.99416667,97.86,38
20251031,144367,0654_6878,2.37305556,48.99416667,74.27,38
20251031,14801,0620_6878,1.91416667,48.99444444,60.36,38
20251031,193397,0643_6878,2.23194444,48.99444444,78.96,38
20251031,51095,0648_6878,2.29250000,48.99444444,101.73,38
20251031,93823,0632_6878,2.08055556,48.99472222,79.63,26
20251031,73387,0645_6878,2.25166667,48.99472222,80.74,26
20251031,123931,0626_6878,1.98944444,48.99500000,116.07,23
20251031,147345,0634_6878,2.09861111,48.99500000,48.43,38
20251031,39176,0637_6878,2.15083333,48.99500000,85.39,38
20251031,182320,0650_6878,2.32444444,48.99500000,165.12,38
20251031,97382,0655_6878,2.39166667,48.99500000,107.32,26
20251031,126491,0664_6878,2.51805556,48.99500000,106.74,26
20251031,137576,0646_6878,2.26444444,48.99527778,81.96,38
20251031,43127,0652_6878,2.34527778,48.99527778,127.46,17
20251031,137976,0655_6878,2.39194444,48.99527778,109.32,26
20251031,77445,0657_6878,2.41777778,48.99527778,91.71,38
20251031,39174,0665_6878,2.52305556,48.99527778,113.49,26
20251031,123093,0616_6878,1.85722222,48.99555556,133.17,23
20251031,128870,0616_6878,1.86027778,48.99555556,119.65,26
20251031,92170,0637_6878,2.15083333,48.99555556,86.19,38
20251031,37387,0641_6878,2.20083333,48.99555556,119.05,17
20251031,145422,0650_6878,2.32416667,48.99555556,150.04,17
20251031,144707,0674_6878,2.64583333,48.99555556,109.20,23
20251031,81156,0653_6878,2.36916667,48.99583333,90.41,26
20251031,172949,0637_6878,2.15055556,48.99611111,83.75,38
20251031,133628,0640_6878,2.18472222,48.99611111,109.11,26
20251031,28505,0637_6878,2.15000000,48.99638889,91.65,38
20251031,140105,0640_6878,2.18750000,48.99638889,100.11,26
20251031,190588,0645_6878,2.25611111,48.99638889,72.17,38
20251031,50618,0647_6878,2.28750000,48.99638889,99.15,38
20251031,82951,0657_6878,2.41944444,48.99638889,95.48,38
20251031,101864,0638_6878,2.15888889,48.99666667,99.34,26
20251031,152195,0648_6878,2.29472222,48.99666667,92.37,48
20251031,75733,0655_6878,2.38750000,48.99666667,101.31,23
20251031,96505,0636_6878,2.13277778,48.99694444,89.02,23
20251031,181722,0643_6878,2.22416667,48.99694444,76.98,17
20251031,28795,0661_6878,2.48055556,48.99694444,107.20,17
20251031,121420,0633_6878,2.09750000,48.99722222,59.08,17
20251031,4293,0642_6878,2.21611111,48.99722222,98.18,38
20251031,89704,0643_6878,2.23166667,48.99722222,82.03,38
20251031,48893,0643_6878,2.23305556,48.99722222,77.47,38
20251031,131764,0647_6878,2.28611111,48.99722222,83.87,38
20251031,150848,0655_6878,2.39111111,48.99722222,116.12,26
20251031,6695,0645_6878,2.25194444,48.99750000,89.21,38
20251031,96650,0652_6878,2.35722222,48.99750000,95.22,17
20251031,83424,0637_6878,2.14555556,48.99777778,79.52,17
20251031,98291,0653_6878,2.36111111,48.99777778,101.27,23
20251031,99550,0617_6879,1.87916667,48.99805556,68.54,23
20251031,37487,0633_6878,2.09750000,48.99805556,73.76,38
20251031,2592,0640_6878,2.18166667,48.99805556,102.33,23
20251031,129023,0641_6878,2.19583333,48.99805556,100.93,17
20251031,174849,0661_6878,2.47916667,48.99805556,108.44,17
20251031,62343,0664_6878,2.51694444,48.99805556,118.46,17
20251031,88934,0646_6878,2.27166667,48.99833333,102.18,17
20251031,56494,0631_6879,2.06222222,48.99861111,45.65,38
20251031,96061,0632_6879,2.07805556,48.99861111,75.75,38
20251031,160484,0642_6878,2.20833333,48.99861111,79.39,38
20251031,178610,0620_6879,1.91194444,48.99888889,76.00,23
20251031,191254,0627_6879,2.01111111,48.99916667,218.00,23
20251031,107828,0634_6879,2.11027778,48.99916667,68.92,38
20251031,154050,0635_6879,2.11194444,48.99916667,78.99,38
20251031,184216,0653_6878,2.35972222,48.99916667,111.04,26
20251031,79377,0662_6878,2.48111111,48.99916667,108.80,23
20251031,152622,0662_6878,2.48138889,48.99916667,108.30,26
20251031,141556,0665_6878,2.52194444,48.99916667,127.74,23
20251031,156601,0678_6878,2.70416667,48.99916667,102.54,23
20251031,108744,0635_6879,2.11777778,48.99972222,82.40,48
20251031,99693,0657_6878,2.42444444,48.99972222,90.30,17
20251031,136269,0668_6878,2.56805556,48.99972222,116.24,38
20251031,184142,0685_6878,2.79944444,48.99972222,138.72,23
20251031,46867,0639_6879,2.17750000,49.00000000,121.65,23
20251031,161482,0646_6879,2.27361111,49.00000000,87.66,38
20251031,186105,0638_6879,2.16138889,49.00027778,88.81,38
20251031,143779,0644_6879,2.24027778,49.00027778,88.43,17
20251031,115220,0657_6878,2.41333333,49.00027778,113.42,38
20251031,188702,0666_6878,2.54416667,49.00027778,116.40,42
20251031,192882,0644_6879,2.24055556,49.00055556,87.68,38
20251031,52307,0645_6879,2.25888889,49.00083333,79.62,38
20251031,89453,0657_6879,2.41638889,49.00083333,120.29,38
20251031,146816,0665_6878,2.53472222,49.00083333,106.95,17
20251031,100774,0668_6878,2.57138889,49.00083333,114.47,32
20251031,176762,0669_6878,2.58472222,49.00083333,117.27,12
20251031,176112,0643_6879,2.22388889,49.00111111,98.83,26
20251031,153984,0655_6879,2.38777778,49.00111111,103.59,38
20251031,180581,0669_6878,2.58472222,49.00111111,117.83,17
20251031,150095,0670_6878,2.59138889,49.00111111,126.86,42
20251031,171360,0643_6879,2.22416667,49.00138889,98.60,23
20251031,83383,0657_6879,2.42138889,49.00138889,113.37,38
20251031,152463,0668_6879,2.57388889,49.00138889,111.67,49
20251031,174619,0669_6879,2.58527778,49.00138889,126.29,17
20251031,165398,0669_6879,2.58555556,49.00138889,118.92,17
20251031,173021,0670_6879,2.59083333,49.00138889,115.26,17
20251031,168687,0670_6879,2.59138889,49.00138889,115.26,17
20251031,82892,0663_6879,2.50666667,49.00166667,107.09,17
20251031,152464,0668_6879,2.57444444,49.00166667,123.01,49
20251031,162598,0668_6879,2.57527778,49.00166667,111.30,49
20251031,162599,0668_6879,2.57611111,49.00166667,111.05,49
20251031,162600,0669_6879,2.57694444,49.00166667,110.58,49
20251031,180582,0669_6879,2.58444444,49.00166667,118.36,17
20251031,120435,0634_6879,2.10416667,49.00194444,69.39,38
20251031,134426,0642_6879,2.21305556,49.00194444,98.47,23
20251031,114469,0667_6879,2.54916667,49.00194444,125.30,26
20251031,164629,0668_6879,2.57388889,49.00194444,114.50,17
20251031,162801,0669_6879,2.57805556,49.00194444,121.35,49
20251031,162802,0669_6879,2.57916667,49.00194444,111.49,49
20251031,162803,0669_6879,2.58000000,49.00194444,111.49,49
20251031,162805,0669_6879,2.58111111,49.00194444,123.39,49
20251031,162804,0669_6879,2.58250000,49.00194444,112.23,49
20251031,180583,0669_6879,2.58472222,49.00194444,123.49,17
20251031,165399,0669_6879,2.58527778,49.00194444,120.38,17
20251031,173020,0670_6879,2.59055556,49.00194444,115.85,17
20251031,138513,0621_6879,1.92777778,49.00222222,46.47,17
20251031,139716,0655_6879,2.39555556,49.00222222,110.80,38
20251031,181178,0667_6879,2.54916667,49.00222222,130.30,26
20251031,164628,0669_6879,2.57916667,49.00222222,122.41,49
20251031,164627,0669_6879,2.58000000,49.00222222,121.86,49
20251031,164626,0669_6879,2.58083333,49.00222222,111.50,49
20251031,168686,0670_6879,2.59111111,49.00222222,115.61,17
20251031,17680,0619_6879,1.89777778,49.00250000,64.34,31
20251031,131206,0658_6879,2.42916667,49.00250000,106.95,23
20251031,162712,0664_6879,2.52027778,49.00250000,124.20,38
20251031,150588,0667_6879,2.56194444,49.00250000,137.01,17
20251031,143276,0669_6879,2.57722222,49.00250000,129.08,17
20251031,175560,0669_6879,2.58444444,49.00250000,119.04,17
20251031,173019,0670_6879,2.59055556,49.00250000,116.33,17
20251031,86272,0668_6879,2.56444444,49.00277778,139.27,17
20251031,175561,0669_6879,2.58444444,49.00277778,119.04,17
20251031,25077,0669_6879,2.58527778,49.00277778,126.04,38
20251031,134090,0635_6879,2.12444444,49.00305556,70.45,23
20251031,151852,0641_6879,2.19750000,49.00305556,84.28,38
20251031,61102,0641_6879,2.20611111,49.00305556,92.70,38
20251031,113515,0645_6879,2.24916667,49.00305556,90.65,23
20251031,75697,0654_6879,2.38055556,49.00305556,95.69,38
20251031,96875,0667_6879,2.56000000,49.00305556,119.66,38
20251031,122282,0668_6879,2.56416667,49.00305556,128.27,17
20251031,146699,0668_6879,2.56444444,49.00305556,135.07,17
20251031,167991,0668_6879,2.56472222,49.00305556,128.41,17
20251031,3440,0668_6879,2.56611111,49.00305556,136.15,999999999
20251031,168685,0670_6879,2.59111111,49.00305556,115.99,17
20251031,57004,0634_6879,2.11111111,49.00333333,67.10,38
20251031,87616,0656_6879,2.40916667,49.00333333,107.16,26
20251031,175562,0669_6879,2.58444444,49.00333333,119.36,17
20251031,173018,0670_6879,2.59055556,49.00333333,116.67,17
20251031,191847,0634_6879,2.10888889,49.00361111,60.87,17
20251031,77944,0645_6879,2.25611111,49.00361111,82.20,38
20251031,166236,0654_6879,2.37777778,49.00361111,83.36,38
20251031,165396,0669_6879,2.58527778,49.00361111,120.23,17
20251031,30774,0643_6879,2.23000000,49.00388889,104.99,17
20251031,176136,0645_6879,2.25638889,49.00388889,80.93,38
20251031,148654,0652_6879,2.34500000,49.00388889,131.35,26
20251031,97216,0652_6879,2.34583333,49.00388889,129.20,26
20251031,53381,0655_6879,2.38694444,49.00388889,129.29,38
20251031,177654,0667_6879,2.56000000,49.00388889,116.82,17
20251031,86271,0668_6879,2.56472222,49.00388889,128.66,17
20251031,18085,0668_6879,2.57083333,49.00388889,133.93,17
20251031,173017,0670_6879,2.59055556,49.00388889,116.91,17
20251031,168684,0670_6879,2.59111111,49.00388889,116.45,17
20251031,103839,0676_6879,2.67416667,49.00388889,118.55,23
20251031,181253,0633_6879,2.09055556,49.00416667,68.53,38
20251031,143059,0633_6879,2.09083333,49.00416667,65.73,17
20251031,86090,0667_6879,2.56111111,49.00416667,128.40,17
20251031,22641,0668_6879,2.56444444,49.00416667,128.32,17
20251031,157221,0669_6879,2.57694444,49.00416667,113.48,17
20251031,159256,0670_6879,2.60055556,49.00416667,108.36,17
20251031,159255,0670_6879,2.60305556,49.00416667,108.20,17
20251031,95994,0624_6879,1.97166667,49.00444444,54.07,23
20251031,137511,0633_6879,2.09055556,49.00444444,68.43,38
20251031,140931,0634_6879,2.10277778,49.00444444,74.03,38
20251031,168858,0641_6879,2.19722222,49.00444444,82.38,38
20251031,129873,0647_6879,2.27750000,49.00444444,96.79,26
20251031,107133,0669_6879,2.57694444,49.00444444,125.48,17
20251031,5099,0669_6879,2.58361111,49.00444444,110.53,17
20251031,152319,0669_6879,2.58444444,49.00444444,124.44,17
20251031,128306,0669_6879,2.58527778,49.00444444,128.56,17
20251031,115597,0645_6879,2.24833333,49.00472222,85.87,26
20251031,91804,0647_6879,2.27750000,49.00472222,91.15,17
20251031,150590,0667_6879,2.56194444,49.00472222,136.19,17
20251031,150589,0668_6879,2.56722222,49.00472222,136.61,17
20251031,172777,0670_6879,2.59000000,49.00472222,120.44,17
20251031,111058,0672_6879,2.62777778,49.00472222,117.44,23
20251031,12523,0638_6879,2.15583333,49.00500000,122.11,23
20251031,76994,0655_6879,2.38861111,49.00500000,126.69,38
20251031,151949,0655_6879,2.39500000,49.00500000,97.36,38
20251031,185386,0645_6879,2.24861111,49.00527778,84.36,26
20251031,55057,0657_6879,2.42055556,49.00527778,123.63,4
20251031,158847,0670_6879,2.60222222,49.00527778,114.77,17
20251031,51321,0619_6879,1.90194444,49.00555556,60.41,26
20251031,170649,0619_6879,1.90388889,49.00555556,38.69,38
20251031,154374,0620_6879,1.91472222,49.00555556,45.16,38
20251031,4836,0627_6879,2.01500000,49.00555556,143.32,19
20251031,123320,0661_6879,2.47611111,49.00555556,115.22,26
20251031,120334,0664_6879,2.51000000,49.00555556,114.07,38
20251031,163993,0668_6879,2.57388889,49.00555556,114.09,17
20251031,165395,0669_6879,2.58500000,49.00555556,120.68,17
20251031,171941,0670_6879,2.59027778,49.00555556,117.03,17
20251031,122876,0618_6880,1.88777778,49.00583333,129.81,26
20251031,126608,0619_6879,1.90222222,49.00583333,41.91,17
20251031,143679,0621_6879,1.92611111,49.00583333,51.14,26
20251031,89526,0656_6879,2.40000000,49.00583333,121.99,38
20251031,9893,0665_6879,2.52166667,49.00583333,137.57,38
20251031,162616,0669_6879,2.57944444,49.00583333,113.54,17
20251031,167592,0669_6879,2.58388889,49.00583333,119.36,17
20251031,7793,0669_6879,2.58472222,49.00583333,121.22,17
20251031,128182,0620_6880,1.91444444,49.00611111,64.91,23
20251031,97927,0620_6880,1.91527778,49.00611111,55.79,23
20251031,100353,0628_6879,2.01638889,49.00611111,135.08,17
20251031,112955,0666_6879,2.53666667,49.00611111,117.39,23
20251031,153289,0668_6879,2.57361111,49.00611111,114.27,17
20251031,148982,0668_6879,2.57527778,49.00611111,113.02,17
20251031,165394,0669_6879,2.58472222,49.00611111,121.55,17
20251031,168683,0670_6879,2.59083333,49.00611111,117.60,17
20251031,96398,0620_6880,1.90750000,49.00638889,48.32,32
20251031,79761,0624_6879,1.96305556,49.00638889,35.23,38
20251031,36210,0629_6879,2.03277778,49.00638889,118.27,26
20251031,177317,0642_6879,2.20861111,49.00638889,98.42,17
20251031,151150,0663_6879,2.50611111,49.00638889,129.43,26
20251031,153290,0668_6879,2.57361111,49.00638889,114.27,17
20251031,153292,0668_6879,2.57500000,49.00638889,114.12,17
20251031,153293,0668_6879,2.57527778,49.00638889,113.02,17
20251031,162610,0669_6879,2.57805556,49.00638889,114.12,17
20251031,162615,0669_6879,2.57944444,49.00638889,113.97,17
20251031,171940,0670_6879,2.59027778,49.00638889,117.48,17
20251031,98236,0629_6879,2.03194444,49.00666667,130.75,26
20251031,190741,0641_6879,2.19861111,49.00666667,81.62,17
20251031,152289,0660_6879,2.46416667,49.00666667,107.10,26
20251031,52329,0661_6879,2.47833333,49.00666667,112.62,23
20251031,109679,0666_6879,2.54888889,49.00666667,106.60,32
20251031,153291,0668_6879,2.57388889,49.00666667,114.53,17
20251031,162611,0669_6879,2.57805556,49.00666667,114.35,17
20251031,162614,0669_6879,2.57944444,49.00666667,114.06,17
20251031,167591,0669_6879,2.58388889,49.00666667,119.32,17
20251031,180953,0669_6879,2.58472222,49.00666667,121.45,17
20251031,4876,0631_6879,2.06027778,49.00694444,35.45,17
20251031,42717,0641_6879,2.19805556,49.00694444,87.62,23
20251031,14567,0652_6879,2.34944444,49.00694444,101.19,26
20251031,80935,0652_6879,2.35138889,49.00694444,101.20,23
20251031,50629,0660_6879,2.46416667,49.00694444,88.10,26
20251031,162612,0669_6879,2.57805556,49.00694444,114.35,17
20251031,162613,0669_6879,2.57916667,49.00694444,110.46,17
20251031,171939,0670_6879,2.59000000,49.00694444,118.11,17
20251031,168682,0670_6879,2.59055556,49.00694444,117.83,17
20251031,132487,0624_6880,1.96500000,49.00722222,80.58,38
20251031,126159,0641_6879,2.19805556,49.00722222,89.62,23
20251031,12861,0649_6879,2.31250000,49.00722222,212.43,23
20251031,52331,0650_6879,2.31777778,49.00722222,196.01,38
20251031,174688,0660_6879,2.46444444,49.00722222,95.56,26
20251031,52323,0664_6879,2.52027778,49.00722222,131.00,17
20251031,167590,0669_6879,2.58388889,49.00722222,119.32,17
20251031,147836,0633_6880,2.08638889,49.00750000,87.55,23
20251031,193231,0666_6879,2.53805556,49.00750000,137.05,17
20251031,128764,0668_6879,2.56277778,49.00750000,116.85,17
20251031,168119,0669_6879,2.58444444,49.00750000,128.19,17
20251031,180952,0669_6879,2.58472222,49.00750000,120.58,17
20251031,171938,0670_6879,2.59000000,49.00750000,118.43,17
20251031,140385,0632_6880,2.08055556,49.00777778,77.13,26
20251031,107225,0633_6880,2.08638889,49.00777778,77.95,23
20251031,163701,0663_6879,2.49861111,49.00777778,123.48,26
20251031,100218,0664_6879,2.52000000,49.00777778,108.84,17
20251031,97243,0668_6879,2.57055556,49.00777778,113.49,32
20251031,168681,0670_6879,2.59055556,49.00777778,117.99,17
20251031,128564,0676_6879,2.67527778,49.00777778,112.45,4
20251031,176453,0666_6879,2.54555556,49.00805556,138.94,17
20251031,31957,0666_6879,2.54611111,49.00805556,139.26,17
20251031,172134,0632_6880,2.08138889,49.00833333,84.49,23
20251031,94798,0676_6879,2.68055556,49.00833333,116.45,23
20251031,80595,0647_6879,2.28500000,49.00861111,95.65,20
20251031,100834,0667_6879,2.55444444,49.00861111,109.60,32
20251031,144889,0666_6879,2.54777778,49.00888889,132.44,38
20251031,82703,0668_6879,2.56305556,49.00888889,134.20,38
20251031,161010,0668_6879,2.56333333,49.00888889,147.51,38
20251031,182070,0636_6880,2.13333333,49.00916667,86.30,23
20251031,143075,0667_6879,2.55916667,49.00916667,127.22,17
20251031,58463,0668_6879,2.56333333,49.00916667,138.61,17
20251031,52252,0668_6879,2.56527778,49.00916667,133.06,17
20251031,52319,0644_6880,2.24138889,49.00944444,106.02,38
20251031,190672,0644_6880,2.24222222,49.00944444,99.14,38
20251031,97001,0656_6880,2.40222222,49.00944444,129.22,38
20251031,6830,0668_6879,2.56555556,49.00944444,130.45,17
20251031,148498,0668_6879,2.56916667,49.00944444,135.25,17
20251031,105261,0659_6880,2.44277778,49.00972222,109.60,23
20251031,136270,0666_6879,2.54777778,49.00972222,178.81,44
20251031,100771,0667_6879,2.56111111,49.00972222,113.85,32
20251031,111641,0668_6879,2.56555556,49.00972222,117.55,32
20251031,172282,0668_6879,2.56916667,49.00972222,137.25,17
20251031,96329,0668_6879,2.56972222,49.00972222,136.11,17
20251031,90701,0618_6880,1.88722222,49.01000000,125.79,23
20251031,31028,0618_6880,1.88777778,49.01000000,122.84,23
20251031,79398,0636_6880,2.13250000,49.01000000,83.73,23
20251031,93863,0659_6880,2.44250000,49.01000000,109.60,23
20251031,129801,0666_6879,2.54861111,49.01000000,154.56,17
20251031,182443,0668_6879,2.56638889,49.01000000,138.63,38
20251031,193535,0624_6880,1.97277778,49.01027778,145.92,23
20251031,124935,0667_6880,2.55777778,49.01027778,141.61,38
20251031,57286,0667_6880,2.56083333,49.01027778,142.75,17
20251031,110481,0628_6880,2.02222222,49.01055556,128.40,26
20251031,55121,0630_6880,2.04611111,49.01055556,95.06,17
20251031,51096,0642_6880,2.20777778,49.01055556,106.38,38
20251031,53384,0655_6880,2.39805556,49.01055556,107.80,23
20251031,64807,0669_6880,2.58555556,49.01055556,115.04,17
20251031,160036,0619_6880,1.89916667,49.01083333,47.43,17
20251031,182952,0652_6880,2.35166667,49.01083333,115.40,26
20251031,172119,0662_6880,2.49361111,49.01083333,135.09,26
20251031,107661,0638_6880,2.15972222,49.01111111,108.06,23
20251031,151359,0654_6880,2.38333333,49.01111111,139.24,26
20251031,39172,0665_6880,2.53444444,49.01111111,129.20,17
20251031,97179,0665_6880,2.53472222,49.01111111,121.20,17
20251031,148806,0641_6880,2.20666667,49.01138889,102.56,38
20251031,164457,0664_6880,2.50805556,49.01138889,139.15,17
20251031,180218,0684_6880,2.78194444,49.01138889,144.76,23
20251031,43820,0630_6880,2.04388889,49.01166667,97.96,23
20251031,99270,0632_6880,2.08000000,49.01166667,70.39,23
20251031,130543,0638_6880,2.16027778,49.01166667,106.10,23
20251031,7402,0642_6880,2.20777778,49.01166667,100.70,38
20251031,151750,0652_6880,2.35027778,49.01166667,108.51,26
20251031,83692,0626_6880,2.00194444,49.01194444,225.32,23
20251031,119192,0629_6880,2.03388889,49.01194444,107.78,17
20251031,33538,0630_6880,2.04444444,49.01194444,107.04,17
20251031,44774,0663_6880,2.49861111,49.01194444,133.95,17
20251031,109857,0669_6880,2.58666667,49.01194444,113.97,17
20251031,31485,0635_6880,2.12138889,49.01222222,76.28,26
20251031,6831,0664_6880,2.51750000,49.01222222,142.37,17
20251031,94434,0668_6880,2.57000000,49.01222222,111.43,32
20251031,84356,0633_6880,2.08777778,49.01250000,62.77,17
20251031,164243,0644_6880,2.23777778,49.01250000,90.97,38
20251031,33987,0648_6880,2.30138889,49.01250000,264.66,33
20251031,101396,0663_6880,2.50027778,49.01250000,129.71,17
20251031,106102,0665_6880,2.53250000,49.01250000,129.36,17
20251031,143304,0669_6880,2.58833333,49.01250000,126.07,26
20251031,159254,0670_6880,2.59055556,49.01250000,123.63,26
20251031,135102,0670_6880,2.59111111,49.01250000,121.05,23
20251031,101393,0666_6880,2.53916667,49.01305556,122.41,17
20251031,27121,0668_6880,2.57444444,49.01305556,119.98,17
20251031,187323,0633_6880,2.09111111,49.01333333,68.47,17
20251031,114882,0640_6880,2.19166667,49.01333333,90.97,20
20251031,92112,0643_6880,2.22305556,49.01333333,84.59,17
20251031,28988,0646_6880,2.27333333,49.01333333,136.87,20
20251031,159017,0665_6880,2.53111111,49.01333333,142.04,26
20251031,67918,0666_6880,2.54472222,49.01333333,124.40,38
20251031,137073,0630_6880,2.04416667,49.01361111,88.61,17
20251031,12729,0633_6880,2.08888889,49.01361111,84.81,38
20251031,154935,0665_6880,2.52166667,49.01361111,148.78,17
20251031,144653,0665_6880,2.53111111,49.01361111,137.66,26
20251031,163493,0666_6880,2.54277778,49.01361111,157.70,17
20251031,163492,0666_6880,2.54055556,49.01388889,162.66,17
20251031,3487,0666_6880,2.54166667,49.01388889,140.18,999999999
20251031,126087,0632_6880,2.07833333,49.01416667,59.28,23
20251031,99272,0644_6880,2.24416667,49.01416667,97.29,23
20251031,79204,0666_6880,2.54111111,49.01416667,149.76,17
20251031,87004,0666_6880,2.54277778,49.01416667,134.14,17
20251031,117705,0643_6880,2.22166667,49.01444444,86.13,17
20251031,187232,0666_6880,2.54166667,49.01444444,149.19,17
20251031,105237,0666_6880,2.54194444,49.01444444,163.99,17
20251031,152302,0629_6880,2.03444444,49.01472222,116.26,48
20251031,184322,0637_6880,2.14027778,49.01472222,105.05,34
20251031,154019,0642_6880,2.21666667,49.01472222,98.32,23
20251031,30813,0655_6880,2.38583333,49.01472222,159.48,23
20251031,131017,0659_6880,2.44805556,49.01472222,124.71,23
20251031,163491,0666_6880,2.54083333,49.01472222,151.36,17
20251031,92841,0666_6880,2.54166667,49.01472222,149.19,17
20251031,103268,0666_6880,2.54277778,49.01472222,136.75,17
20251031,143520,0666_6880,2.54166667,49.01500000,157.39,17
20251031,143540,0666_6880,2.54194444,49.01500000,136.96,17
20251031,163494,0666_6880,2.54250000,49.01500000,154.79,17
20251031,81409,0678_6880,2.70472222,49.01555556,124.01,4
20251031,136271,0665_6880,2.52833333,49.01583333,119.41,38
20251031,112680,0680_6880,2.72833333,49.01583333,120.35,23
20251031,6715,0632_6880,2.07500000,49.01611111,65.31,17
20251031,191301,0632_6880,2.07527778,49.01611111,78.32,17
20251031,192628,0642_6880,2.20805556,49.01611111,89.24,26
20251031,109886,0632_6881,2.07611111,49.01638889,76.62,38
20251031,141396,0654_6880,2.37916667,49.01638889,152.91,17
20251031,86860,0668_6880,2.57555556,49.01638889,116.64,17
20251031,4004,0641_6880,2.20222222,49.01666667,82.17,38
20251031,125892,0644_6880,2.24250000,49.01666667,95.26,38
20251031,126182,0666_6880,2.54166667,49.01666667,136.53,17
20251031,101610,0639_6880,2.17250000,49.01694444,91.97,23
20251031,168775,0622_6881,1.93416667,49.01722222,170.59,23
20251031,171041,0623_6881,1.95888889,49.01722222,165.20,23
20251031,180664,0640_6881,2.18416667,49.01722222,71.18,38
20251031,50615,0642_6881,2.21027778,49.01750000,85.98,38
20251031,86448,0654_6880,2.37833333,49.01750000,175.40,19
20251031,77942,0640_6881,2.18416667,49.01777778,81.25,38
20251031,42715,0652_6880,2.35111111,49.01777778,126.68,23
20251031,77947,0634_6881,2.09944444,49.01805556,77.96,38
20251031,52309,0640_6881,2.18555556,49.01805556,97.24,26
20251031,77945,0644_6881,2.24527778,49.01805556,123.69,20
20251031,132533,0669_6880,2.58638889,49.01805556,125.75,38
20251031,93669,0650_6881,2.32305556,49.01833333,223.67,17
20251031,62056,0659_6880,2.44305556,49.01833333,115.22,26
20251031,79376,0660_6880,2.46111111,49.01833333,108.24,38
20251031,191052,0632_6881,2.07250000,49.01861111,76.86,23
20251031,92402,0634_6881,2.10750000,49.01861111,83.02,17
20251031,98552,0652_6881,2.34944444,49.01861111,121.19,38
20251031,193728,0634_6881,2.10750000,49.01888889,85.72,38
20251031,131708,0644_6881,2.24388889,49.01888889,97.70,17
20251031,81452,0634_6881,2.10638889,49.01916667,83.63,38
20251031,168106,0660_6881,2.46666667,49.01916667,98.32,26
20251031,82952,0634_6881,2.10750000,49.01944444,86.06,38
20251031,165267,0638_6881,2.15361111,49.01944444,65.16,17
20251031,12101,0642_6881,2.21583333,49.01944444,110.27,38
20251031,70333,0624_6881,1.97333333,49.01972222,223.62,23
20251031,42725,0650_6881,2.31833333,49.01972222,198.37,26
20251031,45552,0682_6881,2.76138889,49.01972222,162.31,23
20251031,174848,0638_6881,2.16333333,49.02000000,59.11,17
20251031,188556,0653_6881,2.36416667,49.02000000,103.88,23
20251031,81157,0662_6881,2.48305556,49.02000000,111.49,23
20251031,162086,0670_6881,2.59527778,49.02027778,128.34,17
20251031,83020,0626_6881,1.99305556,49.02083333,223.58,23
20251031,187800,0630_6881,2.05138889,49.02083333,70.78,23
20251031,102219,0659_6881,2.44527778,49.02083333,120.41,26
20251031,124899,0627_6881,2.01416667,49.02111111,130.05,23
20251031,41213,0634_6881,2.10416667,49.02111111,80.45,38
20251031,93298,0662_6881,2.48666667,49.02111111,116.35,23
20251031,143107,0627_6881,2.01416667,49.02166667,142.05,23
20251031,99324,0634_6881,2.09833333,49.02166667,65.34,17
20251031,109868,0640_6881,2.18833333,49.02166667,80.33,17
20251031,100121,0643_6881,2.22277778,49.02166667,114.17,38
20251031,20154,0619_6881,1.90583333,49.02194444,115.13,23
20251031,6218,0640_6881,2.18666667,49.02194444,83.71,17
20251031,29277,0670_6881,2.59916667,49.02194444,133.63,17
20251031,173904,0635_6881,2.12083333,49.02222222,75.75,23
20251031,78968,0637_6881,2.14166667,49.02222222,91.84,23
20251031,19385,0637_6881,2.14805556,49.02222222,72.78,38
20251031,76307,0650_6881,2.32250000,49.02222222,198.84,48
20251031,133905,0637_6881,2.14138889,49.02250000,58.23,38
20251031,179675,0638_6881,2.15250000,49.02250000,53.02,38
20251031,81159,0650_6881,2.32277778,49.02277778,193.82,48
20251031,87904,0650_6881,2.32305556,49.02277778,200.60,48
20251031,56786,0629_6881,2.03055556,49.02305556,123.64,38
20251031,138811,0650_6881,2.32277778,49.02305556,198.82,48
20251031,52310,0628_6881,2.02777778,49.02333333,123.03,38
20251031,93036,0628_6881,2.02861111,49.02333333,119.34,38
20251031,20123,0643_6881,2.23250000,49.02333333,99.86,17
20251031,112689,0660_6881,2.46166667,49.02333333,98.24,17
20251031,169295,0635_6881,2.11638889,49.02361111,82.10,23
20251031,126053,0660_6881,2.46250000,49.02361111,110.25,23
20251031,100024,0670_6881,2.59666667,49.02361111,128.13,17
20251031,21762,0629_6881,2.03500000,49.02388889,80.01,26
20251031,169719,0651_6881,2.34166667,49.02416667,130.89,48
20251031,148021,0629_6881,2.03444444,49.02444444,81.58,23
20251031,191812,0641_6881,2.19361111,49.02444444,103.95,26
20251031,39171,0649_6881,2.30472222,49.02500000,146.90,48
20251031,135866,0637_6881,2.13916667,49.02527778,87.41,23
20251031,189491,0642_6881,2.20833333,49.02527778,99.84,48
20251031,96649,0650_6881,2.32583333,49.02527778,158.97,17
20251031,178345,0653_6881,2.35750000,49.02555556,97.10,23
20251031,111936,0625_6882,1.98055556,49.02611111,136.79,38
20251031,43916,0643_6881,2.22583333,49.02611111,116.68,38
20251031,79373,0647_6881,2.27916667,49.02611111,191.07,19
20251031,150236,0651_6881,2.34083333,49.02611111,144.92,26
20251031,128932,0660_6881,2.46416667,49.02611111,103.01,38
20251031,50624,0640_6882,2.19250000,49.02638889,90.48,23
20251031,5399,0660_6881,2.46500000,49.02638889,102.49,38
20251031,145088,0642_6882,2.21277778,49.02694444,96.22,38
20251031,50625,0642_6882,2.21666667,49.02694444,97.24,17
20251031,187809,0650_6882,2.32666667,49.02722222,155.87,17
20251031,162424,0631_6882,2.05805556,49.02750000,39.21,17
20251031,181136,0641_6882,2.19472222,49.02777778,100.21,26
20251031,149325,0620_6882,1.91861111,49.02805556,109.56,23
20251031,184486,0635_6882,2.12250000,49.02833333,77.35,48
20251031,8039,0630_6882,2.05055556,49.02888889,31.43,17
20251031,118449,0636_6882,2.12611111,49.02888889,76.28,26
20251031,104316,0634_6882,2.10138889,49.02916667,65.55,17
20251031,118971,0632_6882,2.08305556,49.02944444,58.09,38
20251031,83001,0634_6882,2.10194444,49.02944444,100.56,33
20251031,74561,0634_6882,2.10888889,49.02944444,70.99,26
20251031,57726,0663_6882,2.50694444,49.02944444,124.54,23
20251031,185180,0666_6882,2.53750000,49.02944444,135.00,23
20251031,17094,0685_6882,2.79861111,49.02944444,166.84,23
20251031,162573,0626_6882,1.99250000,49.02972222,152.98,26
20251031,182967,0634_6882,2.10388889,49.02972222,75.63,23
20251031,143312,0640_6882,2.18750000,49.02972222,94.90,23
20251031,140198,0668_6882,2.56750000,49.02972222,126.51,32
20251031,11617,0681_6882,2.75361111,49.02972222,249.87,33
20251031,192678,0628_6882,2.02083333,49.03000000,116.75,17
20251031,97999,0633_6882,2.09055556,49.03000000,52.04,23
20251031,156305,0651_6882,2.33722222,49.03000000,121.34,38
20251031,89380,0661_6882,2.47472222,49.03000000,125.69,4
20251031,52320,0642_6882,2.21722222,49.03027778,113.01,38
20251031,77943,0652_6882,2.34583333,49.03027778,116.13,38
20251031,162574,0660_6882,2.45305556,49.03027778,114.50,17
20251031,159809,0661_6882,2.47611111,49.03027778,132.39,4
20251031,155220,0632_6882,2.07166667,49.03055556,52.89,38
20251031,166817,0632_6882,2.07805556,49.03055556,59.99,17
20251031,109056,0633_6882,2.08972222,49.03055556,36.51,32
20251031,109057,0633_6882,2.09000000,49.03055556,37.74,12
20251031,110917,0677_6882,2.69555556,49.03055556,154.31,31
20251031,169641,0632_6882,2.07277778,49.03083333,51.61,17
20251031,166823,0632_6882,2.07861111,49.03083333,61.15,38
20251031,46205,0616_6882,1.86416667,49.03194444,85.63,26
20251031,50632,0627_6882,2.01361111,49.03194444,130.94,26
20251031,52052,0629_6882,2.03083333,49.03194444,83.28,48
20251031,96975,0632_6882,2.07833333,49.03194444,48.57,17
20251031,176951,0633_6882,2.08666667,49.03194444,57.56,38
20251031,68591,0633_6882,2.08777778,49.03194444,74.50,38
20251031,58928,0661_6882,2.47250000,49.03194444,106.90,17
20251031,15909,0653_6882,2.36222222,49.03222222,138.91,4
20251031,147829,0627_6882,2.01194444,49.03250000,135.67,23
20251031,167538,0655_6882,2.39611111,49.03277778,105.50,17
20251031,147330,0627_6882,2.01166667,49.03305556,135.79,23
20251031,136790,0627_6882,2.01361111,49.03305556,138.45,26
20251031,164447,0633_6882,2.09000000,49.03333333,79.37,38
20251031,177915,0659_6882,2.45083333,49.03388889,118.15,38
20251031,115971,0660_6882,2.45666667,49.03416667,118.34,17
20251031,100670,0661_6882,2.47083333,49.03416667,119.07,17
20251031,181975,0635_6882,2.12138889,49.03444444,78.24,23
20251031,79814,0660_6882,2.46111111,49.03444444,123.80,38
20251031,193464,0643_6882,2.22472222,49.03472222,180.46,23
20251031,111730,0651_6882,2.34305556,49.03472222,104.03,23
20251031,53407,0634_6883,2.10833333,49.03500000,73.96,38
20251031,56625,0660_6882,2.46333333,49.03527778,122.08,38
20251031,22807,0668_6882,2.56972222,49.03555556,150.84,26
20251031,106806,0632_6883,2.07916667,49.03583333,63.79,17
20251031,156955,0626_6883,1.98972222,49.03611111,133.22,48
20251031,170754,0649_6883,2.31416667,49.03611111,134.21,48
20251031,179604,0633_6883,2.08416667,49.03638889,72.03,38
20251031,60881,0626_6883,2.00111111,49.03666667,191.54,4
20251031,141622,0631_6883,2.06833333,49.03666667,67.41,38
20251031,98555,0632_6883,2.07583333,49.03694444,74.03,38
20251031,155203,0649_6883,2.31444444,49.03694444,145.78,48
20251031,18556,0632_6883,2.08138889,49.03722222,94.62,17
20251031,53649,0632_6883,2.08166667,49.03722222,95.99,38
20251031,164964,0632_6883,2.08083333,49.03750000,58.47,39
20251031,161374,0660_6883,2.45861111,49.03750000,146.61,38
20251031,10910,0664_6883,2.51555556,49.03750000,103.86,23
20251031,155552,0632_6883,2.07250000,49.03777778,65.03,38
20251031,164661,0633_6883,2.08527778,49.03777778,70.59,17
20251031,39443,0632_6883,2.08083333,49.03805556,60.63,38
20251031,175650,0632_6883,2.08027778,49.03833333,72.43,17
20251031,86964,0632_6883,2.08138889,49.03833333,72.35,17
20251031,162205,0631_6883,2.06777778,49.03861111,69.52,17
20251031,73024,0641_6883,2.20666667,49.03861111,115.12,26
20251031,7776,0632_6883,2.08194444,49.03888889,66.59,17
20251031,130307,0635_6883,2.12055556,49.03888889,64.66,17
20251031,107864,0652_6883,2.34861111,49.03888889,129.39,4
20251031,190857,0661_6883,2.46722222,49.03916667,113.47,38
20251031,150912,0635_6883,2.12416667,49.03944444,56.13,38
20251031,187049,0637_6883,2.14055556,49.03944444,80.76,23
20251031,17999,0666_6883,2.54194444,49.03944444,133.57,23
20251031,148341,0663_6883,2.50277778,49.04055556,104.69,38
20251031,7187,0629_6883,2.03111111,49.04111111,111.98,17
20251031,189815,0632_6883,2.07305556,49.04111111,72.47,17
20251031,123504,0632_6883,2.07916667,49.04111111,89.77,38
20251031,72494,0629_6883,2.03000000,49.04138889,120.12,38
20251031,29096,0631_6883,2.06611111,49.04138889,70.78,26
20251031,7819,0656_6883,2.40083333,49.04138889,101.54,42
20251031,44420,0622_6883,1.93416667,49.04166667,103.82,23
20251031,186221,0651_6883,2.33222222,49.04166667,128.26,23
20251031,161180,0634_6883,2.10222222,49.04194444,59.89,26
20251031,93331,0662_6883,2.49111111,49.04194444,128.88,23
20251031,171234,0634_6883,2.11000000,49.04222222,62.85,17
20251031,178381,0635_6883,2.11194444,49.04222222,82.78,38
20251031,141891,0641_6883,2.19861111,49.04277778,120.28,23
20251031,38278,0635_6883,2.11222222,49.04305556,92.11,38
20251031,155390,0634_6883,2.10055556,49.04333333,61.64,26
20251031,130417,0637_6883,2.14027778,49.04333333,72.30,26
20251031,160753,0632_6884,2.07222222,49.04361111,90.20,17
20251031,170675,0634_6884,2.10083333,49.04361111,55.64,26
20251031,93378,0641_6883,2.19750000,49.04361111,114.11,23
20251031,46860,0641_6883,2.20305556,49.04361111,122.81,26
20251031,172884,0628_6884,2.02694444,49.04388889,122.91,17
20251031,99519,0650_6883,2.32250000,49.04388889,125.53,26
20251031,96838,0631_6884,2.06916667,49.04416667,93.12,38
20251031,171313,0650_6883,2.32305556,49.04416667,132.65,23
20251031,33795,0629_6884,2.03722222,49.04444444,116.66,38
20251031,94938,0632_6884,2.08000000,49.04472222,84.02,26
20251031,181503,0663_6883,2.50527778,49.04472222,128.50,38
20251031,59337,0626_6884,1.98944444,49.04500000,150.49,23
20251031,10095,0632_6884,2.07388889,49.04500000,101.02,23
20251031,115732,0632_6884,2.08333333,49.04500000,77.31,26
20251031,166203,0637_6884,2.14611111,49.04500000,76.73,23
20251031,129472,0631_6884,2.06861111,49.04527778,71.54,39
20251031,55111,0663_6883,2.50361111,49.04527778,126.94,17
20251031,2606,0631_6884,2.06555556,49.04555556,94.08,38
20251031,75241,0659_6883,2.43944444,49.04555556,135.51,23
20251031,118736,0634_6884,2.09777778,49.04583333,41.52,17
20251031,126337,0641_6884,2.19722222,49.04583333,118.21,23
20251031,54322,0648_6884,2.29555556,49.04583333,159.45,38
20251031,104298,0633_6884,2.09555556,49.04611111,36.80,12
20251031,7492,0630_6884,2.05472222,49.04638889,111.35,26
20251031,52332,0633_6884,2.09222222,49.04638889,50.85,38
20251031,153402,0660_6884,2.46361111,49.04638889,122.70,23
20251031,39634,0675_6883,2.66583333,49.04638889,158.15,26
20251031,160159,0677_6883,2.69333333,49.04638889,173.43,23
20251031,129471,0627_6884,2.00944444,49.04666667,122.08,39
20251031,111691,0631_6884,2.06277778,49.04666667,77.96,12
20251031,146829,0640_6884,2.18805556,49.04666667,124.99,23
20251031,50528,0677_6884,2.69388889,49.04666667,179.23,23
20251031,91994,0628_6884,2.02500000,49.04694444,136.78,26
20251031,70031,0629_6884,2.03444444,49.04694444,124.32,38
20251031,145471,0630_6884,2.05111111,49.04694444,104.13,38
20251031,88884,0633_6884,2.09666667,49.04694444,59.42,23
20251031,57810,0663_6884,2.50555556,49.04694444,151.17,4
20251031,24884,0628_6884,2.02638889,49.04722222,137.89,26
20251031,103932,0630_6884,2.04833333,49.04722222,110.31,17
20251031,129717,0666_6884,2.54333333,49.04722222,142.89,23
20251031,173726,0629_6884,2.03888889,49.04750000,115.99,38
20251031,149968,0634_6884,2.10722222,49.04750000,49.16,17
20251031,167534,0632_6884,2.07555556,49.04777778,84.69,17
20251031,167535,0632_6884,2.07666667,49.04777778,79.96,17
20251031,139818,0630_6884,2.04333333,49.04805556,103.31,38
20251031,159094,0627_6884,2.01055556,49.04833333,138.14,38
20251031,89871,0631_6884,2.05777778,49.04861111,130.04,23
20251031,100955,0627_6884,2.01250000,49.04888889,140.91,38
20251031,72498,0627_6884,2.01444444,49.04916667,139.72,38
20251031,169640,0628_6884,2.02666667,49.04916667,124.13,17
20251031,23340,0659_6884,2.44611111,49.04916667,141.18,23
20251031,107311,0648_6884,2.30027778,49.04944444,136.40,26
20251031,102582,0627_6884,2.01388889,49.04972222,124.07,32
20251031,130648,0628_6884,2.02777778,49.04972222,127.02,38
20251031,126089,0629_6884,2.03527778,49.04972222,107.45,23
20251031,125199,0632_6884,2.07777778,49.04972222,111.38,38
20251031,189238,0633_6884,2.09055556,49.04972222,45.87,38
20251031,81569,0629_6884,2.03611111,49.05000000,115.26,38
20251031,58214,0629_6884,2.03694444,49.05000000,119.40,17
20251031,107779,0634_6884,2.10888889,49.05027778,51.98,26
20251031,86765,0651_6884,2.34111111,49.05027778,112.74,17
20251031,18502,0671_6884,2.61527778,49.05055556,156.55,23
20251031,106652,0628_6884,2.02333333,49.05083333,114.29,32
20251031,106656,0628_6884,2.01777778,49.05111111,117.70,32
20251031,89711,0636_6884,2.12555556,49.05111111,73.74,26
20251031,88062,0663_6884,2.49500000,49.05111111,137.95,23
20251031,169250,0627_6884,2.00694444,49.05138889,144.93,38
20251031,167537,0631_6884,2.06694444,49.05138889,118.89,4
20251031,188766,0632_6884,2.07111111,49.05138889,102.34,38
20251031,77976,0632_6884,2.08083333,49.05138889,85.03,38
20251031,147742,0636_6884,2.12555556,49.05138889,73.21,26
20251031,90592,0663_6884,2.49500000,49.05138889,147.95,23
20251031,37657,0631_6884,2.06694444,49.05166667,141.89,4
20251031,149651,0635_6884,2.11500000,49.05166667,48.47,17
20251031,59015,0656_6884,2.40833333,49.05166667,153.09,23
20251031,174847,0634_6884,2.10055556,49.05194444,76.16,17
20251031,167536,0629_6885,2.03444444,49.05222222,113.15,17
20251031,98832,0632_6885,2.08111111,49.05250000,73.38,23
20251031,89839,0636_6884,2.13222222,49.05250000,85.41,26
20251031,69987,0636_6884,2.13250000,49.05250000,93.41,26
20251031,43275,0677_6884,2.68750000,49.05277778,191.23,26
20251031,119782,0633_6885,2.09444444,49.05305556,94.86,38
20251031,191913,0627_6885,2.01472222,49.05333333,140.63,17
20251031,115067,0636_6885,2.13750000,49.05333333,72.20,17
20251031,83611,0639_6885,2.17250000,49.05388889,80.75,17
20251031,130927,0639_6885,2.17250000,49.05416667,98.99,26
20251031,82622,0676_6884,2.67861111,49.05416667,185.29,17
20251031,99325,0629_6885,2.03194444,49.05472222,118.77,17
20251031,119170,0629_6885,2.04083333,49.05500000,92.21,17
20251031,166476,0639_6885,2.17083333,49.05500000,95.53,23
20251031,192472,0667_6885,2.56055556,49.05527778,151.16,23
20251031,110269,0667_6885,2.56083333,49.05527778,138.86,23
20251031,104299,0679_6884,2.71583333,49.05527778,127.90,23
20251031,83912,0629_6885,2.03888889,49.05555556,104.24,23
20251031,57813,0641_6885,2.19861111,49.05555556,139.60,23
20251031,38672,0676_6885,2.67944444,49.05555556,202.52,23
20251031,155976,0621_6885,1.92527778,49.05611111,116.09,23
20251031,46087,0631_6885,2.06500000,49.05611111,105.75,38
20251031,132054,0639_6885,2.16583333,49.05611111,89.71,23
20251031,137897,0629_6885,2.03750000,49.05666667,118.06,23
20251031,146775,0630_6885,2.05166667,49.05666667,135.15,23
20251031,174301,0639_6885,2.16583333,49.05722222,79.35,38
20251031,51098,0628_6885,2.02500000,49.05777778,136.98,26
20251031,95622,0633_6885,2.09500000,49.05805556,100.60,17
20251031,114899,0637_6885,2.13944444,49.05833333,81.76,26
20251031,85530,0631_6885,2.06444444,49.05861111,77.06,17
20251031,163650,0633_6885,2.09388889,49.05861111,101.63,17
20251031,144080,0635_6885,2.12388889,49.05861111,51.76,26
20251031,7799,0630_6885,2.04361111,49.05888889,119.89,23
20251031,163108,0635_6885,2.12416667,49.05888889,56.02,26
20251031,178034,0652_6885,2.35361111,49.05916667,151.16,23
20251031,111836,0630_6885,2.04861111,49.06027778,88.94,38
20251031,37392,0633_6885,2.08888889,49.06027778,107.74,38
20251031,137918,0678_6885,2.70527778,49.06055556,145.31,23
20251031,193656,0666_6885,2.53722222,49.06083333,148.26,26
20251031,190119,0678_6885,2.70611111,49.06083333,143.13,23
20251031,162107,0640_6885,2.19027778,49.06111111,74.01,17
20251031,26970,0670_6885,2.60055556,49.06111111,160.20,4
20251031,99433,0633_6886,2.08861111,49.06194444,120.27,38
20251031,90345,0664_6885,2.51944444,49.06194444,139.99,26
20251031,96794,0650_6885,2.32361111,49.06250000,128.91,26
20251031,182183,0631_6886,2.06694444,49.06277778,52.66,38
20251031,113170,0633_6886,2.09083333,49.06277778,119.46,38
20251031,137879,0648_6885,2.29972222,49.06277778,129.83,20
20251031,64508,0675_6885,2.66416667,49.06277778,208.39,26
20251031,74560,0635_6886,2.11333333,49.06305556,135.49,23
20251031,159129,0650_6886,2.32416667,49.06305556,134.18,26
20251031,157231,0651_6886,2.33611111,49.06333333,157.38,26
20251031,174846,0633_6886,2.09666667,49.06361111,111.08,17
20251031,175178,0616_6886,1.86055556,49.06388889,188.92,23
20251031,82980,0633_6886,2.09666667,49.06388889,124.08,38
20251031,144644,0636_6886,2.13361111,49.06388889,57.35,48
20251031,46866,0643_6886,2.23333333,49.06416667,168.14,20
20251031,128814,0677_6885,2.69472222,49.06416667,128.53,17
20251031,178127,0683_6885,2.77777778,49.06416667,141.09,23
20251031,155917,0640_6886,2.18472222,49.06444444,40.56,17
20251031,76993,0644_6886,2.23472222,49.06444444,147.06,17
20251031,52311,0636_6886,2.13472222,49.06472222,59.00,48
20251031,160054,0665_6886,2.52694444,49.06527778,156.84,23
20251031,176954,0668_6886,2.56416667,49.06527778,147.91,48
20251031,108503,0636_6886,2.13527778,49.06555556,59.14,48
20251031,113122,0624_6886,1.96666667,49.06583333,130.19,4
20251031,8960,0644_6886,2.23888889,49.06583333,128.72,17
20251031,104293,0650_6886,2.32166667,49.06583333,127.92,23
20251031,50616,0640_6886,2.18027778,49.06666667,58.78,26
20251031,50631,0638_6886,2.15972222,49.06722222,53.09,48
20251031,97522,0629_6886,2.03916667,49.06750000,64.58,48
20251031,57005,0638_6886,2.16000000,49.06750000,56.09,48
20251031,96953,0638_6886,2.16055556,49.06777778,56.79,48
20251031,154078,0660_6886,2.45333333,49.06805556,198.45,26
20251031,13855,0634_6886,2.10861111,49.06861111,119.24,23
20251031,188637,0650_6886,2.32722222,49.06972222,157.58,23
20251031,97968,0633_6886,2.09277778,49.07000000,106.39,17
20251031,134722,0642_6886,2.21972222,49.07000000,128.31,26
20251031,174622,0642_6886,2.21944444,49.07027778,122.61,26
20251031,191794,0670_6886,2.59944444,49.07027778,146.97,23
20251031,107454,0650_6886,2.32222222,49.07055556,145.68,38
20251031,176793,0633_6887,2.08972222,49.07111111,100.83,17
20251031,148929,0632_6887,2.07916667,49.07138889,106.86,17
20251031,189301,0632_6887,2.07944444,49.07166667,125.66,26
20251031,96400,0629_6887,2.03361111,49.07194444,55.55,32
20251031,47007,0632_6887,2.07111111,49.07305556,126.20,26
20251031,104639,0632_6887,2.07138889,49.07333333,125.38,26
20251031,66317,0652_6887,2.34333333,49.07361111,158.08,31
20251031,42719,0632_6887,2.07888889,49.07416667,115.38,26
20251031,139361,0649_6887,2.30361111,49.07416667,215.08,48
20251031,170919,0629_6887,2.03166667,49.07444444,78.46,23
20251031,161683,0663_6887,2.49611111,49.07444444,163.01,17
20251031,87213,0641_6887,2.20583333,49.07583333,61.30,26
20251031,192521,0652_6887,2.34777778,49.07583333,163.54,26
20251031,100214,0652_6887,2.34361111,49.07611111,148.30,23
20251031,174438,0663_6887,2.50527778,49.07611111,176.62,23
20251031,50617,0624_6887,1.96777778,49.07694444,122.59,17
20251031,97982,0641_6887,2.20500000,49.07694444,68.22,23
20251031,83765,0632_6887,2.07861111,49.07750000,105.95,17
20251031,126338,0641_6887,2.20527778,49.07777778,68.87,23
20251031,112677,0685_6887,2.79777778,49.07777778,131.51,26
20251031,110600,0628_6887,2.01666667,49.07805556,77.25,48
20251031,165747,0659_6887,2.44027778,49.07861111,158.32,23
20251031,59569,0641_6887,2.20194444,49.07916667,64.45,23
20251031,34415,0672_6887,2.61722222,49.07972222,168.24,23
20251031,149046,0627_6888,2.00638889,49.08000000,71.60,48
20251031,165702,0634_6888,2.10777778,49.08083333,141.43,4
20251031,38197,0676_6887,2.68277778,49.08222222,152.27,26
20251031,66148,0629_6888,2.03916667,49.08361111,120.61,4
20251031,136853,0650_6888,2.32138889,49.08388889,160.77,23
20251031,36473,0673_6888,2.63500000,49.08444444,153.21,23
20251031,134527,0673_6888,2.64333333,49.08472222,142.61,23
20251031,32089,0667_6888,2.54972222,49.08583333,207.14,23
20251031,94611,0673_6888,2.63972222,49.08583333,145.84,23
20251031,104301,0665_6888,2.52388889,49.08777778,142.36,23
20251031,32025,0620_6889,1.91805556,49.08833333,174.58,4
20251031,163702,0667_6888,2.55638889,49.08916667,162.29,38
20251031,23389,0648_6889,2.28861111,49.09000000,163.67,42
20251031,99021,0653_6889,2.35722222,49.09027778,151.16,23
20251031,119687,0657_6888,2.41472222,49.09027778,143.23,26
20251031,27608,0663_6889,2.49694444,49.09111111,148.37,23
20251031,107508,0669_6889,2.57916667,49.09194444,248.22,33
20251031,172988,0669_6889,2.57944444,49.09305556,205.76,4
20251031,46857,0666_6889,2.54277778,49.09333333,194.11,4
20251031,10280,0642_6889,2.21388889,49.09444444,82.51,26
20251031,105025,0682_6889,2.75472222,49.09444444,137.80,38
20251031,65471,0640_6889,2.18833333,49.09555556,96.46,23
20251031,110078,0665_6889,2.52611111,49.09583333,150.53,23
20251031,99019,0681_6889,2.74416667,49.09638889,132.92,23
20251031,152007,0649_6889,2.31055556,49.09694444,125.97,26
20251031,70089,0682_6889,2.75472222,49.09750000,143.71,23
20251031,39534,0667_6889,2.55888889,49.09888889,141.56,17
20251031,109512,0665_6889,2.53083333,49.09916667,161.34,26
20251031,150465,0624_6890,1.97083333,49.09944444,75.27,23
20251031,76991,0664_6889,2.51388889,49.09944444,146.82,17
20251031,5207,0664_6889,2.51638889,49.09944444,141.73,38
20251031,169926,0652_6890,2.34388889,49.10027778,180.49,23
20251031,156647,0664_6890,2.51638889,49.10027778,143.85,38
20251031,30340,0624_6890,1.96305556,49.10083333,110.05,4
20251031,115899,0636_6890,2.13555556,49.10111111,145.81,31
20251031,13236,0646_6890,2.27138889,49.10111111,119.92,23
20251031,19018,0657_6890,2.41222222,49.10166667,162.70,23
20251031,126054,0665_6890,2.52527778,49.10194444,142.86,23
20251031,161440,0684_6890,2.79388889,49.10250000,150.68,23
20251031,57919,0670_6890,2.59166667,49.10305556,139.32,26
20251031,29105,0677_6890,2.69027778,49.10444444,135.56,23
20251031,37334,0653_6890,2.36250000,49.10472222,188.19,23
20251031,122317,0636_6891,2.12777778,49.10972222,133.03,26
20251031,112000,0647_6891,2.27750000,49.11000000,112.90,23
20251031,34802,0647_6891,2.27750000,49.11055556,111.73,23
20251031,43097,0680_6891,2.72750000,49.11166667,161.85,23
20251031,88065,0642_6891,2.21777778,49.11222222,44.96,17
20251031,152417,0657_6891,2.42250000,49.11277778,89.14,38
20251031,15843,0641_6891,2.20055556,49.11305556,148.23,23
20251031,3344,0641_6891,2.19861111,49.11333333,114.28,999999999
20251031,16663,0643_6891,2.22944444,49.11388889,46.75,17
20251031,122016,0653_6891,2.36444444,49.11388889,143.23,23
20251031,50626,0656_6891,2.39972222,49.11416667,141.07,26
20251031,5232,0683_6891,2.76972222,49.11472222,123.76,17
20251031,52321,0642_6891,2.21805556,49.11527778,51.07,38
20251031,113883,0642_6891,2.21777778,49.11555556,52.04,17
20251031,150849,0642_6891,2.21861111,49.11555556,51.38,38
20251031,102784,0653_6891,2.36666667,49.11583333,145.04,23
20251031,57523,0673_6891,2.63916667,49.11694444,130.73,23
20251031,130390,0657_6892,2.42055556,49.11750000,100.82,26
20251031,97355,0654_6892,2.37138889,49.11805556,145.61,23
20251031,149488,0656_6892,2.40888889,49.11805556,105.50,48
20251031,184199,0655_6892,2.38916667,49.11861111,117.45,23
20251031,164539,0656_6892,2.40277778,49.11861111,106.94,48
20251031,3786,0656_6892,2.39888889,49.11888889,108.45,42
20251031,149801,0643_6892,2.22583333,49.12083333,47.45,38
20251031,184097,0643_6892,2.22611111,49.12166667,43.70,38
20251031,150466,0623_6892,1.94972222,49.12277778,77.29,12
20251031,152696,0648_6892,2.28916667,49.12333333,74.64,23
20251031,30429,0627_6893,2.00111111,49.12444444,206.73,4
20251031,127639,0659_6892,2.44083333,49.12472222,145.32,23
20251031,191218,0642_6892,2.21611111,49.12500000,51.04,23
20251031,189790,0644_6893,2.24333333,49.12555556,65.04,48
20251031,79375,0653_6892,2.36944444,49.12555556,94.90,20
20251031,156365,0642_6893,2.21472222,49.12583333,57.69,23
20251031,97014,0644_6893,2.24583333,49.12583333,42.03,17
20251031,187844,0644_6893,2.24277778,49.12611111,64.91,48
20251031,30335,0649_6893,2.30138889,49.12611111,163.03,23
20251031,154900,0638_6893,2.16416667,49.12694444,108.20,23
20251031,60177,0622_6893,1.94305556,49.12750000,119.04,4
20251031,3345,0644_6893,2.23500000,49.12777778,36.00,999999999
20251031,131167,0677_6893,2.68722222,49.12805556,122.20,23
20251031,108606,0649_6893,2.30361111,49.12833333,173.49,23
20251031,37326,0639_6893,2.16944444,49.12861111,54.41,17
20251031,29088,0664_6893,2.50861111,49.12888889,125.88,4
20251031,12269,0667_6893,2.55833333,49.12888889,117.46,23
20251031,121879,0680_6893,2.73222222,49.12916667,149.36,23
20251031,50630,0645_6893,2.25388889,49.12944444,69.96,48
20251031,47586,0668_6893,2.57083333,49.12972222,82.73,26
20251031,76189,0639_6893,2.16611111,49.13000000,55.42,17
20251031,177110,0631_6893,2.05694444,49.13027778,196.85,26
20251031,59237,0637_6893,2.14916667,49.13166667,122.35,23
20251031,142616,0658_6893,2.43472222,49.13194444,69.43,17
20251031,77948,0646_6893,2.27194444,49.13222222,54.63,20
20251031,133225,0668_6893,2.56805556,49.13250000,102.90,23
20251031,70291,0680_6893,2.73916667,49.13277778,140.90,4
20251031,190740,0644_6893,2.24194444,49.13361111,55.79,48
20251031,24266,0644_6893,2.24250000,49.13361111,53.29,48
20251031,149592,0647_6893,2.27444444,49.13416667,66.43,23
20251031,130098,0663_6893,2.49444444,49.13472222,114.56,23
20251031,56005,0668_6893,2.57111111,49.13472222,113.86,17
20251031,115962,0668_6893,2.57138889,49.13583333,100.88,48
20251031,7742,0661_6894,2.46750000,49.13611111,96.82,26
20251031,118951,0668_6894,2.57194444,49.13638889,108.18,48
20251031,26211,0652_6894,2.35500000,49.13666667,66.73,23
20251031,76316,0685_6894,2.79666667,49.13666667,122.02,23
20251031,3346,0648_6894,2.30111111,49.13722222,132.50,999999999
20251031,164938,0619_6894,1.89722222,49.13805556,139.27,23
20251031,126055,0662_6894,2.49027778,49.13833333,109.87,23
20251031,147739,0647_6894,2.27472222,49.14027778,52.80,26
20251031,122315,0648_6894,2.29138889,49.14027778,84.32,38
20251031,124601,0644_6894,2.24194444,49.14083333,47.59,17
20251031,46282,0670_6894,2.60138889,49.14083333,84.70,38
20251031,20106,0684_6894,2.79166667,49.14083333,167.56,31
20251031,5746,0647_6894,2.27583333,49.14111111,51.93,23
20251031,193631,0645_6894,2.24972222,49.14138889,54.11,23
20251031,184585,0649_6894,2.30638889,49.14194444,90.44,48
20251031,57960,0645_6894,2.25805556,49.14277778,87.22,23
20251031,54630,0675_6894,2.67055556,49.14305556,149.31,26
20251031,93332,0685_6894,2.79472222,49.14388889,136.08,23
20251031,82232,0681_6894,2.74388889,49.14416667,151.67,23
20251031,111945,0648_6895,2.29138889,49.14472222,73.13,17
20251031,72141,0625_6895,1.97555556,49.14611111,132.66,23
20251031,101910,0646_6895,2.26777778,49.14694444,71.50,17
20251031,5591,0647_6895,2.28000000,49.14722222,49.54,23
20251031,112691,0647_6895,2.27833333,49.14750000,40.38,17
20251031,7087,0656_6895,2.41000000,49.14750000,67.16,4
20251031,3347,0649_6895,2.31027778,49.14833333,38.35,999999999
20251031,91147,0646_6895,2.27111111,49.14861111,62.91,17
20251031,126341,0647_6895,2.28305556,49.14944444,62.50,23
20251031,158584,0647_6895,2.27888889,49.14972222,43.21,17
20251031,34953,0667_6895,2.55000000,49.14972222,94.62,4
20251031,50620,0635_6895,2.11388889,49.15027778,86.57,23
20251031,99334,0658_6895,2.42972222,49.15055556,60.34,26
20251031,15141,0658_6895,2.43000000,49.15111111,61.17,26
20251031,162544,0647_6895,2.27416667,49.15222222,49.37,17
20251031,180422,0665_6895,2.52333333,49.15250000,96.11,23
20251031,156239,0632_6896,2.07166667,49.15277778,105.45,17
20251031,101005,0648_6896,2.29861111,49.15305556,39.50,23
20251031,104296,0649_6896,2.30388889,49.15388889,57.64,23
20251031,3348,0650_6896,2.32416667,49.15388889,39.19,999999999
20251031,178974,0618_6896,1.88305556,49.15444444,141.58,23
20251031,38663,0622_6896,1.93194444,49.15444444,131.12,4
20251031,182458,0647_6896,2.28611111,49.15472222,55.18,26
20251031,162405,0648_6896,2.29166667,49.15527778,58.83,26
20251031,106157,0669_6896,2.58861111,49.15638889,81.73,23
20251031,13681,0650_6896,2.32277778,49.15694444,62.53,4
20251031,46305,0644_6896,2.23805556,49.15805556,104.16,23
20251031,145952,0659_6896,2.45000000,49.15916667,89.10,23
20251031,22601,0681_6896,2.75222222,49.15916667,118.23,23
20251031,123016,0648_6896,2.29722222,49.16055556,47.21,38
20251031,99023,0646_6896,2.26138889,49.16083333,63.61,23
20251031,189695,0645_6896,2.24861111,49.16111111,54.32,38
20251031,162009,0645_6896,2.24750000,49.16138889,55.08,17
20251031,92881,0653_6896,2.35888889,49.16194444,48.78,23
20251031,3650,0653_6897,2.35888889,49.16250000,38.76,999999999
20251031,51520,0647_6897,2.28194444,49.16444444,68.12,26
20251031,73594,0644_6897,2.23388889,49.16472222,82.39,23
20251031,9283,0654_6897,2.37055556,49.16583333,68.58,23
20251031,158882,0636_6897,2.13222222,49.16611111,131.05,23
20251031,100607,0647_6897,2.27888889,49.16611111,73.18,31
20251031,150467,0622_6897,1.93666667,49.16638889,84.98,23
20251031,63778,0641_6897,2.19527778,49.16944444,221.84,23
20251031,119534,0641_6897,2.19638889,49.16944444,214.48,26
20251031,179271,0656_6897,2.40750000,49.16972222,77.02,23
20251031,45328,0667_6897,2.55944444,49.17083333,78.46,26
20251031,50285,0645_6898,2.25000000,49.17138889,83.63,38
20251031,29502,0630_6898,2.04083333,49.17166667,198.54,4
20251031,45453,0674_6897,2.65527778,49.17166667,96.98,26
20251031,8692,0645_6898,2.24777778,49.17194444,103.10,4
20251031,97523,0660_6898,2.46500000,49.17277778,84.83,26
20251031,97928,0643_6898,2.22805556,49.17500000,66.72,26
20251031,130456,0657_6898,2.41916667,49.17500000,83.52,48
20251031,181427,0660_6898,2.46361111,49.17555556,92.27,26
20251031,126339,0643_6898,2.22583333,49.17666667,75.51,23
20251031,170328,0675_6898,2.66194444,49.17861111,99.04,23
20251031,108040,0654_6898,2.36944444,49.17972222,75.06,23
20251031,150524,0656_6899,2.40444444,49.18055556,75.06,48
20251031,46308,0660_6899,2.46194444,49.18277778,95.50,38
20251031,126152,0660_6899,2.46194444,49.18333333,99.26,38
20251031,127700,0660_6899,2.46138889,49.18416667,96.48,38
20251031,50032,0681_6899,2.75138889,49.18416667,141.01,23
20251031,30156,0658_6899,2.42694444,49.18444444,110.11,17
20251031,25828,0635_6899,2.11472222,49.18527778,140.03,23
20251031,25113,0648_6899,2.29305556,49.18694444,123.79,26
20251031,119785,0660_6899,2.45916667,49.18694444,81.25,23
20251031,75337,0643_6899,2.22222222,49.18805556,59.77,38
20251031,117520,0661_6899,2.47444444,49.18888889,78.14,17
20251031,80528,0683_6899,2.77611111,49.18972222,171.63,42
20251031,113955,0659_6900,2.44527778,49.19111111,70.62,38
20251031,3697,0683_6900,2.77750000,49.19111111,170.30,23
20251031,12171,0660_6900,2.46444444,49.19138889,85.24,38
20251031,136118,0657_6900,2.41611111,49.19194444,47.39,38
20251031,131161,0659_6900,2.44638889,49.19194444,69.97,17
20251031,86752,0659_6900,2.44666667,49.19194444,55.91,17
20251031,136446,0642_6900,2.20694444,49.19222222,85.08,23
20251031,185249,0642_6900,2.20861111,49.19305556,84.84,23
20251031,172989,0662_6900,2.48000000,49.19333333,63.49,42
20251031,23976,0662_6900,2.47916667,49.19361111,78.89,19
20251031,53469,0662_6900,2.48555556,49.19361111,59.47,19
20251031,90275,0682_6900,2.75333333,49.19583333,167.70,23
20251031,88609,0627_6901,2.00583333,49.19611111,196.37,4
20251031,111832,0668_6900,2.56777778,49.19805556,71.82,38
20251031,47978,0668_6900,2.57083333,49.19861111,69.02,38
20251031,109711,0644_6901,2.23194444,49.19888889,116.13,26
20251031,171330,0625_6901,1.97388889,49.20027778,184.62,23
20251031,173184,0621_6901,1.92722222,49.20083333,155.22,23
20251031,150461,0621_6901,1.92111111,49.20250000,133.41,23
20251031,192526,0621_6901,1.92138889,49.20277778,148.24,23
20251031,7211,0660_6901,2.45777778,49.20277778,96.14,23
20251031,100832,0660_6901,2.45777778,49.20305556,91.83,23
20251031,126342,0654_6901,2.37750000,49.20333333,54.58,23
20251031,46288,0654_6901,2.37972222,49.20361111,51.48,26
20251031,9724,0655_6901,2.38277778,49.20388889,79.22,31
20251031,46617,0663_6901,2.49694444,49.20444444,82.82,17
20251031,77046,0639_6901,2.16750000,49.20472222,152.89,23
20251031,125182,0664_6901,2.51777778,49.20472222,85.88,26
20251031,120903,0668_6901,2.56861111,49.20472222,87.12,38
20251031,21081,0670_6901,2.59555556,49.20555556,121.81,31
20251031,34011,0682_6901,2.75388889,49.20583333,158.96,23
20251031,135483,0670_6901,2.59500000,49.20611111,89.35,38
20251031,54809,0665_6901,2.52055556,49.20694444,85.69,26
20251031,77040,0669_6901,2.57777778,49.20694444,96.55,23
20251031,192784,0677_6901,2.69555556,49.20805556,144.68,26
20251031,46311,0653_6902,2.36277778,49.20833333,114.67,23
20251031,71501,0671_6902,2.61138889,49.20833333,124.56,23
20251031,95922,0642_6902,2.20416667,49.20861111,140.90,4
20251031,174914,0672_6902,2.62000000,49.20861111,95.96,17
20251031,1616,0670_6902,2.59944444,49.20916667,107.99,38
20251031,84491,0668_6902,2.57388889,49.20944444,96.60,23
20251031,141309,0620_6902,1.91194444,49.20972222,135.76,17
20251031,90261,0656_6902,2.40694444,49.20972222,52.78,23
20251031,130777,0682_6902,2.75416667,49.20972222,137.01,23
20251031,138883,0631_6902,2.05777778,49.21055556,120.45,23
20251031,96517,0640_6902,2.18361111,49.21055556,91.23,23
20251031,127510,0639_6902,2.17083333,49.21250000,91.16,23
20251031,104294,0639_6902,2.17111111,49.21250000,96.56,23
20251031,6619,0659_6902,2.44555556,49.21250000,63.64,17
20251031,50287,0671_6902,2.60555556,49.21277778,97.91,26
20251031,104105,0635_6902,2.11833333,49.21416667,115.78,48
20251031,141310,0620_6903,1.90694444,49.21583333,123.94,17
20251031,56640,0658_6903,2.43638889,49.21666667,87.53,23
20251031,5234,0671_6903,2.60500000,49.21750000,88.33,17
20251031,116953,0637_6903,2.14055556,49.21833333,95.00,17
20251031,30345,0648_6903,2.28944444,49.21833333,171.54,23
20251031,5186,0659_6903,2.44916667,49.21833333,66.24,17
20251031,138147,0652_6903,2.34916667,49.21861111,135.48,26
20251031,50286,0636_6903,2.12972222,49.21916667,123.86,26
20251031,81581,0626_6903,1.98694444,49.21944444,151.52,4
20251031,125961,0670_6903,2.59527778,49.21944444,99.78,26
20251031,88537,0657_6903,2.41944444,49.22027778,70.62,17
20251031,104680,0659_6903,2.44500000,49.22055556,80.03,26
20251031,46289,0655_6903,2.38805556,49.22083333,108.29,26
20251031,145940,0655_6903,2.38833333,49.22083333,122.95,26
20251031,150462,0620_6903,1.90555556,49.22166667,153.97,23
20251031,5255,0685_6903,2.80777778,49.22194444,116.26,26
20251031,2996,0644_6903,2.23166667,49.22361111,126.69,23
